INSERT [dbo].[Sys_UserLogOn] ([F_Id], [F_UserId], [F_UserPassword], [F_UserSecretkey], [F_AllowStartTime], [F_AllowEndTime], [F_LockStartDate], [F_LockEndDate], [F_FirstVisitTime], [F_PreviousVisitTime], [F_LastVisitTime], [F_ChangePasswordDate], [F_MultiUserLogin], [F_LogOnCount], [F_UserOnLine], [F_Question], [F_AnswerQuestion], [F_CheckIPAddress], [F_Language], [F_Theme]) VALUES (N'9f2ec079-7d0f-4fe2-90ab-8b09a8302aba', N'9f2ec079-7d0f-4fe2-90ab-8b09a8302aba', N'44c35ab35cb0603e90d168642ca51fb6', N'57d3031d6fc4a34d', NULL, NULL, NULL, NULL, NULL, CAST(0x0000A7AE01208D24 AS DateTime), CAST(0x0000A7AE0127C403 AS DateTime), NULL, NULL, 118, NULL, NULL, NULL, NULL, NULL, NULL)
INSERT [dbo].[Sys_User] ([F_Id], [F_Account], [F_RealName], [F_NickName], [F_HeadIcon], [F_Gender], [F_Birthday], [F_MobilePhone], [F_Email], [F_WeChat], [F_ManagerId], [F_SecurityLevel], [F_Signature], [F_OrganizeId], [F_DepartmentId], [F_RoleId], [F_DutyId], [F_IsAdministrator], [F_SortCode], [F_DeleteMark], [F_EnabledMark], [F_Description], [F_CreatorTime], [F_CreatorUserId], [F_LastModifyTime], [F_LastModifyUserId], [F_DeleteTime], [F_DeleteUserId]) VALUES (N'9f2ec079-7d0f-4fe2-90ab-8b09a8302aba', N'admin', N'超级管理员', N'超级管理员', NULL, 1, NULL, N'13600000000', NULL, NULL, NULL, NULL, NULL, N'5AB270C0-5D33-4203-A54F-4552699FDA3C', N'554C61CE-6AE0-44EB-B33D-A462BE7EB3E1', NULL, NULL, 0, NULL, 0, 1, N'系统内置账户', CAST(0x0000A64900000000 AS DateTime), NULL, NULL, NULL, NULL, NULL)
GO
INSERT [dbo].[Sys_RoleAuthorize] ([F_Id], [F_ItemType], [F_ItemId], [F_ObjectType], [F_ObjectId], [F_SortCode], [F_CreatorTime], [F_CreatorUserId]) VALUES (N'ec617a32-9bc3-4f1a-8876-f50e9d45b587', 1, N'ACDBD633-99A0-4BEF-B67C-3A5B41E7C1FD', 1, N'F0A2B36F-35A7-4660-B46C-D4AB796591EB', NULL, NULL, NULL)
INSERT [dbo].[Sys_RoleAuthorize] ([F_Id], [F_ItemType], [F_ItemId], [F_ObjectType], [F_ObjectId], [F_SortCode], [F_CreatorTime], [F_CreatorUserId]) VALUES (N'f82b1383-4d85-455e-bb9d-bb8d424d51c3', 1, N'7858E329-16FC-49F4-93A1-11E2E7EF2998', 1, N'F0A2B36F-35A7-4660-B46C-D4AB796591EB', NULL, NULL, NULL)
INSERT [dbo].[Sys_RoleAuthorize] ([F_Id], [F_ItemType], [F_ItemId], [F_ObjectType], [F_ObjectId], [F_SortCode], [F_CreatorTime], [F_CreatorUserId]) VALUES (N'fbb17764-f5a0-4e4b-b08e-41227d160b23', 1, N'462027E0-0848-41DD-BCC3-025DCAE65555', 1, N'F0A2B36F-35A7-4660-B46C-D4AB796591EB', NULL, NULL, NULL)
INSERT [dbo].[Sys_RoleAuthorize] ([F_Id], [F_ItemType], [F_ItemId], [F_ObjectType], [F_ObjectId], [F_SortCode], [F_CreatorTime], [F_CreatorUserId]) VALUES (N'04d23b62-8401-4e50-8279-aaeb66377daa', 2, N'FD3D073C-4F88-467A-AE3B-CDD060952CE6', 1, N'531F7D18-C49F-4F4F-A920-0074FCB52078', NULL, NULL, NULL)
INSERT [dbo].[Sys_RoleAuthorize] ([F_Id], [F_ItemType], [F_ItemId], [F_ObjectType], [F_ObjectId], [F_SortCode], [F_CreatorTime], [F_CreatorUserId]) VALUES (N'0f7b0b1b-d925-45d5-adf9-55044a7f4c19', 2, N'5d708d9d-6ebe-40ea-8589-e3efce9e74ec', 1, N'531F7D18-C49F-4F4F-A920-0074FCB52078', NULL, NULL, NULL)
INSERT [dbo].[Sys_RoleAuthorize] ([F_Id], [F_ItemType], [F_ItemId], [F_ObjectType], [F_ObjectId], [F_SortCode], [F_CreatorTime], [F_CreatorUserId]) VALUES (N'1afefe4f-c76d-488b-b165-e797b017c216', 2, N'e75e4efc-d461-4334-a764-56992fec38e6', 1, N'531F7D18-C49F-4F4F-A920-0074FCB52078', NULL, NULL, NULL)
INSERT [dbo].[Sys_RoleAuthorize] ([F_Id], [F_ItemType], [F_ItemId], [F_ObjectType], [F_ObjectId], [F_SortCode], [F_CreatorTime], [F_CreatorUserId]) VALUES (N'22ddf57d-739d-4da0-b2a7-752459f110a6', 2, N'8a9993af-69b2-4d8a-85b3-337745a1f428', 1, N'531F7D18-C49F-4F4F-A920-0074FCB52078', NULL, NULL, NULL)
INSERT [dbo].[Sys_RoleAuthorize] ([F_Id], [F_ItemType], [F_ItemId], [F_ObjectType], [F_ObjectId], [F_SortCode], [F_CreatorTime], [F_CreatorUserId]) VALUES (N'244823d7-6b36-4cf9-b63d-c749e91061ae', 2, N'48afe7b3-e158-4256-b50c-cd0ee7c6dcc9', 1, N'531F7D18-C49F-4F4F-A920-0074FCB52078', NULL, NULL, NULL)
INSERT [dbo].[Sys_RoleAuthorize] ([F_Id], [F_ItemType], [F_ItemId], [F_ObjectType], [F_ObjectId], [F_SortCode], [F_CreatorTime], [F_CreatorUserId]) VALUES (N'250a92b7-a549-4a35-b007-82f90dcf5622', 2, N'104bcc01-0cfd-433f-87f4-29a8a3efb313', 1, N'531F7D18-C49F-4F4F-A920-0074FCB52078', NULL, NULL, NULL)
INSERT [dbo].[Sys_RoleAuthorize] ([F_Id], [F_ItemType], [F_ItemId], [F_ObjectType], [F_ObjectId], [F_SortCode], [F_CreatorTime], [F_CreatorUserId]) VALUES (N'2af34ef2-522e-4ea3-a8df-668b57e3b4e3', 1, N'337A4661-99A5-4E5E-B028-861CACAF9917', 1, N'531F7D18-C49F-4F4F-A920-0074FCB52078', NULL, NULL, NULL)
INSERT [dbo].[Sys_RoleAuthorize] ([F_Id], [F_ItemType], [F_ItemId], [F_ObjectType], [F_ObjectId], [F_SortCode], [F_CreatorTime], [F_CreatorUserId]) VALUES (N'2e467fc2-2e71-45c7-ad7c-fad5eb956adf', 2, N'cd65e50a-0bea-45a9-b82e-f2eacdbd209e', 1, N'531F7D18-C49F-4F4F-A920-0074FCB52078', NULL, NULL, NULL)
INSERT [dbo].[Sys_RoleAuthorize] ([F_Id], [F_ItemType], [F_ItemId], [F_ObjectType], [F_ObjectId], [F_SortCode], [F_CreatorTime], [F_CreatorUserId]) VALUES (N'32119cfa-864e-4bf9-945b-2d76dad0a31c', 2, N'f93763ff-51a1-478d-9585-3c86084c54f3', 1, N'531F7D18-C49F-4F4F-A920-0074FCB52078', NULL, NULL, NULL)
INSERT [dbo].[Sys_RoleAuthorize] ([F_Id], [F_ItemType], [F_ItemId], [F_ObjectType], [F_ObjectId], [F_SortCode], [F_CreatorTime], [F_CreatorUserId]) VALUES (N'379e90a9-5628-47e0-8314-da3e0c550fb3', 2, N'88f7b3a8-fd6d-4f8e-a861-11405f434868', 1, N'531F7D18-C49F-4F4F-A920-0074FCB52078', NULL, NULL, NULL)
INSERT [dbo].[Sys_RoleAuthorize] ([F_Id], [F_ItemType], [F_ItemId], [F_ObjectType], [F_ObjectId], [F_SortCode], [F_CreatorTime], [F_CreatorUserId]) VALUES (N'37b242db-cd74-400f-964b-96d72bd651c6', 2, N'1ee1c46b-e767-4532-8636-936ea4c12003', 1, N'531F7D18-C49F-4F4F-A920-0074FCB52078', NULL, NULL, NULL)
INSERT [dbo].[Sys_RoleAuthorize] ([F_Id], [F_ItemType], [F_ItemId], [F_ObjectType], [F_ObjectId], [F_SortCode], [F_CreatorTime], [F_CreatorUserId]) VALUES (N'3ec593df-c492-4270-9aef-e75d521171da', 2, N'14617a4f-bfef-4bc2-b943-d18d3ff8d22f', 1, N'531F7D18-C49F-4F4F-A920-0074FCB52078', NULL, NULL, NULL)
INSERT [dbo].[Sys_RoleAuthorize] ([F_Id], [F_ItemType], [F_ItemId], [F_ObjectType], [F_ObjectId], [F_SortCode], [F_CreatorTime], [F_CreatorUserId]) VALUES (N'41105b53-4315-442c-bb7f-9b9204355351', 2, N'4727adf7-5525-4c8c-9de5-39e49c268349', 1, N'531F7D18-C49F-4F4F-A920-0074FCB52078', NULL, NULL, NULL)
INSERT [dbo].[Sys_RoleAuthorize] ([F_Id], [F_ItemType], [F_ItemId], [F_ObjectType], [F_ObjectId], [F_SortCode], [F_CreatorTime], [F_CreatorUserId]) VALUES (N'4ff4e45a-9ed6-4c79-be52-ae6d07d77b3a', 2, N'8c7013a9-3682-4367-8bc6-c77ca89f346b', 1, N'531F7D18-C49F-4F4F-A920-0074FCB52078', NULL, NULL, NULL)
INSERT [dbo].[Sys_RoleAuthorize] ([F_Id], [F_ItemType], [F_ItemId], [F_ObjectType], [F_ObjectId], [F_SortCode], [F_CreatorTime], [F_CreatorUserId]) VALUES (N'52cce008-0755-4a75-9fdf-6425f74f62b0', 2, N'89d7a69d-b953-4ce2-9294-db4f50f2a157', 1, N'531F7D18-C49F-4F4F-A920-0074FCB52078', NULL, NULL, NULL)
INSERT [dbo].[Sys_RoleAuthorize] ([F_Id], [F_ItemType], [F_ItemId], [F_ObjectType], [F_ObjectId], [F_SortCode], [F_CreatorTime], [F_CreatorUserId]) VALUES (N'53967381-3765-4bff-ad74-6aa1c9d03596', 2, N'D4FCAFED-7640-449E-80B7-622DDACD5012', 1, N'531F7D18-C49F-4F4F-A920-0074FCB52078', NULL, NULL, NULL)
INSERT [dbo].[Sys_RoleAuthorize] ([F_Id], [F_ItemType], [F_ItemId], [F_ObjectType], [F_ObjectId], [F_SortCode], [F_CreatorTime], [F_CreatorUserId]) VALUES (N'64f6b88c-7510-4e83-956e-d2d6c163200a', 1, N'F298F868-B689-4982-8C8B-9268CBF0308D', 1, N'531F7D18-C49F-4F4F-A920-0074FCB52078', NULL, NULL, NULL)
INSERT [dbo].[Sys_RoleAuthorize] ([F_Id], [F_ItemType], [F_ItemId], [F_ObjectType], [F_ObjectId], [F_SortCode], [F_CreatorTime], [F_CreatorUserId]) VALUES (N'68905347-8abf-4f99-bacd-8d3045b06e2b', 2, N'4b876abc-1b85-47b0-abc7-96e313b18ed8', 1, N'531F7D18-C49F-4F4F-A920-0074FCB52078', NULL, NULL, NULL)
INSERT [dbo].[Sys_RoleAuthorize] ([F_Id], [F_ItemType], [F_ItemId], [F_ObjectType], [F_ObjectId], [F_SortCode], [F_CreatorTime], [F_CreatorUserId]) VALUES (N'6d4f5a20-98b2-40c5-8352-80b15af1b360', 2, N'239077ff-13e1-4720-84e1-67b6f0276979', 1, N'531F7D18-C49F-4F4F-A920-0074FCB52078', NULL, NULL, NULL)
INSERT [dbo].[Sys_RoleAuthorize] ([F_Id], [F_ItemType], [F_ItemId], [F_ObjectType], [F_ObjectId], [F_SortCode], [F_CreatorTime], [F_CreatorUserId]) VALUES (N'700916e8-3488-45f2-b407-6f30df9b9123', 2, N'B6A9473D-DAA7-4574-9231-13D9E631D379', 1, N'531F7D18-C49F-4F4F-A920-0074FCB52078', NULL, NULL, NULL)
INSERT [dbo].[Sys_RoleAuthorize] ([F_Id], [F_ItemType], [F_ItemId], [F_ObjectType], [F_ObjectId], [F_SortCode], [F_CreatorTime], [F_CreatorUserId]) VALUES (N'7535204c-60ce-4114-bb12-430a5975b363', 2, N'38e39592-6e86-42fb-8f72-adea0c82cbc1', 1, N'531F7D18-C49F-4F4F-A920-0074FCB52078', NULL, NULL, NULL)
INSERT [dbo].[Sys_RoleAuthorize] ([F_Id], [F_ItemType], [F_ItemId], [F_ObjectType], [F_ObjectId], [F_SortCode], [F_CreatorTime], [F_CreatorUserId]) VALUES (N'77eafdea-c1e3-4e36-9d70-cdaa7b5200d4', 1, N'38CA5A66-C993-4410-AF95-50489B22939C', 1, N'531F7D18-C49F-4F4F-A920-0074FCB52078', NULL, NULL, NULL)
INSERT [dbo].[Sys_RoleAuthorize] ([F_Id], [F_ItemType], [F_ItemId], [F_ObjectType], [F_ObjectId], [F_SortCode], [F_CreatorTime], [F_CreatorUserId]) VALUES (N'790dc854-bdbf-4ff0-8cea-2ffffcbe98ed', 2, N'E29FCBA7-F848-4A8B-BC41-A3C668A9005D', 1, N'531F7D18-C49F-4F4F-A920-0074FCB52078', NULL, NULL, NULL)
INSERT [dbo].[Sys_RoleAuthorize] ([F_Id], [F_ItemType], [F_ItemId], [F_ObjectType], [F_ObjectId], [F_SortCode], [F_CreatorTime], [F_CreatorUserId]) VALUES (N'848319d7-89f3-4ef9-b9fc-fcd99eddf632', 2, N'4bb19533-8e81-419b-86a1-7ee56bf1dd45', 1, N'531F7D18-C49F-4F4F-A920-0074FCB52078', NULL, NULL, NULL)
INSERT [dbo].[Sys_RoleAuthorize] ([F_Id], [F_ItemType], [F_ItemId], [F_ObjectType], [F_ObjectId], [F_SortCode], [F_CreatorTime], [F_CreatorUserId]) VALUES (N'94fa7a37-986f-4534-87bc-b66bcf7246d0', 1, N'252229DB-35CA-47AE-BDAE-C9903ED5BA7B', 1, N'531F7D18-C49F-4F4F-A920-0074FCB52078', NULL, NULL, NULL)
INSERT [dbo].[Sys_RoleAuthorize] ([F_Id], [F_ItemType], [F_ItemId], [F_ObjectType], [F_ObjectId], [F_SortCode], [F_CreatorTime], [F_CreatorUserId]) VALUES (N'997a0c17-7de7-4eb3-9adb-c4900b310948', 2, N'74eecdfb-3bee-405d-be07-27a78219c179', 1, N'531F7D18-C49F-4F4F-A920-0074FCB52078', NULL, NULL, NULL)
INSERT [dbo].[Sys_RoleAuthorize] ([F_Id], [F_ItemType], [F_ItemId], [F_ObjectType], [F_ObjectId], [F_SortCode], [F_CreatorTime], [F_CreatorUserId]) VALUES (N'a06b6fb1-f68a-4856-9e41-44ec8a642139', 2, N'85F5212F-E321-4124-B155-9374AA5D9C10', 1, N'531F7D18-C49F-4F4F-A920-0074FCB52078', NULL, NULL, NULL)
INSERT [dbo].[Sys_RoleAuthorize] ([F_Id], [F_ItemType], [F_ItemId], [F_ObjectType], [F_ObjectId], [F_SortCode], [F_CreatorTime], [F_CreatorUserId]) VALUES (N'aa5d1775-d95b-4f07-8c2b-7a9820876dc0', 2, N'709a4a7b-4d98-462d-b47c-351ef11db06f', 1, N'531F7D18-C49F-4F4F-A920-0074FCB52078', NULL, NULL, NULL)
INSERT [dbo].[Sys_RoleAuthorize] ([F_Id], [F_ItemType], [F_ItemId], [F_ObjectType], [F_ObjectId], [F_SortCode], [F_CreatorTime], [F_CreatorUserId]) VALUES (N'af617592-755c-4a6b-99ac-3d1ba457d760', 2, N'91be873e-ccb7-434f-9a3b-d312d6d5798a', 1, N'531F7D18-C49F-4F4F-A920-0074FCB52078', NULL, NULL, NULL)
INSERT [dbo].[Sys_RoleAuthorize] ([F_Id], [F_ItemType], [F_ItemId], [F_ObjectType], [F_ObjectId], [F_SortCode], [F_CreatorTime], [F_CreatorUserId]) VALUES (N'c0a099cf-8ea2-4193-bd66-403f35ac3e42', 1, N'423A200B-FA5F-4B29-B7B7-A3F5474B725F', 1, N'531F7D18-C49F-4F4F-A920-0074FCB52078', NULL, NULL, NULL)
INSERT [dbo].[Sys_RoleAuthorize] ([F_Id], [F_ItemType], [F_ItemId], [F_ObjectType], [F_ObjectId], [F_SortCode], [F_CreatorTime], [F_CreatorUserId]) VALUES (N'c5c51f2e-4f7d-4aa9-9b90-b0ad1679771d', 2, N'13c9a15f-c50d-4f09-8344-fd0050f70086', 1, N'531F7D18-C49F-4F4F-A920-0074FCB52078', NULL, NULL, NULL)
INSERT [dbo].[Sys_RoleAuthorize] ([F_Id], [F_ItemType], [F_ItemId], [F_ObjectType], [F_ObjectId], [F_SortCode], [F_CreatorTime], [F_CreatorUserId]) VALUES (N'cbf03b03-096a-4eb3-9983-81637429e51b', 2, N'82f162cb-beb9-4a79-8924-cd1860e26e2e', 1, N'531F7D18-C49F-4F4F-A920-0074FCB52078', NULL, NULL, NULL)
INSERT [dbo].[Sys_RoleAuthorize] ([F_Id], [F_ItemType], [F_ItemId], [F_ObjectType], [F_ObjectId], [F_SortCode], [F_CreatorTime], [F_CreatorUserId]) VALUES (N'd5f8dc31-4c8d-41a5-8154-9c855553793a', 2, N'ffffe7f8-900c-413a-9970-bee7d6599cce', 1, N'531F7D18-C49F-4F4F-A920-0074FCB52078', NULL, NULL, NULL)
INSERT [dbo].[Sys_RoleAuthorize] ([F_Id], [F_ItemType], [F_ItemId], [F_ObjectType], [F_ObjectId], [F_SortCode], [F_CreatorTime], [F_CreatorUserId]) VALUES (N'd71845b3-c39b-4a99-a523-f7a93f3ac038', 2, N'abfdff21-8ebf-4024-8555-401b4df6acd9', 1, N'531F7D18-C49F-4F4F-A920-0074FCB52078', NULL, NULL, NULL)
INSERT [dbo].[Sys_RoleAuthorize] ([F_Id], [F_ItemType], [F_ItemId], [F_ObjectType], [F_ObjectId], [F_SortCode], [F_CreatorTime], [F_CreatorUserId]) VALUES (N'e1a1c00f-e10e-4589-8144-797f38efcd80', 2, N'0d777b07-041a-4205-a393-d1a009aaafc7', 1, N'531F7D18-C49F-4F4F-A920-0074FCB52078', NULL, NULL, NULL)
INSERT [dbo].[Sys_RoleAuthorize] ([F_Id], [F_ItemType], [F_ItemId], [F_ObjectType], [F_ObjectId], [F_SortCode], [F_CreatorTime], [F_CreatorUserId]) VALUES (N'c9e4ed64-62aa-485e-a706-a84b200ea7c0', NULL, N'', 1, N'4B2140D3-E61D-488E-ADF6-FF0EBCBC5D2C', NULL, NULL, NULL)
INSERT [dbo].[Sys_RoleAuthorize] ([F_Id], [F_ItemType], [F_ItemId], [F_ObjectType], [F_ObjectId], [F_SortCode], [F_CreatorTime], [F_CreatorUserId]) VALUES (N'e61a0833-aa73-4e15-9c03-83b8089e6bd8', 2, N'9FD543DB-C5BB-4789-ACFF-C5865AFB032C', 1, N'531F7D18-C49F-4F4F-A920-0074FCB52078', NULL, NULL, NULL)
INSERT [dbo].[Sys_RoleAuthorize] ([F_Id], [F_ItemType], [F_ItemId], [F_ObjectType], [F_ObjectId], [F_SortCode], [F_CreatorTime], [F_CreatorUserId]) VALUES (N'e6c1e0a7-aaaa-4adb-b95d-353134a484c6', 1, N'64A1C550-2C61-4A8C-833D-ACD0C012260F', 1, N'531F7D18-C49F-4F4F-A920-0074FCB52078', NULL, NULL, NULL)
INSERT [dbo].[Sys_RoleAuthorize] ([F_Id], [F_ItemType], [F_ItemId], [F_ObjectType], [F_ObjectId], [F_SortCode], [F_CreatorTime], [F_CreatorUserId]) VALUES (N'eae52f23-db61-4997-82e0-437978517f6a', 1, N'91A6CFAD-B2F9-4294-BDAE-76DECF412C6C', 1, N'531F7D18-C49F-4F4F-A920-0074FCB52078', NULL, NULL, NULL)
INSERT [dbo].[Sys_RoleAuthorize] ([F_Id], [F_ItemType], [F_ItemId], [F_ObjectType], [F_ObjectId], [F_SortCode], [F_CreatorTime], [F_CreatorUserId]) VALUES (N'f5c3d009-3d00-4be1-822c-feba6c89ae0a', 1, N'462027E0-0848-41DD-BCC3-025DCAE65555', 1, N'531F7D18-C49F-4F4F-A920-0074FCB52078', NULL, NULL, NULL)
INSERT [dbo].[Sys_RoleAuthorize] ([F_Id], [F_ItemType], [F_ItemId], [F_ObjectType], [F_ObjectId], [F_SortCode], [F_CreatorTime], [F_CreatorUserId]) VALUES (N'1fd4ae2a-24fd-49e3-8007-5cc987cd05c0', NULL, N'', 1, N'42C44AC0-27FA-482D-B5E3-8F9B38B80A6A', NULL, NULL, NULL)
INSERT [dbo].[Sys_RoleAuthorize] ([F_Id], [F_ItemType], [F_ItemId], [F_ObjectType], [F_ObjectId], [F_SortCode], [F_CreatorTime], [F_CreatorUserId]) VALUES (N'df6839d3-60c4-447d-9d48-c75d26d77a7b', NULL, N'', 1, N'7A9CF301-FCDF-4BC9-A52B-A7D4FAE2D344', NULL, NULL, NULL)
INSERT [dbo].[Sys_RoleAuthorize] ([F_Id], [F_ItemType], [F_ItemId], [F_ObjectType], [F_ObjectId], [F_SortCode], [F_CreatorTime], [F_CreatorUserId]) VALUES (N'2bf9d1bd-510f-463a-9555-4ab8357bfb08', NULL, N'', 1, N'2691AB91-3010-465F-8D92-60A97425A45E', NULL, NULL, NULL)
INSERT [dbo].[Sys_RoleAuthorize] ([F_Id], [F_ItemType], [F_ItemId], [F_ObjectType], [F_ObjectId], [F_SortCode], [F_CreatorTime], [F_CreatorUserId]) VALUES (N'f8a6180a-ee18-41f4-b28e-d7e4c5a36045', NULL, N'', 1, N'41652BB4-E2DC-420E-AA8A-8C92784B76E3', NULL, NULL, NULL)
INSERT [dbo].[Sys_RoleAuthorize] ([F_Id], [F_ItemType], [F_ItemId], [F_ObjectType], [F_ObjectId], [F_SortCode], [F_CreatorTime], [F_CreatorUserId]) VALUES (N'cf6bf931-ae94-4820-92de-4f80590c615d', NULL, N'', 1, N'2DA8390B-61A4-4E6C-A6E7-8F6794C7EDCE', NULL, NULL, NULL)
INSERT [dbo].[Sys_RoleAuthorize] ([F_Id], [F_ItemType], [F_ItemId], [F_ObjectType], [F_ObjectId], [F_SortCode], [F_CreatorTime], [F_CreatorUserId]) VALUES (N'93e3474f-a8c9-4b0e-bf42-1571e9f4e6b8', NULL, N'', 1, N'07A8E061-AE47-49C9-8310-F055F35FF44B', NULL, NULL, NULL)
INSERT [dbo].[Sys_RoleAuthorize] ([F_Id], [F_ItemType], [F_ItemId], [F_ObjectType], [F_ObjectId], [F_SortCode], [F_CreatorTime], [F_CreatorUserId]) VALUES (N'fbc0b434-f261-47eb-94c8-0c450dd56cc4', NULL, N'', 1, N'AADB479E-9F87-49B1-AE2D-5DA6FECA3F8E', NULL, NULL, NULL)
INSERT [dbo].[Sys_RoleAuthorize] ([F_Id], [F_ItemType], [F_ItemId], [F_ObjectType], [F_ObjectId], [F_SortCode], [F_CreatorTime], [F_CreatorUserId]) VALUES (N'4552cc48-1bf9-4bbe-b1e1-f9e91add7055', NULL, N'', 1, N'E5EA792F-915D-44BC-9F4F-EEDB26DE5DFD', NULL, NULL, NULL)
INSERT [dbo].[Sys_RoleAuthorize] ([F_Id], [F_ItemType], [F_ItemId], [F_ObjectType], [F_ObjectId], [F_SortCode], [F_CreatorTime], [F_CreatorUserId]) VALUES (N'df6281cb-6ad9-4d4b-aff2-ba6f266c1dd3', NULL, N'', 1, N'8683CB17-5F9D-4A99-A233-A18C4D1CF95B', NULL, NULL, NULL)
INSERT [dbo].[Sys_RoleAuthorize] ([F_Id], [F_ItemType], [F_ItemId], [F_ObjectType], [F_ObjectId], [F_SortCode], [F_CreatorTime], [F_CreatorUserId]) VALUES (N'06a71015-42f4-4f16-ad9e-88e0665f7504', NULL, N'', 1, N'F68956A9-9C53-4C08-AFE8-8A4755FE2B8F', NULL, NULL, NULL)
INSERT [dbo].[Sys_RoleAuthorize] ([F_Id], [F_ItemType], [F_ItemId], [F_ObjectType], [F_ObjectId], [F_SortCode], [F_CreatorTime], [F_CreatorUserId]) VALUES (N'bb544273-6e31-4235-b507-3f0ffbfded28', NULL, N'', 1, N'F9421969-D85C-4E4C-927F-CCFB18388A59', NULL, NULL, NULL)
INSERT [dbo].[Sys_RoleAuthorize] ([F_Id], [F_ItemType], [F_ItemId], [F_ObjectType], [F_ObjectId], [F_SortCode], [F_CreatorTime], [F_CreatorUserId]) VALUES (N'cb31c152-4e34-44ce-a7a8-1f0a46b4aec9', NULL, N'', 1, N'59CEAE05-0FD4-4FD3-A755-A1DFA3803D2B', NULL, NULL, NULL)
INSERT [dbo].[Sys_RoleAuthorize] ([F_Id], [F_ItemType], [F_ItemId], [F_ObjectType], [F_ObjectId], [F_SortCode], [F_CreatorTime], [F_CreatorUserId]) VALUES (N'036269a2-9edf-4026-bae9-e9e7483ebe05', 1, N'91A6CFAD-B2F9-4294-BDAE-76DECF412C6C', 1, N'F0A2B36F-35A7-4660-B46C-D4AB796591EB', NULL, NULL, NULL)
INSERT [dbo].[Sys_RoleAuthorize] ([F_Id], [F_ItemType], [F_ItemId], [F_ObjectType], [F_ObjectId], [F_SortCode], [F_CreatorTime], [F_CreatorUserId]) VALUES (N'0913424b-9d2d-433e-b4e8-7db364fb437b', 2, N'f20342de-61aa-42e1-a376-8ea21422298a', 1, N'F0A2B36F-35A7-4660-B46C-D4AB796591EB', NULL, NULL, NULL)
INSERT [dbo].[Sys_RoleAuthorize] ([F_Id], [F_ItemType], [F_ItemId], [F_ObjectType], [F_ObjectId], [F_SortCode], [F_CreatorTime], [F_CreatorUserId]) VALUES (N'0bc0d210-7723-4b72-bd1a-e34aaddc2bc4', 1, N'df9920e0-ba33-4e36-a911-ef08c6ea77ea', 1, N'F0A2B36F-35A7-4660-B46C-D4AB796591EB', NULL, NULL, NULL)
INSERT [dbo].[Sys_RoleAuthorize] ([F_Id], [F_ItemType], [F_ItemId], [F_ObjectType], [F_ObjectId], [F_SortCode], [F_CreatorTime], [F_CreatorUserId]) VALUES (N'0e07b081-6bf8-4087-800a-3892a6557d3a', 1, N'38CA5A66-C993-4410-AF95-50489B22939C', 1, N'F0A2B36F-35A7-4660-B46C-D4AB796591EB', NULL, NULL, NULL)
INSERT [dbo].[Sys_RoleAuthorize] ([F_Id], [F_ItemType], [F_ItemId], [F_ObjectType], [F_ObjectId], [F_SortCode], [F_CreatorTime], [F_CreatorUserId]) VALUES (N'10c4cb3e-f6b4-4ce8-9bd7-cc5738646e49', 1, N'91425AF9-F762-43AF-B784-107D23FFDC85', 1, N'F0A2B36F-35A7-4660-B46C-D4AB796591EB', NULL, NULL, NULL)
INSERT [dbo].[Sys_RoleAuthorize] ([F_Id], [F_ItemType], [F_ItemId], [F_ObjectType], [F_ObjectId], [F_SortCode], [F_CreatorTime], [F_CreatorUserId]) VALUES (N'127ea6f2-dc22-4fb9-b6a9-5ada72412f51', 2, N'91be873e-ccb7-434f-9a3b-d312d6d5798a', 1, N'F0A2B36F-35A7-4660-B46C-D4AB796591EB', NULL, NULL, NULL)
INSERT [dbo].[Sys_RoleAuthorize] ([F_Id], [F_ItemType], [F_ItemId], [F_ObjectType], [F_ObjectId], [F_SortCode], [F_CreatorTime], [F_CreatorUserId]) VALUES (N'18195049-6b95-4a3f-a514-fb40a2c61e59', 1, N'e72c75d0-3a69-41ad-b220-13c9a62ec788', 1, N'F0A2B36F-35A7-4660-B46C-D4AB796591EB', NULL, NULL, NULL)
INSERT [dbo].[Sys_RoleAuthorize] ([F_Id], [F_ItemType], [F_ItemId], [F_ObjectType], [F_ObjectId], [F_SortCode], [F_CreatorTime], [F_CreatorUserId]) VALUES (N'3f7e4a30-7cc4-480c-a761-e14fa7bff197', 1, N'96EE855E-8CD2-47FC-A51D-127C131C9FB9', 1, N'F0A2B36F-35A7-4660-B46C-D4AB796591EB', NULL, NULL, NULL)
INSERT [dbo].[Sys_RoleAuthorize] ([F_Id], [F_ItemType], [F_ItemId], [F_ObjectType], [F_ObjectId], [F_SortCode], [F_CreatorTime], [F_CreatorUserId]) VALUES (N'42dca3b8-c254-4cec-910d-4559866fd560', 1, N'a3a4742d-ca39-42ec-b95a-8552a6fae579', 1, N'F0A2B36F-35A7-4660-B46C-D4AB796591EB', NULL, NULL, NULL)
INSERT [dbo].[Sys_RoleAuthorize] ([F_Id], [F_ItemType], [F_ItemId], [F_ObjectType], [F_ObjectId], [F_SortCode], [F_CreatorTime], [F_CreatorUserId]) VALUES (N'475a7a19-1a6f-4f65-9333-668d54362efc', 2, N'ffffe7f8-900c-413a-9970-bee7d6599cce', 1, N'F0A2B36F-35A7-4660-B46C-D4AB796591EB', NULL, NULL, NULL)
INSERT [dbo].[Sys_RoleAuthorize] ([F_Id], [F_ItemType], [F_ItemId], [F_ObjectType], [F_ObjectId], [F_SortCode], [F_CreatorTime], [F_CreatorUserId]) VALUES (N'47cc47c2-d800-4530-ba8d-b02996f3271f', 1, N'A33ADBFC-089B-4981-BFAB-08178052EE36', 1, N'F0A2B36F-35A7-4660-B46C-D4AB796591EB', NULL, NULL, NULL)
INSERT [dbo].[Sys_RoleAuthorize] ([F_Id], [F_ItemType], [F_ItemId], [F_ObjectType], [F_ObjectId], [F_SortCode], [F_CreatorTime], [F_CreatorUserId]) VALUES (N'4c96e150-5a6c-4446-a57a-9263aab9bbfe', 2, N'D4FCAFED-7640-449E-80B7-622DDACD5012', 1, N'F0A2B36F-35A7-4660-B46C-D4AB796591EB', NULL, NULL, NULL)
INSERT [dbo].[Sys_RoleAuthorize] ([F_Id], [F_ItemType], [F_ItemId], [F_ObjectType], [F_ObjectId], [F_SortCode], [F_CreatorTime], [F_CreatorUserId]) VALUES (N'4d11aa39-949a-414a-b2e1-2149b3b63807', 1, N'49F61713-C1E4-420E-BEEC-0B4DBC2D7DE8', 1, N'F0A2B36F-35A7-4660-B46C-D4AB796591EB', NULL, NULL, NULL)
INSERT [dbo].[Sys_RoleAuthorize] ([F_Id], [F_ItemType], [F_ItemId], [F_ObjectType], [F_ObjectId], [F_SortCode], [F_CreatorTime], [F_CreatorUserId]) VALUES (N'4d46f0ae-c99c-49e9-9ea4-38ef74a57494', 1, N'B3BF41E1-0299-4EFE-BA76-A7377AC81B38', 1, N'F0A2B36F-35A7-4660-B46C-D4AB796591EB', NULL, NULL, NULL)
INSERT [dbo].[Sys_RoleAuthorize] ([F_Id], [F_ItemType], [F_ItemId], [F_ObjectType], [F_ObjectId], [F_SortCode], [F_CreatorTime], [F_CreatorUserId]) VALUES (N'4f800c69-4c05-4fb3-848c-6e3dbb7086f3', 2, N'f93763ff-51a1-478d-9585-3c86084c54f3', 1, N'F0A2B36F-35A7-4660-B46C-D4AB796591EB', NULL, NULL, NULL)
INSERT [dbo].[Sys_RoleAuthorize] ([F_Id], [F_ItemType], [F_ItemId], [F_ObjectType], [F_ObjectId], [F_SortCode], [F_CreatorTime], [F_CreatorUserId]) VALUES (N'5237d611-0520-4168-a73b-846f3980207e', 2, N'709a4a7b-4d98-462d-b47c-351ef11db06f', 1, N'F0A2B36F-35A7-4660-B46C-D4AB796591EB', NULL, NULL, NULL)
INSERT [dbo].[Sys_RoleAuthorize] ([F_Id], [F_ItemType], [F_ItemId], [F_ObjectType], [F_ObjectId], [F_SortCode], [F_CreatorTime], [F_CreatorUserId]) VALUES (N'573c78fe-765a-49b7-aa4a-1f23f8745f15', 1, N'FE04386D-1307-4E34-8DFB-B56D9FEC78CE', 1, N'F0A2B36F-35A7-4660-B46C-D4AB796591EB', NULL, NULL, NULL)
INSERT [dbo].[Sys_RoleAuthorize] ([F_Id], [F_ItemType], [F_ItemId], [F_ObjectType], [F_ObjectId], [F_SortCode], [F_CreatorTime], [F_CreatorUserId]) VALUES (N'59ba1542-9dd2-4eb7-a62c-9d835469ce53', 2, N'FD3D073C-4F88-467A-AE3B-CDD060952CE6', 1, N'F0A2B36F-35A7-4660-B46C-D4AB796591EB', NULL, NULL, NULL)
INSERT [dbo].[Sys_RoleAuthorize] ([F_Id], [F_ItemType], [F_ItemId], [F_ObjectType], [F_ObjectId], [F_SortCode], [F_CreatorTime], [F_CreatorUserId]) VALUES (N'5a2e6d9d-7312-4cdb-8802-6b6dae9103a4', 1, N'C3D12056-D906-4D8B-8B9C-954942742BDE', 1, N'F0A2B36F-35A7-4660-B46C-D4AB796591EB', NULL, NULL, NULL)
INSERT [dbo].[Sys_RoleAuthorize] ([F_Id], [F_ItemType], [F_ItemId], [F_ObjectType], [F_ObjectId], [F_SortCode], [F_CreatorTime], [F_CreatorUserId]) VALUES (N'6a3148be-f4af-4870-97d1-e13304a8865b', 2, N'13c9a15f-c50d-4f09-8344-fd0050f70086', 1, N'F0A2B36F-35A7-4660-B46C-D4AB796591EB', NULL, NULL, NULL)
INSERT [dbo].[Sys_RoleAuthorize] ([F_Id], [F_ItemType], [F_ItemId], [F_ObjectType], [F_ObjectId], [F_SortCode], [F_CreatorTime], [F_CreatorUserId]) VALUES (N'789e8a3b-09c2-4f58-9283-785461298200', 1, N'252229DB-35CA-47AE-BDAE-C9903ED5BA7B', 1, N'F0A2B36F-35A7-4660-B46C-D4AB796591EB', NULL, NULL, NULL)
INSERT [dbo].[Sys_RoleAuthorize] ([F_Id], [F_ItemType], [F_ItemId], [F_ObjectType], [F_ObjectId], [F_SortCode], [F_CreatorTime], [F_CreatorUserId]) VALUES (N'7f16ce4c-74f9-4db4-883d-666b9b1f0cb1', 1, N'e915bcf2-53c6-4f87-a21d-99c98fb062a7', 1, N'F0A2B36F-35A7-4660-B46C-D4AB796591EB', NULL, NULL, NULL)
INSERT [dbo].[Sys_RoleAuthorize] ([F_Id], [F_ItemType], [F_ItemId], [F_ObjectType], [F_ObjectId], [F_SortCode], [F_CreatorTime], [F_CreatorUserId]) VALUES (N'80c549c2-9e9e-48fe-9dd2-727f957a71c9', 2, N'e19ec205-1bee-48af-88b9-27f25471ba05', 1, N'F0A2B36F-35A7-4660-B46C-D4AB796591EB', NULL, NULL, NULL)
INSERT [dbo].[Sys_RoleAuthorize] ([F_Id], [F_ItemType], [F_ItemId], [F_ObjectType], [F_ObjectId], [F_SortCode], [F_CreatorTime], [F_CreatorUserId]) VALUES (N'8c78c92b-77ee-4cfe-9c3f-1f0aacba4f2d', 2, N'239077ff-13e1-4720-84e1-67b6f0276979', 1, N'F0A2B36F-35A7-4660-B46C-D4AB796591EB', NULL, NULL, NULL)
INSERT [dbo].[Sys_RoleAuthorize] ([F_Id], [F_ItemType], [F_ItemId], [F_ObjectType], [F_ObjectId], [F_SortCode], [F_CreatorTime], [F_CreatorUserId]) VALUES (N'8f4a4155-4eff-48eb-b76a-4ddd9ad90d1d', 1, N'163DA347-887C-4C91-8298-EB00FFBFEC84', 1, N'F0A2B36F-35A7-4660-B46C-D4AB796591EB', NULL, NULL, NULL)
INSERT [dbo].[Sys_RoleAuthorize] ([F_Id], [F_ItemType], [F_ItemId], [F_ObjectType], [F_ObjectId], [F_SortCode], [F_CreatorTime], [F_CreatorUserId]) VALUES (N'92f8482b-4563-4420-b6ff-5cc0620b6c01', 2, N'e75e4efc-d461-4334-a764-56992fec38e6', 1, N'F0A2B36F-35A7-4660-B46C-D4AB796591EB', NULL, NULL, NULL)
INSERT [dbo].[Sys_RoleAuthorize] ([F_Id], [F_ItemType], [F_ItemId], [F_ObjectType], [F_ObjectId], [F_SortCode], [F_CreatorTime], [F_CreatorUserId]) VALUES (N'942761b4-ac03-4c75-bf86-1e2037532bef', 2, N'E29FCBA7-F848-4A8B-BC41-A3C668A9005D', 1, N'F0A2B36F-35A7-4660-B46C-D4AB796591EB', NULL, NULL, NULL)
INSERT [dbo].[Sys_RoleAuthorize] ([F_Id], [F_ItemType], [F_ItemId], [F_ObjectType], [F_ObjectId], [F_SortCode], [F_CreatorTime], [F_CreatorUserId]) VALUES (N'9ec021af-bd5f-47a3-9374-16da90e66c96', 2, N'e97029e4-fb2c-45bd-8643-cfdbc54c8f72', 1, N'F0A2B36F-35A7-4660-B46C-D4AB796591EB', NULL, NULL, NULL)
INSERT [dbo].[Sys_RoleAuthorize] ([F_Id], [F_ItemType], [F_ItemId], [F_ObjectType], [F_ObjectId], [F_SortCode], [F_CreatorTime], [F_CreatorUserId]) VALUES (N'a21f6b70-821e-4e2b-a47a-70708a400ec0', 2, N'5d708d9d-6ebe-40ea-8589-e3efce9e74ec', 1, N'F0A2B36F-35A7-4660-B46C-D4AB796591EB', NULL, NULL, NULL)
INSERT [dbo].[Sys_RoleAuthorize] ([F_Id], [F_ItemType], [F_ItemId], [F_ObjectType], [F_ObjectId], [F_SortCode], [F_CreatorTime], [F_CreatorUserId]) VALUES (N'a5fb440f-9ffa-418a-8675-e1b36ed5af6f', 1, N'60860e04-4dab-4128-9663-bcb22dab0b83', 1, N'F0A2B36F-35A7-4660-B46C-D4AB796591EB', NULL, NULL, NULL)
INSERT [dbo].[Sys_RoleAuthorize] ([F_Id], [F_ItemType], [F_ItemId], [F_ObjectType], [F_ObjectId], [F_SortCode], [F_CreatorTime], [F_CreatorUserId]) VALUES (N'a7c4884e-de81-4e40-b354-0471d50ee1f3', 2, N'88f7b3a8-fd6d-4f8e-a861-11405f434868', 1, N'F0A2B36F-35A7-4660-B46C-D4AB796591EB', NULL, NULL, NULL)
INSERT [dbo].[Sys_RoleAuthorize] ([F_Id], [F_ItemType], [F_ItemId], [F_ObjectType], [F_ObjectId], [F_SortCode], [F_CreatorTime], [F_CreatorUserId]) VALUES (N'b6b45a4b-e60c-43a3-b8be-25cf238d0d03', 2, N'85F5212F-E321-4124-B155-9374AA5D9C10', 1, N'F0A2B36F-35A7-4660-B46C-D4AB796591EB', NULL, NULL, NULL)
INSERT [dbo].[Sys_RoleAuthorize] ([F_Id], [F_ItemType], [F_ItemId], [F_ObjectType], [F_ObjectId], [F_SortCode], [F_CreatorTime], [F_CreatorUserId]) VALUES (N'b819b200-75ad-40b3-af2b-f581aee14f9d', 1, N'73FD1267-79BA-4E23-A152-744AF73117E9', 1, N'F0A2B36F-35A7-4660-B46C-D4AB796591EB', NULL, NULL, NULL)
INSERT [dbo].[Sys_RoleAuthorize] ([F_Id], [F_ItemType], [F_ItemId], [F_ObjectType], [F_ObjectId], [F_SortCode], [F_CreatorTime], [F_CreatorUserId]) VALUES (N'c667e77b-1d4b-4cee-acf5-7c1fd1c01b3c', 2, N'295096b6-2141-46ec-afd9-6f2dbc9194b5', 1, N'F0A2B36F-35A7-4660-B46C-D4AB796591EB', NULL, NULL, NULL)
INSERT [dbo].[Sys_RoleAuthorize] ([F_Id], [F_ItemType], [F_ItemId], [F_ObjectType], [F_ObjectId], [F_SortCode], [F_CreatorTime], [F_CreatorUserId]) VALUES (N'cc28f652-2c14-43c2-a321-50687cbd0bf0', 2, N'4bb19533-8e81-419b-86a1-7ee56bf1dd45', 1, N'F0A2B36F-35A7-4660-B46C-D4AB796591EB', NULL, NULL, NULL)
INSERT [dbo].[Sys_RoleAuthorize] ([F_Id], [F_ItemType], [F_ItemId], [F_ObjectType], [F_ObjectId], [F_SortCode], [F_CreatorTime], [F_CreatorUserId]) VALUES (N'd08cb17a-f195-4bdd-b6cf-15e381da883a', 2, N'cd65e50a-0bea-45a9-b82e-f2eacdbd209e', 1, N'F0A2B36F-35A7-4660-B46C-D4AB796591EB', NULL, NULL, NULL)
INSERT [dbo].[Sys_RoleAuthorize] ([F_Id], [F_ItemType], [F_ItemId], [F_ObjectType], [F_ObjectId], [F_SortCode], [F_CreatorTime], [F_CreatorUserId]) VALUES (N'd6f8ff67-ee85-4779-9bde-2adff86047ca', 1, N'54E9D12D-C039-4F01-A6FE-810A147D31D5', 1, N'F0A2B36F-35A7-4660-B46C-D4AB796591EB', NULL, NULL, NULL)
INSERT [dbo].[Sys_RoleAuthorize] ([F_Id], [F_ItemType], [F_ItemId], [F_ObjectType], [F_ObjectId], [F_SortCode], [F_CreatorTime], [F_CreatorUserId]) VALUES (N'd7989a35-8771-4bf9-b716-77c9dff1bc76', 2, N'8a9993af-69b2-4d8a-85b3-337745a1f428', 1, N'F0A2B36F-35A7-4660-B46C-D4AB796591EB', NULL, NULL, NULL)
INSERT [dbo].[Sys_RoleAuthorize] ([F_Id], [F_ItemType], [F_ItemId], [F_ObjectType], [F_ObjectId], [F_SortCode], [F_CreatorTime], [F_CreatorUserId]) VALUES (N'da5f7a04-479f-4fd2-b409-7e32c3bbe14c', 1, N'1F14A1ED-B22E-4E4A-BF10-6CF018507E76', 1, N'F0A2B36F-35A7-4660-B46C-D4AB796591EB', NULL, NULL, NULL)
INSERT [dbo].[Sys_RoleAuthorize] ([F_Id], [F_ItemType], [F_ItemId], [F_ObjectType], [F_ObjectId], [F_SortCode], [F_CreatorTime], [F_CreatorUserId]) VALUES (N'da9dac7b-3d5a-411d-b209-0592b40dd63d', 1, N'F2DAD50B-95DF-48F7-8638-BA503B539143', 1, N'F0A2B36F-35A7-4660-B46C-D4AB796591EB', NULL, NULL, NULL)
INSERT [dbo].[Sys_RoleAuthorize] ([F_Id], [F_ItemType], [F_ItemId], [F_ObjectType], [F_ObjectId], [F_SortCode], [F_CreatorTime], [F_CreatorUserId]) VALUES (N'db563437-dc08-43ed-9274-c7b964729069', 1, N'0EDF1DDB-CA17-4D08-AA25-914FE4E13324', 1, N'F0A2B36F-35A7-4660-B46C-D4AB796591EB', NULL, NULL, NULL)
INSERT [dbo].[Sys_RoleAuthorize] ([F_Id], [F_ItemType], [F_ItemId], [F_ObjectType], [F_ObjectId], [F_SortCode], [F_CreatorTime], [F_CreatorUserId]) VALUES (N'db7c7d06-f47b-40ae-9f7e-2700e77418d7', 1, N'F298F868-B689-4982-8C8B-9268CBF0308D', 1, N'F0A2B36F-35A7-4660-B46C-D4AB796591EB', NULL, NULL, NULL)
INSERT [dbo].[Sys_RoleAuthorize] ([F_Id], [F_ItemType], [F_ItemId], [F_ObjectType], [F_ObjectId], [F_SortCode], [F_CreatorTime], [F_CreatorUserId]) VALUES (N'e02ea555-fd48-4673-90f9-546c6bc2ae03', 1, N'51174D27-3001-4CCF-AAB2-0AA2A6CEAA50', 1, N'F0A2B36F-35A7-4660-B46C-D4AB796591EB', NULL, NULL, NULL)
INSERT [dbo].[Sys_RoleAuthorize] ([F_Id], [F_ItemType], [F_ItemId], [F_ObjectType], [F_ObjectId], [F_SortCode], [F_CreatorTime], [F_CreatorUserId]) VALUES (N'e214c3e9-46e3-4748-9929-601738f092ff', 1, N'64A1C550-2C61-4A8C-833D-ACD0C012260F', 1, N'F0A2B36F-35A7-4660-B46C-D4AB796591EB', NULL, NULL, NULL)
INSERT [dbo].[Sys_RoleAuthorize] ([F_Id], [F_ItemType], [F_ItemId], [F_ObjectType], [F_ObjectId], [F_SortCode], [F_CreatorTime], [F_CreatorUserId]) VALUES (N'e53a2aca-6e0c-4db3-8b0b-a31112ba9d6e', 2, N'9FD543DB-C5BB-4789-ACFF-C5865AFB032C', 1, N'F0A2B36F-35A7-4660-B46C-D4AB796591EB', NULL, NULL, NULL)
GO
INSERT [dbo].[Sys_Role] ([F_Id], [F_OrganizeId], [F_Category], [F_EnCode], [F_FullName], [F_Type], [F_AllowEdit], [F_AllowDelete], [F_SortCode], [F_DeleteMark], [F_EnabledMark], [F_Description], [F_CreatorTime], [F_CreatorUserId], [F_LastModifyTime], [F_LastModifyUserId], [F_DeleteTime], [F_DeleteUserId]) VALUES (N'F0A2B36F-35A7-4660-B46C-D4AB796591EB', N'5AB270C0-5D33-4203-A54F-4552699FDA3C', 1, N'administrators', N'超级管理员', N'1', 1, 1, 1, 0, 1, NULL, CAST(0x0000A63F00000000 AS DateTime), NULL, CAST(0x0000A64D00011946 AS DateTime), N'9f2ec079-7d0f-4fe2-90ab-8b09a8302aba', NULL, NULL)
INSERT [dbo].[Sys_Role] ([F_Id], [F_OrganizeId], [F_Category], [F_EnCode], [F_FullName], [F_Type], [F_AllowEdit], [F_AllowDelete], [F_SortCode], [F_DeleteMark], [F_EnabledMark], [F_Description], [F_CreatorTime], [F_CreatorUserId], [F_LastModifyTime], [F_LastModifyUserId], [F_DeleteTime], [F_DeleteUserId]) VALUES (N'4B2140D3-E61D-488E-ADF6-FF0EBCBC5D2C', N'5AB270C0-5D33-4203-A54F-4552699FDA3C', 1, N'system', N'系统管理员', N'1', 0, 0, 2, 0, 1, NULL, CAST(0x0000A63F00000000 AS DateTime), NULL, NULL, NULL, NULL, NULL)
INSERT [dbo].[Sys_Role] ([F_Id], [F_OrganizeId], [F_Category], [F_EnCode], [F_FullName], [F_Type], [F_AllowEdit], [F_AllowDelete], [F_SortCode], [F_DeleteMark], [F_EnabledMark], [F_Description], [F_CreatorTime], [F_CreatorUserId], [F_LastModifyTime], [F_LastModifyUserId], [F_DeleteTime], [F_DeleteUserId]) VALUES (N'42C44AC0-27FA-482D-B5E3-8F9B38B80A6A', N'5AB270C0-5D33-4203-A54F-4552699FDA3C', 1, N'configuration', N'系统配置员', N'2', 0, 0, 3, 0, 1, NULL, CAST(0x0000A63F00000000 AS DateTime), NULL, NULL, NULL, NULL, NULL)
INSERT [dbo].[Sys_Role] ([F_Id], [F_OrganizeId], [F_Category], [F_EnCode], [F_FullName], [F_Type], [F_AllowEdit], [F_AllowDelete], [F_SortCode], [F_DeleteMark], [F_EnabledMark], [F_Description], [F_CreatorTime], [F_CreatorUserId], [F_LastModifyTime], [F_LastModifyUserId], [F_DeleteTime], [F_DeleteUserId]) VALUES (N'7A9CF301-FCDF-4BC9-A52B-A7D4FAE2D344', N'5AB270C0-5D33-4203-A54F-4552699FDA3C', 1, N'developer', N'系统开发人员', N'2', 0, 0, 4, 0, 1, NULL, CAST(0x0000A63F00000000 AS DateTime), NULL, NULL, NULL, NULL, NULL)
INSERT [dbo].[Sys_Role] ([F_Id], [F_OrganizeId], [F_Category], [F_EnCode], [F_FullName], [F_Type], [F_AllowEdit], [F_AllowDelete], [F_SortCode], [F_DeleteMark], [F_EnabledMark], [F_Description], [F_CreatorTime], [F_CreatorUserId], [F_LastModifyTime], [F_LastModifyUserId], [F_DeleteTime], [F_DeleteUserId]) VALUES (N'2691AB91-3010-465F-8D92-60A97425A45E', N'5AB270C0-5D33-4203-A54F-4552699FDA3C', 1, N'innerStaff', N'内部员工', N'2', 0, 0, 5, 0, 1, NULL, CAST(0x0000A63F00000000 AS DateTime), NULL, NULL, NULL, NULL, NULL)
INSERT [dbo].[Sys_Role] ([F_Id], [F_OrganizeId], [F_Category], [F_EnCode], [F_FullName], [F_Type], [F_AllowEdit], [F_AllowDelete], [F_SortCode], [F_DeleteMark], [F_EnabledMark], [F_Description], [F_CreatorTime], [F_CreatorUserId], [F_LastModifyTime], [F_LastModifyUserId], [F_DeleteTime], [F_DeleteUserId]) VALUES (N'41652BB4-E2DC-420E-AA8A-8C92784B76E3', N'5AB270C0-5D33-4203-A54F-4552699FDA3C', 1, N'archvist', N'档案管理员', N'2', 0, 0, 6, 0, 1, NULL, CAST(0x0000A63F00000000 AS DateTime), NULL, NULL, NULL, NULL, NULL)
INSERT [dbo].[Sys_Role] ([F_Id], [F_OrganizeId], [F_Category], [F_EnCode], [F_FullName], [F_Type], [F_AllowEdit], [F_AllowDelete], [F_SortCode], [F_DeleteMark], [F_EnabledMark], [F_Description], [F_CreatorTime], [F_CreatorUserId], [F_LastModifyTime], [F_LastModifyUserId], [F_DeleteTime], [F_DeleteUserId]) VALUES (N'531F7D18-C49F-4F4F-A920-0074FCB52078', N'5AB270C0-5D33-4203-A54F-4552699FDA3C', 1, N'guest', N'访客人员', N'2', 0, 0, 7, 0, 1, NULL, CAST(0x0000A63F00000000 AS DateTime), NULL, CAST(0x0000A64D01032386 AS DateTime), N'9f2ec079-7d0f-4fe2-90ab-8b09a8302aba', NULL, NULL)
INSERT [dbo].[Sys_Role] ([F_Id], [F_OrganizeId], [F_Category], [F_EnCode], [F_FullName], [F_Type], [F_AllowEdit], [F_AllowDelete], [F_SortCode], [F_DeleteMark], [F_EnabledMark], [F_Description], [F_CreatorTime], [F_CreatorUserId], [F_LastModifyTime], [F_LastModifyUserId], [F_DeleteTime], [F_DeleteUserId]) VALUES (N'2DA8390B-61A4-4E6C-A6E7-8F6794C7EDCE', N'5AB270C0-5D33-4203-A54F-4552699FDA3C', 1, N'tester', N'测试人员', N'2', 0, 0, 8, 0, 1, NULL, CAST(0x0000A63F00000000 AS DateTime), NULL, NULL, NULL, NULL, NULL)
INSERT [dbo].[Sys_Role] ([F_Id], [F_OrganizeId], [F_Category], [F_EnCode], [F_FullName], [F_Type], [F_AllowEdit], [F_AllowDelete], [F_SortCode], [F_DeleteMark], [F_EnabledMark], [F_Description], [F_CreatorTime], [F_CreatorUserId], [F_LastModifyTime], [F_LastModifyUserId], [F_DeleteTime], [F_DeleteUserId]) VALUES (N'07A8E061-AE47-49C9-8310-F055F35FF44B', N'5AB270C0-5D33-4203-A54F-4552699FDA3C', 1, N'services', N'客服人员', N'2', 0, 0, 9, 0, 1, NULL, CAST(0x0000A63F00000000 AS DateTime), NULL, NULL, NULL, NULL, NULL)
INSERT [dbo].[Sys_Role] ([F_Id], [F_OrganizeId], [F_Category], [F_EnCode], [F_FullName], [F_Type], [F_AllowEdit], [F_AllowDelete], [F_SortCode], [F_DeleteMark], [F_EnabledMark], [F_Description], [F_CreatorTime], [F_CreatorUserId], [F_LastModifyTime], [F_LastModifyUserId], [F_DeleteTime], [F_DeleteUserId]) VALUES (N'AADB479E-9F87-49B1-AE2D-5DA6FECA3F8E', N'5AB270C0-5D33-4203-A54F-4552699FDA3C', 1, N'implement', N'实施人员', N'2', 0, 0, 10, 0, 1, NULL, CAST(0x0000A63F00000000 AS DateTime), NULL, NULL, NULL, NULL, NULL)
INSERT [dbo].[Sys_Role] ([F_Id], [F_OrganizeId], [F_Category], [F_EnCode], [F_FullName], [F_Type], [F_AllowEdit], [F_AllowDelete], [F_SortCode], [F_DeleteMark], [F_EnabledMark], [F_Description], [F_CreatorTime], [F_CreatorUserId], [F_LastModifyTime], [F_LastModifyUserId], [F_DeleteTime], [F_DeleteUserId]) VALUES (N'E5EA792F-915D-44BC-9F4F-EEDB26DE5DFD', N'5AB270C0-5D33-4203-A54F-4552699FDA3C', 1, N'IPQC', N'环保巡检员', N'2', 0, 0, 11, 0, 1, NULL, CAST(0x0000A63F00000000 AS DateTime), NULL, NULL, NULL, NULL, NULL)
INSERT [dbo].[Sys_Role] ([F_Id], [F_OrganizeId], [F_Category], [F_EnCode], [F_FullName], [F_Type], [F_AllowEdit], [F_AllowDelete], [F_SortCode], [F_DeleteMark], [F_EnabledMark], [F_Description], [F_CreatorTime], [F_CreatorUserId], [F_LastModifyTime], [F_LastModifyUserId], [F_DeleteTime], [F_DeleteUserId]) VALUES (N'8683CB17-5F9D-4A99-A233-A18C4D1CF95B', N'5AB270C0-5D33-4203-A54F-4552699FDA3C', 1, N'businessPersonnel', N'业务人员', N'2', 0, 0, 12, 0, 1, NULL, CAST(0x0000A63F00000000 AS DateTime), NULL, NULL, NULL, NULL, NULL)
INSERT [dbo].[Sys_Role] ([F_Id], [F_OrganizeId], [F_Category], [F_EnCode], [F_FullName], [F_Type], [F_AllowEdit], [F_AllowDelete], [F_SortCode], [F_DeleteMark], [F_EnabledMark], [F_Description], [F_CreatorTime], [F_CreatorUserId], [F_LastModifyTime], [F_LastModifyUserId], [F_DeleteTime], [F_DeleteUserId]) VALUES (N'F68956A9-9C53-4C08-AFE8-8A4755FE2B8F', N'5AB270C0-5D33-4203-A54F-4552699FDA3C', 1, N'inventory', N'库存管理员', N'2', 0, 0, 13, 0, 1, NULL, CAST(0x0000A63F00000000 AS DateTime), NULL, NULL, NULL, NULL, NULL)
INSERT [dbo].[Sys_Role] ([F_Id], [F_OrganizeId], [F_Category], [F_EnCode], [F_FullName], [F_Type], [F_AllowEdit], [F_AllowDelete], [F_SortCode], [F_DeleteMark], [F_EnabledMark], [F_Description], [F_CreatorTime], [F_CreatorUserId], [F_LastModifyTime], [F_LastModifyUserId], [F_DeleteTime], [F_DeleteUserId]) VALUES (N'F9421969-D85C-4E4C-927F-CCFB18388A59', N'5AB270C0-5D33-4203-A54F-4552699FDA3C', 1, N'contracts', N'合同专员', N'2', 0, 0, 14, 0, 1, NULL, CAST(0x0000A63F00000000 AS DateTime), NULL, NULL, NULL, NULL, NULL)
INSERT [dbo].[Sys_Role] ([F_Id], [F_OrganizeId], [F_Category], [F_EnCode], [F_FullName], [F_Type], [F_AllowEdit], [F_AllowDelete], [F_SortCode], [F_DeleteMark], [F_EnabledMark], [F_Description], [F_CreatorTime], [F_CreatorUserId], [F_LastModifyTime], [F_LastModifyUserId], [F_DeleteTime], [F_DeleteUserId]) VALUES (N'59CEAE05-0FD4-4FD3-A755-A1DFA3803D2B', N'5AB270C0-5D33-4203-A54F-4552699FDA3C', 1, N'consumer', N'客户维护员', N'2', 0, 0, 15, 0, 1, NULL, CAST(0x0000A63F00000000 AS DateTime), NULL, NULL, NULL, NULL, NULL)
INSERT [dbo].[Sys_Role] ([F_Id], [F_OrganizeId], [F_Category], [F_EnCode], [F_FullName], [F_Type], [F_AllowEdit], [F_AllowDelete], [F_SortCode], [F_DeleteMark], [F_EnabledMark], [F_Description], [F_CreatorTime], [F_CreatorUserId], [F_LastModifyTime], [F_LastModifyUserId], [F_DeleteTime], [F_DeleteUserId]) VALUES (N'23ED024E-0AAA-4C8D-9216-D1AB93348D26', N'5AB270C0-5D33-4203-A54F-4552699FDA3C', 2, N'employee', N'员工', NULL, 0, 0, 1, 0, 1, NULL, CAST(0x0000A64100000000 AS DateTime), NULL, CAST(0x0000A64700FC65A3 AS DateTime), NULL, NULL, NULL)
INSERT [dbo].[Sys_Role] ([F_Id], [F_OrganizeId], [F_Category], [F_EnCode], [F_FullName], [F_Type], [F_AllowEdit], [F_AllowDelete], [F_SortCode], [F_DeleteMark], [F_EnabledMark], [F_Description], [F_CreatorTime], [F_CreatorUserId], [F_LastModifyTime], [F_LastModifyUserId], [F_DeleteTime], [F_DeleteUserId]) VALUES (N'D335A5B8-7DED-495C-B8FC-EE933FB30779', N'5AB270C0-5D33-4203-A54F-4552699FDA3C', 2, N'charge', N'主管', NULL, 0, 0, 2, 0, 1, NULL, CAST(0x0000A64100000000 AS DateTime), NULL, CAST(0x0000A64700FBF745 AS DateTime), NULL, NULL, NULL)
INSERT [dbo].[Sys_Role] ([F_Id], [F_OrganizeId], [F_Category], [F_EnCode], [F_FullName], [F_Type], [F_AllowEdit], [F_AllowDelete], [F_SortCode], [F_DeleteMark], [F_EnabledMark], [F_Description], [F_CreatorTime], [F_CreatorUserId], [F_LastModifyTime], [F_LastModifyUserId], [F_DeleteTime], [F_DeleteUserId]) VALUES (N'0052A230-EA7B-4F3A-A1C9-1611FF26481A', N'5AB270C0-5D33-4203-A54F-4552699FDA3C', 2, N'manager', N'经理', NULL, NULL, NULL, 3, 0, 1, NULL, CAST(0x0000A64100000000 AS DateTime), NULL, NULL, NULL, NULL, NULL)
INSERT [dbo].[Sys_Role] ([F_Id], [F_OrganizeId], [F_Category], [F_EnCode], [F_FullName], [F_Type], [F_AllowEdit], [F_AllowDelete], [F_SortCode], [F_DeleteMark], [F_EnabledMark], [F_Description], [F_CreatorTime], [F_CreatorUserId], [F_LastModifyTime], [F_LastModifyUserId], [F_DeleteTime], [F_DeleteUserId]) VALUES (N'CEEA79E8-2E19-4294-8447-13247053DE04', N'5AB270C0-5D33-4203-A54F-4552699FDA3C', 2, N'director', N'总监', NULL, NULL, NULL, 4, 0, 1, NULL, CAST(0x0000A64100000000 AS DateTime), NULL, NULL, NULL, NULL, NULL)
INSERT [dbo].[Sys_Role] ([F_Id], [F_OrganizeId], [F_Category], [F_EnCode], [F_FullName], [F_Type], [F_AllowEdit], [F_AllowDelete], [F_SortCode], [F_DeleteMark], [F_EnabledMark], [F_Description], [F_CreatorTime], [F_CreatorUserId], [F_LastModifyTime], [F_LastModifyUserId], [F_DeleteTime], [F_DeleteUserId]) VALUES (N'EA56E457-5024-49AF-9410-D5D71D24F14B', N'5AB270C0-5D33-4203-A54F-4552699FDA3C', 2, N'vicegeneral', N'副总经理', NULL, NULL, NULL, 5, 0, 1, NULL, CAST(0x0000A64100000000 AS DateTime), NULL, NULL, NULL, NULL, NULL)
INSERT [dbo].[Sys_Role] ([F_Id], [F_OrganizeId], [F_Category], [F_EnCode], [F_FullName], [F_Type], [F_AllowEdit], [F_AllowDelete], [F_SortCode], [F_DeleteMark], [F_EnabledMark], [F_Description], [F_CreatorTime], [F_CreatorUserId], [F_LastModifyTime], [F_LastModifyUserId], [F_DeleteTime], [F_DeleteUserId]) VALUES (N'796E9C6A-8432-4BA6-8CF6-EFFAB6F2098C', N'5AB270C0-5D33-4203-A54F-4552699FDA3C', 2, N'general', N'总经理', NULL, NULL, NULL, 6, 0, 1, NULL, CAST(0x0000A64100000000 AS DateTime), NULL, NULL, NULL, NULL, NULL)
INSERT [dbo].[Sys_Role] ([F_Id], [F_OrganizeId], [F_Category], [F_EnCode], [F_FullName], [F_Type], [F_AllowEdit], [F_AllowDelete], [F_SortCode], [F_DeleteMark], [F_EnabledMark], [F_Description], [F_CreatorTime], [F_CreatorUserId], [F_LastModifyTime], [F_LastModifyUserId], [F_DeleteTime], [F_DeleteUserId]) VALUES (N'91E09653-D3DE-416A-BF6C-E91E60B4B4CF', N'5AB270C0-5D33-4203-A54F-4552699FDA3C', 2, N'chairman', N'主任', NULL, NULL, NULL, 7, 0, 1, NULL, CAST(0x0000A64100000000 AS DateTime), NULL, NULL, NULL, NULL, NULL)
INSERT [dbo].[Sys_Role] ([F_Id], [F_OrganizeId], [F_Category], [F_EnCode], [F_FullName], [F_Type], [F_AllowEdit], [F_AllowDelete], [F_SortCode], [F_DeleteMark], [F_EnabledMark], [F_Description], [F_CreatorTime], [F_CreatorUserId], [F_LastModifyTime], [F_LastModifyUserId], [F_DeleteTime], [F_DeleteUserId]) VALUES (N'C609D4D6-81F7-4647-BF2F-81BD4CED2C19', N'5AB270C0-5D33-4203-A54F-4552699FDA3C', 2, N'fileattache', N'档案专员', NULL, NULL, NULL, 8, 0, 1, NULL, CAST(0x0000A64100000000 AS DateTime), NULL, NULL, NULL, NULL, NULL)
INSERT [dbo].[Sys_Role] ([F_Id], [F_OrganizeId], [F_Category], [F_EnCode], [F_FullName], [F_Type], [F_AllowEdit], [F_AllowDelete], [F_SortCode], [F_DeleteMark], [F_EnabledMark], [F_Description], [F_CreatorTime], [F_CreatorUserId], [F_LastModifyTime], [F_LastModifyUserId], [F_DeleteTime], [F_DeleteUserId]) VALUES (N'F03EA699-9A0A-4EE9-9D33-27B9A7DFF09B', N'5AB270C0-5D33-4203-A54F-4552699FDA3C', 2, N'engineer', N'高级工程师', NULL, NULL, NULL, 9, 0, 1, NULL, CAST(0x0000A64100000000 AS DateTime), NULL, NULL, NULL, NULL, NULL)
INSERT [dbo].[Sys_Role] ([F_Id], [F_OrganizeId], [F_Category], [F_EnCode], [F_FullName], [F_Type], [F_AllowEdit], [F_AllowDelete], [F_SortCode], [F_DeleteMark], [F_EnabledMark], [F_Description], [F_CreatorTime], [F_CreatorUserId], [F_LastModifyTime], [F_LastModifyUserId], [F_DeleteTime], [F_DeleteUserId]) VALUES (N'0CD2A952-2EE0-4CAF-9757-617D5075745B', N'5AB270C0-5D33-4203-A54F-4552699FDA3C', 2, N'president', N'董事长', NULL, NULL, NULL, 10, 0, 1, NULL, CAST(0x0000A64100000000 AS DateTime), NULL, NULL, NULL, NULL, NULL)
GO
INSERT [dbo].[Sys_Organize] ([F_Id], [F_ParentId], [F_Layers], [F_EnCode], [F_FullName], [F_ShortName], [F_CategoryId], [F_ManagerId], [F_TelePhone], [F_MobilePhone], [F_WeChat], [F_Fax], [F_Email], [F_AreaId], [F_Address], [F_AllowEdit], [F_AllowDelete], [F_SortCode], [F_DeleteMark], [F_EnabledMark], [F_Description], [F_CreatorTime], [F_CreatorUserId], [F_LastModifyTime], [F_LastModifyUserId], [F_DeleteTime], [F_DeleteUserId]) VALUES (N'5AB270C0-5D33-4203-A54F-4552699FDA3C', N'0', 1, N'Company', N'哈尔滨***有限公司', NULL, N'Company', N'姜总', NULL, NULL, NULL, NULL, NULL, NULL, N'哈尔滨市南岗区', NULL, NULL, 1, 0, 1, NULL, CAST(0x0000A62100000000 AS DateTime), NULL, CAST(0x0000A7AD0127430B AS DateTime), N'9f2ec079-7d0f-4fe2-90ab-8b09a8302aba', NULL, NULL)
INSERT [dbo].[Sys_Organize] ([F_Id], [F_ParentId], [F_Layers], [F_EnCode], [F_FullName], [F_ShortName], [F_CategoryId], [F_ManagerId], [F_TelePhone], [F_MobilePhone], [F_WeChat], [F_Fax], [F_Email], [F_AreaId], [F_Address], [F_AllowEdit], [F_AllowDelete], [F_SortCode], [F_DeleteMark], [F_EnabledMark], [F_Description], [F_CreatorTime], [F_CreatorUserId], [F_LastModifyTime], [F_LastModifyUserId], [F_DeleteTime], [F_DeleteUserId]) VALUES (N'80E10CD5-7591-40B8-A005-BCDE1B961E76', N'5AB270C0-5D33-4203-A54F-4552699FDA3C', 2, N'Administration', N'行政部', NULL, N'Department', NULL, NULL, NULL, NULL, NULL, NULL, NULL, NULL, NULL, NULL, 2, 0, 1, NULL, CAST(0x0000A62100000000 AS DateTime), NULL, CAST(0x0000A7AD01274804 AS DateTime), N'9f2ec079-7d0f-4fe2-90ab-8b09a8302aba', NULL, NULL)
INSERT [dbo].[Sys_Organize] ([F_Id], [F_ParentId], [F_Layers], [F_EnCode], [F_FullName], [F_ShortName], [F_CategoryId], [F_ManagerId], [F_TelePhone], [F_MobilePhone], [F_WeChat], [F_Fax], [F_Email], [F_AreaId], [F_Address], [F_AllowEdit], [F_AllowDelete], [F_SortCode], [F_DeleteMark], [F_EnabledMark], [F_Description], [F_CreatorTime], [F_CreatorUserId], [F_LastModifyTime], [F_LastModifyUserId], [F_DeleteTime], [F_DeleteUserId]) VALUES (N'5B417E2B-4B96-4F37-8BAA-10E5A812D05E', N'5AB270C0-5D33-4203-A54F-4552699FDA3C', 2, N'Market', N'市场部', NULL, N'Department', NULL, NULL, NULL, NULL, NULL, NULL, NULL, NULL, NULL, NULL, 3, 0, 1, NULL, CAST(0x0000A62100000000 AS DateTime), NULL, NULL, NULL, NULL, NULL)
INSERT [dbo].[Sys_Organize] ([F_Id], [F_ParentId], [F_Layers], [F_EnCode], [F_FullName], [F_ShortName], [F_CategoryId], [F_ManagerId], [F_TelePhone], [F_MobilePhone], [F_WeChat], [F_Fax], [F_Email], [F_AreaId], [F_Address], [F_AllowEdit], [F_AllowDelete], [F_SortCode], [F_DeleteMark], [F_EnabledMark], [F_Description], [F_CreatorTime], [F_CreatorUserId], [F_LastModifyTime], [F_LastModifyUserId], [F_DeleteTime], [F_DeleteUserId]) VALUES (N'F02A66CA-3D8B-491B-8A17-C9ACA3E3B5DD', N'5AB270C0-5D33-4203-A54F-4552699FDA3C', 2, N'Financial', N'财务部', NULL, N'Department', NULL, NULL, NULL, NULL, NULL, NULL, NULL, NULL, NULL, NULL, 4, 0, 1, NULL, CAST(0x0000A62100000000 AS DateTime), NULL, NULL, NULL, NULL, NULL)
INSERT [dbo].[Sys_Organize] ([F_Id], [F_ParentId], [F_Layers], [F_EnCode], [F_FullName], [F_ShortName], [F_CategoryId], [F_ManagerId], [F_TelePhone], [F_MobilePhone], [F_WeChat], [F_Fax], [F_Email], [F_AreaId], [F_Address], [F_AllowEdit], [F_AllowDelete], [F_SortCode], [F_DeleteMark], [F_EnabledMark], [F_Description], [F_CreatorTime], [F_CreatorUserId], [F_LastModifyTime], [F_LastModifyUserId], [F_DeleteTime], [F_DeleteUserId]) VALUES (N'554C61CE-6AE0-44EB-B33D-A462BE7EB3E1', N'5AB270C0-5D33-4203-A54F-4552699FDA3C', 2, N'Ministry', N'技术部', NULL, N'Department', NULL, NULL, NULL, NULL, NULL, NULL, NULL, NULL, NULL, NULL, 5, 0, 1, NULL, CAST(0x0000A62100000000 AS DateTime), NULL, NULL, NULL, NULL, NULL)
INSERT [dbo].[Sys_Organize] ([F_Id], [F_ParentId], [F_Layers], [F_EnCode], [F_FullName], [F_ShortName], [F_CategoryId], [F_ManagerId], [F_TelePhone], [F_MobilePhone], [F_WeChat], [F_Fax], [F_Email], [F_AreaId], [F_Address], [F_AllowEdit], [F_AllowDelete], [F_SortCode], [F_DeleteMark], [F_EnabledMark], [F_Description], [F_CreatorTime], [F_CreatorUserId], [F_LastModifyTime], [F_LastModifyUserId], [F_DeleteTime], [F_DeleteUserId]) VALUES (N'BD830AEF-0A2E-4228-ACF8-8843C39D41D8', N'5AB270C0-5D33-4203-A54F-4552699FDA3C', 2, N'Purchase', N'采购部', NULL, N'Department', NULL, NULL, NULL, NULL, NULL, NULL, NULL, NULL, NULL, NULL, 6, 0, 1, NULL, CAST(0x0000A62100000000 AS DateTime), NULL, NULL, NULL, NULL, NULL)
INSERT [dbo].[Sys_Organize] ([F_Id], [F_ParentId], [F_Layers], [F_EnCode], [F_FullName], [F_ShortName], [F_CategoryId], [F_ManagerId], [F_TelePhone], [F_MobilePhone], [F_WeChat], [F_Fax], [F_Email], [F_AreaId], [F_Address], [F_AllowEdit], [F_AllowDelete], [F_SortCode], [F_DeleteMark], [F_EnabledMark], [F_Description], [F_CreatorTime], [F_CreatorUserId], [F_LastModifyTime], [F_LastModifyUserId], [F_DeleteTime], [F_DeleteUserId]) VALUES (N'253EDA1F-F158-4F3F-A778-B7E538E052A2', N'5AB270C0-5D33-4203-A54F-4552699FDA3C', 2, N'Manufacturing', N'生产部', NULL, N'Department', NULL, NULL, NULL, NULL, NULL, NULL, NULL, NULL, NULL, NULL, 7, 0, 1, NULL, CAST(0x0000A62100000000 AS DateTime), NULL, NULL, NULL, NULL, NULL)
INSERT [dbo].[Sys_Organize] ([F_Id], [F_ParentId], [F_Layers], [F_EnCode], [F_FullName], [F_ShortName], [F_CategoryId], [F_ManagerId], [F_TelePhone], [F_MobilePhone], [F_WeChat], [F_Fax], [F_Email], [F_AreaId], [F_Address], [F_AllowEdit], [F_AllowDelete], [F_SortCode], [F_DeleteMark], [F_EnabledMark], [F_Description], [F_CreatorTime], [F_CreatorUserId], [F_LastModifyTime], [F_LastModifyUserId], [F_DeleteTime], [F_DeleteUserId]) VALUES (N'DFA2FB91-C909-44A3-9282-BF946102E1C9', N'5AB270C0-5D33-4203-A54F-4552699FDA3C', 2, N'HumanResourse', N'人事部', NULL, N'Department', NULL, NULL, NULL, NULL, NULL, NULL, NULL, NULL, NULL, NULL, 8, 0, 1, NULL, CAST(0x0000A62100000000 AS DateTime), NULL, NULL, NULL, NULL, NULL)
INSERT [dbo].[Sys_Organize] ([F_Id], [F_ParentId], [F_Layers], [F_EnCode], [F_FullName], [F_ShortName], [F_CategoryId], [F_ManagerId], [F_TelePhone], [F_MobilePhone], [F_WeChat], [F_Fax], [F_Email], [F_AreaId], [F_Address], [F_AllowEdit], [F_AllowDelete], [F_SortCode], [F_DeleteMark], [F_EnabledMark], [F_Description], [F_CreatorTime], [F_CreatorUserId], [F_LastModifyTime], [F_LastModifyUserId], [F_DeleteTime], [F_DeleteUserId]) VALUES (N'59703D6A-0EC9-4762-824F-A8D9E62E93D2', N'5AB270C0-5D33-4203-A54F-4552699FDA3C', 2, N'Sales', N'营销部', NULL, N'Department', NULL, NULL, NULL, NULL, NULL, NULL, NULL, NULL, NULL, NULL, 9, 0, 1, NULL, CAST(0x0000A62100000000 AS DateTime), NULL, NULL, NULL, NULL, NULL)
GO
INSERT [dbo].[Sys_ModuleButton] ([F_Id], [F_ModuleId], [F_ParentId], [F_Layers], [F_EnCode], [F_FullName], [F_Icon], [F_Location], [F_JsEvent], [F_UrlAddress], [F_Split], [F_IsPublic], [F_AllowEdit], [F_AllowDelete], [F_SortCode], [F_DeleteMark], [F_EnabledMark], [F_Description], [F_CreatorTime], [F_CreatorUserId], [F_LastModifyTime], [F_LastModifyUserId], [F_DeleteTime], [F_DeleteUserId]) VALUES (N'9FD543DB-C5BB-4789-ACFF-C5865AFB032C', N'64A1C550-2C61-4A8C-833D-ACD0C012260F', N'0', 1, N'NF-add', N'新增菜单', NULL, 1, N'btn_add()', N'/SystemManage/Module/Form', 0, 0, 0, 0, 1, 0, 1, NULL, NULL, NULL, CAST(0x0000A64E01027E86 AS DateTime), N'9f2ec079-7d0f-4fe2-90ab-8b09a8302aba', NULL, NULL)
INSERT [dbo].[Sys_ModuleButton] ([F_Id], [F_ModuleId], [F_ParentId], [F_Layers], [F_EnCode], [F_FullName], [F_Icon], [F_Location], [F_JsEvent], [F_UrlAddress], [F_Split], [F_IsPublic], [F_AllowEdit], [F_AllowDelete], [F_SortCode], [F_DeleteMark], [F_EnabledMark], [F_Description], [F_CreatorTime], [F_CreatorUserId], [F_LastModifyTime], [F_LastModifyUserId], [F_DeleteTime], [F_DeleteUserId]) VALUES (N'E29FCBA7-F848-4A8B-BC41-A3C668A9005D', N'64A1C550-2C61-4A8C-833D-ACD0C012260F', N'0', 1, N'NF-edit', N'修改菜单', NULL, 2, N'btn_edit()', N'/SystemManage/Module/Form', 0, 0, 0, 0, 2, 0, 1, NULL, NULL, NULL, CAST(0x0000A64E01027772 AS DateTime), N'9f2ec079-7d0f-4fe2-90ab-8b09a8302aba', NULL, NULL)
INSERT [dbo].[Sys_ModuleButton] ([F_Id], [F_ModuleId], [F_ParentId], [F_Layers], [F_EnCode], [F_FullName], [F_Icon], [F_Location], [F_JsEvent], [F_UrlAddress], [F_Split], [F_IsPublic], [F_AllowEdit], [F_AllowDelete], [F_SortCode], [F_DeleteMark], [F_EnabledMark], [F_Description], [F_CreatorTime], [F_CreatorUserId], [F_LastModifyTime], [F_LastModifyUserId], [F_DeleteTime], [F_DeleteUserId]) VALUES (N'85F5212F-E321-4124-B155-9374AA5D9C10', N'64A1C550-2C61-4A8C-833D-ACD0C012260F', N'0', 1, N'NF-delete', N'删除菜单', NULL, 2, N'btn_delete()', N'/SystemManage/Module/DeleteForm', 0, 0, 0, 0, 3, 0, 1, NULL, NULL, NULL, CAST(0x0000A64E0102867A AS DateTime), N'9f2ec079-7d0f-4fe2-90ab-8b09a8302aba', NULL, NULL)
INSERT [dbo].[Sys_ModuleButton] ([F_Id], [F_ModuleId], [F_ParentId], [F_Layers], [F_EnCode], [F_FullName], [F_Icon], [F_Location], [F_JsEvent], [F_UrlAddress], [F_Split], [F_IsPublic], [F_AllowEdit], [F_AllowDelete], [F_SortCode], [F_DeleteMark], [F_EnabledMark], [F_Description], [F_CreatorTime], [F_CreatorUserId], [F_LastModifyTime], [F_LastModifyUserId], [F_DeleteTime], [F_DeleteUserId]) VALUES (N'D4FCAFED-7640-449E-80B7-622DDACD5012', N'64A1C550-2C61-4A8C-833D-ACD0C012260F', N'0', 1, N'NF-Details', N'查看菜单', NULL, 2, N'btn_details()', N'/SystemManage/Module/Details', 1, 0, 0, 0, 4, 0, 1, NULL, NULL, NULL, CAST(0x0000A64E0102946D AS DateTime), N'9f2ec079-7d0f-4fe2-90ab-8b09a8302aba', NULL, NULL)
INSERT [dbo].[Sys_ModuleButton] ([F_Id], [F_ModuleId], [F_ParentId], [F_Layers], [F_EnCode], [F_FullName], [F_Icon], [F_Location], [F_JsEvent], [F_UrlAddress], [F_Split], [F_IsPublic], [F_AllowEdit], [F_AllowDelete], [F_SortCode], [F_DeleteMark], [F_EnabledMark], [F_Description], [F_CreatorTime], [F_CreatorUserId], [F_LastModifyTime], [F_LastModifyUserId], [F_DeleteTime], [F_DeleteUserId]) VALUES (N'FD3D073C-4F88-467A-AE3B-CDD060952CE6', N'64A1C550-2C61-4A8C-833D-ACD0C012260F', N'0', 1, N'NF-modulebutton', N'按钮管理', NULL, 2, N'btn_modulebutton()', N'/SystemManage/ModuleButton/Index', 0, 0, NULL, NULL, 5, 0, 1, NULL, NULL, NULL, NULL, NULL, NULL, NULL)
INSERT [dbo].[Sys_ModuleButton] ([F_Id], [F_ModuleId], [F_ParentId], [F_Layers], [F_EnCode], [F_FullName], [F_Icon], [F_Location], [F_JsEvent], [F_UrlAddress], [F_Split], [F_IsPublic], [F_AllowEdit], [F_AllowDelete], [F_SortCode], [F_DeleteMark], [F_EnabledMark], [F_Description], [F_CreatorTime], [F_CreatorUserId], [F_LastModifyTime], [F_LastModifyUserId], [F_DeleteTime], [F_DeleteUserId]) VALUES (N'4bb19533-8e81-419b-86a1-7ee56bf1dd45', N'252229DB-35CA-47AE-BDAE-C9903ED5BA7B', N'0', 1, N'NF-delete', N'删除机构', NULL, 2, N'btn_delete()', N'/SystemManage/Organize/DeleteForm', 0, 0, 0, 0, 3, 0, 1, NULL, NULL, NULL, NULL, NULL, NULL, NULL)
INSERT [dbo].[Sys_ModuleButton] ([F_Id], [F_ModuleId], [F_ParentId], [F_Layers], [F_EnCode], [F_FullName], [F_Icon], [F_Location], [F_JsEvent], [F_UrlAddress], [F_Split], [F_IsPublic], [F_AllowEdit], [F_AllowDelete], [F_SortCode], [F_DeleteMark], [F_EnabledMark], [F_Description], [F_CreatorTime], [F_CreatorUserId], [F_LastModifyTime], [F_LastModifyUserId], [F_DeleteTime], [F_DeleteUserId]) VALUES (N'709a4a7b-4d98-462d-b47c-351ef11db06f', N'252229DB-35CA-47AE-BDAE-C9903ED5BA7B', N'0', 1, N'NF-Details', N'查看机构', NULL, 2, N'btn_details()', N'/SystemManage/Organize/Details', 0, 0, 0, 0, 4, 0, 1, NULL, NULL, NULL, NULL, NULL, NULL, NULL)
INSERT [dbo].[Sys_ModuleButton] ([F_Id], [F_ModuleId], [F_ParentId], [F_Layers], [F_EnCode], [F_FullName], [F_Icon], [F_Location], [F_JsEvent], [F_UrlAddress], [F_Split], [F_IsPublic], [F_AllowEdit], [F_AllowDelete], [F_SortCode], [F_DeleteMark], [F_EnabledMark], [F_Description], [F_CreatorTime], [F_CreatorUserId], [F_LastModifyTime], [F_LastModifyUserId], [F_DeleteTime], [F_DeleteUserId]) VALUES (N'91be873e-ccb7-434f-9a3b-d312d6d5798a', N'252229DB-35CA-47AE-BDAE-C9903ED5BA7B', N'0', 1, N'NF-edit', N'修改机构', NULL, 2, N'btn_edit()', N'/SystemManage/Organize/Form', 0, 0, 0, 0, 2, 0, 1, NULL, NULL, NULL, NULL, NULL, NULL, NULL)
INSERT [dbo].[Sys_ModuleButton] ([F_Id], [F_ModuleId], [F_ParentId], [F_Layers], [F_EnCode], [F_FullName], [F_Icon], [F_Location], [F_JsEvent], [F_UrlAddress], [F_Split], [F_IsPublic], [F_AllowEdit], [F_AllowDelete], [F_SortCode], [F_DeleteMark], [F_EnabledMark], [F_Description], [F_CreatorTime], [F_CreatorUserId], [F_LastModifyTime], [F_LastModifyUserId], [F_DeleteTime], [F_DeleteUserId]) VALUES (N'cd65e50a-0bea-45a9-b82e-f2eacdbd209e', N'252229DB-35CA-47AE-BDAE-C9903ED5BA7B', N'0', 1, N'NF-add', N'新建机构', NULL, 1, N'btn_add()', N'/SystemManage/Organize/Form', 0, 0, 0, 0, 1, 0, 1, NULL, NULL, NULL, NULL, NULL, NULL, NULL)
INSERT [dbo].[Sys_ModuleButton] ([F_Id], [F_ModuleId], [F_ParentId], [F_Layers], [F_EnCode], [F_FullName], [F_Icon], [F_Location], [F_JsEvent], [F_UrlAddress], [F_Split], [F_IsPublic], [F_AllowEdit], [F_AllowDelete], [F_SortCode], [F_DeleteMark], [F_EnabledMark], [F_Description], [F_CreatorTime], [F_CreatorUserId], [F_LastModifyTime], [F_LastModifyUserId], [F_DeleteTime], [F_DeleteUserId]) VALUES (N'239077ff-13e1-4720-84e1-67b6f0276979', N'91A6CFAD-B2F9-4294-BDAE-76DECF412C6C', N'0', 1, N'NF-delete', N'删除角色', NULL, 2, N'btn_delete()', N'/SystemManage/Role/DeleteForm', 0, 0, 0, 0, 3, 0, 1, NULL, NULL, NULL, NULL, NULL, NULL, NULL)
INSERT [dbo].[Sys_ModuleButton] ([F_Id], [F_ModuleId], [F_ParentId], [F_Layers], [F_EnCode], [F_FullName], [F_Icon], [F_Location], [F_JsEvent], [F_UrlAddress], [F_Split], [F_IsPublic], [F_AllowEdit], [F_AllowDelete], [F_SortCode], [F_DeleteMark], [F_EnabledMark], [F_Description], [F_CreatorTime], [F_CreatorUserId], [F_LastModifyTime], [F_LastModifyUserId], [F_DeleteTime], [F_DeleteUserId]) VALUES (N'5d708d9d-6ebe-40ea-8589-e3efce9e74ec', N'91A6CFAD-B2F9-4294-BDAE-76DECF412C6C', N'0', 1, N'NF-add', N'新建角色', NULL, 1, N'btn_add()', N'/SystemManage/Role/Form', 0, 0, 0, 0, 1, 0, 1, NULL, NULL, NULL, NULL, NULL, NULL, NULL)
INSERT [dbo].[Sys_ModuleButton] ([F_Id], [F_ModuleId], [F_ParentId], [F_Layers], [F_EnCode], [F_FullName], [F_Icon], [F_Location], [F_JsEvent], [F_UrlAddress], [F_Split], [F_IsPublic], [F_AllowEdit], [F_AllowDelete], [F_SortCode], [F_DeleteMark], [F_EnabledMark], [F_Description], [F_CreatorTime], [F_CreatorUserId], [F_LastModifyTime], [F_LastModifyUserId], [F_DeleteTime], [F_DeleteUserId]) VALUES (N'f93763ff-51a1-478d-9585-3c86084c54f3', N'91A6CFAD-B2F9-4294-BDAE-76DECF412C6C', N'0', 1, N'NF-Details', N'查看角色', NULL, 2, N'btn_details()', N'/SystemManage/Role/Details', 0, 0, 0, 0, 4, 0, 1, NULL, NULL, NULL, NULL, NULL, NULL, NULL)
INSERT [dbo].[Sys_ModuleButton] ([F_Id], [F_ModuleId], [F_ParentId], [F_Layers], [F_EnCode], [F_FullName], [F_Icon], [F_Location], [F_JsEvent], [F_UrlAddress], [F_Split], [F_IsPublic], [F_AllowEdit], [F_AllowDelete], [F_SortCode], [F_DeleteMark], [F_EnabledMark], [F_Description], [F_CreatorTime], [F_CreatorUserId], [F_LastModifyTime], [F_LastModifyUserId], [F_DeleteTime], [F_DeleteUserId]) VALUES (N'ffffe7f8-900c-413a-9970-bee7d6599cce', N'91A6CFAD-B2F9-4294-BDAE-76DECF412C6C', N'0', 1, N'NF-edit', N'修改角色', NULL, 2, N'btn_edit()', N'/SystemManage/Role/Form', 0, 0, 0, 0, 2, 0, 1, NULL, NULL, NULL, NULL, NULL, NULL, NULL)
INSERT [dbo].[Sys_ModuleButton] ([F_Id], [F_ModuleId], [F_ParentId], [F_Layers], [F_EnCode], [F_FullName], [F_Icon], [F_Location], [F_JsEvent], [F_UrlAddress], [F_Split], [F_IsPublic], [F_AllowEdit], [F_AllowDelete], [F_SortCode], [F_DeleteMark], [F_EnabledMark], [F_Description], [F_CreatorTime], [F_CreatorUserId], [F_LastModifyTime], [F_LastModifyUserId], [F_DeleteTime], [F_DeleteUserId]) VALUES (N'13c9a15f-c50d-4f09-8344-fd0050f70086', N'F298F868-B689-4982-8C8B-9268CBF0308D', N'0', 1, N'NF-add', N'新建岗位', NULL, 1, N'btn_add()', N'/SystemManage/Duty/Form', 0, 0, 0, 0, 1, 0, 1, NULL, NULL, NULL, NULL, NULL, NULL, NULL)
INSERT [dbo].[Sys_ModuleButton] ([F_Id], [F_ModuleId], [F_ParentId], [F_Layers], [F_EnCode], [F_FullName], [F_Icon], [F_Location], [F_JsEvent], [F_UrlAddress], [F_Split], [F_IsPublic], [F_AllowEdit], [F_AllowDelete], [F_SortCode], [F_DeleteMark], [F_EnabledMark], [F_Description], [F_CreatorTime], [F_CreatorUserId], [F_LastModifyTime], [F_LastModifyUserId], [F_DeleteTime], [F_DeleteUserId]) VALUES (N'88f7b3a8-fd6d-4f8e-a861-11405f434868', N'F298F868-B689-4982-8C8B-9268CBF0308D', N'0', 1, N'NF-Details', N'查看岗位', NULL, 2, N'btn_details()', N'/SystemManage/Duty/Details', 0, 0, 0, 0, 4, 0, 1, NULL, NULL, NULL, NULL, NULL, NULL, NULL)
INSERT [dbo].[Sys_ModuleButton] ([F_Id], [F_ModuleId], [F_ParentId], [F_Layers], [F_EnCode], [F_FullName], [F_Icon], [F_Location], [F_JsEvent], [F_UrlAddress], [F_Split], [F_IsPublic], [F_AllowEdit], [F_AllowDelete], [F_SortCode], [F_DeleteMark], [F_EnabledMark], [F_Description], [F_CreatorTime], [F_CreatorUserId], [F_LastModifyTime], [F_LastModifyUserId], [F_DeleteTime], [F_DeleteUserId]) VALUES (N'8a9993af-69b2-4d8a-85b3-337745a1f428', N'F298F868-B689-4982-8C8B-9268CBF0308D', N'0', 1, N'NF-delete', N'删除岗位', NULL, 2, N'btn_delete()', N'/SystemManage/Duty/DeleteForm', 0, 0, 0, 0, 3, 0, 1, NULL, NULL, NULL, NULL, NULL, NULL, NULL)
INSERT [dbo].[Sys_ModuleButton] ([F_Id], [F_ModuleId], [F_ParentId], [F_Layers], [F_EnCode], [F_FullName], [F_Icon], [F_Location], [F_JsEvent], [F_UrlAddress], [F_Split], [F_IsPublic], [F_AllowEdit], [F_AllowDelete], [F_SortCode], [F_DeleteMark], [F_EnabledMark], [F_Description], [F_CreatorTime], [F_CreatorUserId], [F_LastModifyTime], [F_LastModifyUserId], [F_DeleteTime], [F_DeleteUserId]) VALUES (N'e75e4efc-d461-4334-a764-56992fec38e6', N'F298F868-B689-4982-8C8B-9268CBF0308D', N'0', 1, N'NF-edit', N'修改岗位', NULL, 2, N'btn_edit()', N'/SystemManage/Duty/Form', 0, 0, 0, 0, 2, 0, 1, NULL, NULL, NULL, NULL, NULL, NULL, NULL)
INSERT [dbo].[Sys_ModuleButton] ([F_Id], [F_ModuleId], [F_ParentId], [F_Layers], [F_EnCode], [F_FullName], [F_Icon], [F_Location], [F_JsEvent], [F_UrlAddress], [F_Split], [F_IsPublic], [F_AllowEdit], [F_AllowDelete], [F_SortCode], [F_DeleteMark], [F_EnabledMark], [F_Description], [F_CreatorTime], [F_CreatorUserId], [F_LastModifyTime], [F_LastModifyUserId], [F_DeleteTime], [F_DeleteUserId]) VALUES (N'14617a4f-bfef-4bc2-b943-d18d3ff8d22f', N'38CA5A66-C993-4410-AF95-50489B22939C', N'0', 1, N'NF-delete', N'删除用户', NULL, 2, N'btn_delete()', N'/SystemManage/User/DeleteForm', 0, 0, 0, 0, 3, 0, 1, NULL, NULL, NULL, CAST(0x0000A64E00EB2BC2 AS DateTime), N'9f2ec079-7d0f-4fe2-90ab-8b09a8302aba', NULL, NULL)
INSERT [dbo].[Sys_ModuleButton] ([F_Id], [F_ModuleId], [F_ParentId], [F_Layers], [F_EnCode], [F_FullName], [F_Icon], [F_Location], [F_JsEvent], [F_UrlAddress], [F_Split], [F_IsPublic], [F_AllowEdit], [F_AllowDelete], [F_SortCode], [F_DeleteMark], [F_EnabledMark], [F_Description], [F_CreatorTime], [F_CreatorUserId], [F_LastModifyTime], [F_LastModifyUserId], [F_DeleteTime], [F_DeleteUserId]) VALUES (N'4727adf7-5525-4c8c-9de5-39e49c268349', N'38CA5A66-C993-4410-AF95-50489B22939C', N'0', 1, N'NF-edit', N'修改用户', NULL, 2, N'btn_edit()', N'/SystemManage/User/Form', 0, 0, 0, 0, 2, 0, 1, NULL, NULL, NULL, CAST(0x0000A64E00EB1D4C AS DateTime), N'9f2ec079-7d0f-4fe2-90ab-8b09a8302aba', NULL, NULL)
INSERT [dbo].[Sys_ModuleButton] ([F_Id], [F_ModuleId], [F_ParentId], [F_Layers], [F_EnCode], [F_FullName], [F_Icon], [F_Location], [F_JsEvent], [F_UrlAddress], [F_Split], [F_IsPublic], [F_AllowEdit], [F_AllowDelete], [F_SortCode], [F_DeleteMark], [F_EnabledMark], [F_Description], [F_CreatorTime], [F_CreatorUserId], [F_LastModifyTime], [F_LastModifyUserId], [F_DeleteTime], [F_DeleteUserId]) VALUES (N'74eecdfb-3bee-405d-be07-27a78219c179', N'38CA5A66-C993-4410-AF95-50489B22939C', N'0', 1, N'NF-add', N'新建用户', NULL, 1, N'btn_add()', N'/SystemManage/User/Form', 0, 0, 0, 0, 1, 0, 1, NULL, NULL, NULL, CAST(0x0000A64E00EB0788 AS DateTime), N'9f2ec079-7d0f-4fe2-90ab-8b09a8302aba', NULL, NULL)
INSERT [dbo].[Sys_ModuleButton] ([F_Id], [F_ModuleId], [F_ParentId], [F_Layers], [F_EnCode], [F_FullName], [F_Icon], [F_Location], [F_JsEvent], [F_UrlAddress], [F_Split], [F_IsPublic], [F_AllowEdit], [F_AllowDelete], [F_SortCode], [F_DeleteMark], [F_EnabledMark], [F_Description], [F_CreatorTime], [F_CreatorUserId], [F_LastModifyTime], [F_LastModifyUserId], [F_DeleteTime], [F_DeleteUserId]) VALUES (N'abfdff21-8ebf-4024-8555-401b4df6acd9', N'38CA5A66-C993-4410-AF95-50489B22939C', N'0', 1, N'NF-Details', N'查看用户', NULL, 2, N'btn_details()', N'/SystemManage/User/Details', 1, 0, 0, 0, 4, 0, 1, NULL, NULL, NULL, CAST(0x0000A64E00FF345D AS DateTime), N'9f2ec079-7d0f-4fe2-90ab-8b09a8302aba', NULL, NULL)
INSERT [dbo].[Sys_ModuleButton] ([F_Id], [F_ModuleId], [F_ParentId], [F_Layers], [F_EnCode], [F_FullName], [F_Icon], [F_Location], [F_JsEvent], [F_UrlAddress], [F_Split], [F_IsPublic], [F_AllowEdit], [F_AllowDelete], [F_SortCode], [F_DeleteMark], [F_EnabledMark], [F_Description], [F_CreatorTime], [F_CreatorUserId], [F_LastModifyTime], [F_LastModifyUserId], [F_DeleteTime], [F_DeleteUserId]) VALUES (N'38e39592-6e86-42fb-8f72-adea0c82cbc1', N'38CA5A66-C993-4410-AF95-50489B22939C', N'0', NULL, N'NF-revisepassword', N'密码重置', NULL, 2, N'btn_revisepassword()', N'/SystemManage/User/RevisePassword', 1, 0, 0, 0, 5, NULL, 1, NULL, CAST(0x0000A64E00EBBF7E AS DateTime), N'9f2ec079-7d0f-4fe2-90ab-8b09a8302aba', NULL, NULL, NULL, NULL)
INSERT [dbo].[Sys_ModuleButton] ([F_Id], [F_ModuleId], [F_ParentId], [F_Layers], [F_EnCode], [F_FullName], [F_Icon], [F_Location], [F_JsEvent], [F_UrlAddress], [F_Split], [F_IsPublic], [F_AllowEdit], [F_AllowDelete], [F_SortCode], [F_DeleteMark], [F_EnabledMark], [F_Description], [F_CreatorTime], [F_CreatorUserId], [F_LastModifyTime], [F_LastModifyUserId], [F_DeleteTime], [F_DeleteUserId]) VALUES (N'15362a59-b242-494a-bc6e-413b4a63580e', N'38CA5A66-C993-4410-AF95-50489B22939C', N'0', NULL, N'NF-disabled', N'禁用', NULL, 2, N'btn_disabled()', N'/SystemManage/User/DisabledAccount', 0, 0, 0, 0, 6, NULL, 1, NULL, CAST(0x0000A64E00FE4EE8 AS DateTime), N'9f2ec079-7d0f-4fe2-90ab-8b09a8302aba', CAST(0x0000A64E00FF08B4 AS DateTime), N'9f2ec079-7d0f-4fe2-90ab-8b09a8302aba', NULL, NULL)
INSERT [dbo].[Sys_ModuleButton] ([F_Id], [F_ModuleId], [F_ParentId], [F_Layers], [F_EnCode], [F_FullName], [F_Icon], [F_Location], [F_JsEvent], [F_UrlAddress], [F_Split], [F_IsPublic], [F_AllowEdit], [F_AllowDelete], [F_SortCode], [F_DeleteMark], [F_EnabledMark], [F_Description], [F_CreatorTime], [F_CreatorUserId], [F_LastModifyTime], [F_LastModifyUserId], [F_DeleteTime], [F_DeleteUserId]) VALUES (N'2a8f5342-5eb7-491c-a1a9-a2631d8eb5d6', N'38CA5A66-C993-4410-AF95-50489B22939C', N'0', NULL, N'NF-enabled', N'启用', NULL, 2, N'btn_enabled()', N'/SystemManage/User/EnabledAccount', 0, 0, 0, 0, 7, NULL, 1, NULL, CAST(0x0000A64E00FEEC37 AS DateTime), N'9f2ec079-7d0f-4fe2-90ab-8b09a8302aba', NULL, NULL, NULL, NULL)
INSERT [dbo].[Sys_ModuleButton] ([F_Id], [F_ModuleId], [F_ParentId], [F_Layers], [F_EnCode], [F_FullName], [F_Icon], [F_Location], [F_JsEvent], [F_UrlAddress], [F_Split], [F_IsPublic], [F_AllowEdit], [F_AllowDelete], [F_SortCode], [F_DeleteMark], [F_EnabledMark], [F_Description], [F_CreatorTime], [F_CreatorUserId], [F_LastModifyTime], [F_LastModifyUserId], [F_DeleteTime], [F_DeleteUserId]) VALUES (N'48afe7b3-e158-4256-b50c-cd0ee7c6dcc9', N'337A4661-99A5-4E5E-B028-861CACAF9917', N'0', 1, N'NF-add', N'新建区域', NULL, 1, N'btn_add()', N'/SystemManage/Area/Form', 0, 0, 0, 0, 1, 0, 1, NULL, NULL, NULL, CAST(0x0000A64E01001A9F AS DateTime), N'9f2ec079-7d0f-4fe2-90ab-8b09a8302aba', NULL, NULL)
INSERT [dbo].[Sys_ModuleButton] ([F_Id], [F_ModuleId], [F_ParentId], [F_Layers], [F_EnCode], [F_FullName], [F_Icon], [F_Location], [F_JsEvent], [F_UrlAddress], [F_Split], [F_IsPublic], [F_AllowEdit], [F_AllowDelete], [F_SortCode], [F_DeleteMark], [F_EnabledMark], [F_Description], [F_CreatorTime], [F_CreatorUserId], [F_LastModifyTime], [F_LastModifyUserId], [F_DeleteTime], [F_DeleteUserId]) VALUES (N'89d7a69d-b953-4ce2-9294-db4f50f2a157', N'337A4661-99A5-4E5E-B028-861CACAF9917', N'0', 1, N'NF-edit', N'修改区域', NULL, 2, N'btn_edit()', N'/SystemManage/Area/Form', 0, 0, 0, 0, 2, 0, 1, NULL, NULL, NULL, CAST(0x0000A64E01002C82 AS DateTime), N'9f2ec079-7d0f-4fe2-90ab-8b09a8302aba', NULL, NULL)
INSERT [dbo].[Sys_ModuleButton] ([F_Id], [F_ModuleId], [F_ParentId], [F_Layers], [F_EnCode], [F_FullName], [F_Icon], [F_Location], [F_JsEvent], [F_UrlAddress], [F_Split], [F_IsPublic], [F_AllowEdit], [F_AllowDelete], [F_SortCode], [F_DeleteMark], [F_EnabledMark], [F_Description], [F_CreatorTime], [F_CreatorUserId], [F_LastModifyTime], [F_LastModifyUserId], [F_DeleteTime], [F_DeleteUserId]) VALUES (N'8c7013a9-3682-4367-8bc6-c77ca89f346b', N'337A4661-99A5-4E5E-B028-861CACAF9917', N'0', 1, N'NF-delete', N'删除区域', NULL, 2, N'btn_delete()', N'/SystemManage/Area/DeleteForm', 0, 0, 0, 0, 3, 0, 1, NULL, NULL, NULL, CAST(0x0000A64E01003A73 AS DateTime), N'9f2ec079-7d0f-4fe2-90ab-8b09a8302aba', NULL, NULL)
INSERT [dbo].[Sys_ModuleButton] ([F_Id], [F_ModuleId], [F_ParentId], [F_Layers], [F_EnCode], [F_FullName], [F_Icon], [F_Location], [F_JsEvent], [F_UrlAddress], [F_Split], [F_IsPublic], [F_AllowEdit], [F_AllowDelete], [F_SortCode], [F_DeleteMark], [F_EnabledMark], [F_Description], [F_CreatorTime], [F_CreatorUserId], [F_LastModifyTime], [F_LastModifyUserId], [F_DeleteTime], [F_DeleteUserId]) VALUES (N'0d777b07-041a-4205-a393-d1a009aaafc7', N'423A200B-FA5F-4B29-B7B7-A3F5474B725F', N'0', 1, N'NF-edit', N'修改字典', NULL, 2, N'btn_edit()', N'/SystemManage/ItemsData/Form', 0, 0, 0, 0, 3, 0, 1, NULL, NULL, NULL, CAST(0x0000A64E01018CE3 AS DateTime), N'9f2ec079-7d0f-4fe2-90ab-8b09a8302aba', NULL, NULL)
INSERT [dbo].[Sys_ModuleButton] ([F_Id], [F_ModuleId], [F_ParentId], [F_Layers], [F_EnCode], [F_FullName], [F_Icon], [F_Location], [F_JsEvent], [F_UrlAddress], [F_Split], [F_IsPublic], [F_AllowEdit], [F_AllowDelete], [F_SortCode], [F_DeleteMark], [F_EnabledMark], [F_Description], [F_CreatorTime], [F_CreatorUserId], [F_LastModifyTime], [F_LastModifyUserId], [F_DeleteTime], [F_DeleteUserId]) VALUES (N'104bcc01-0cfd-433f-87f4-29a8a3efb313', N'423A200B-FA5F-4B29-B7B7-A3F5474B725F', N'0', 1, N'NF-add', N'新建字典', NULL, 1, N'btn_add()', N'/SystemManage/ItemsData/Form', 0, 0, 0, 0, 1, 0, 1, NULL, NULL, NULL, CAST(0x0000A64E010183EE AS DateTime), N'9f2ec079-7d0f-4fe2-90ab-8b09a8302aba', NULL, NULL)
INSERT [dbo].[Sys_ModuleButton] ([F_Id], [F_ModuleId], [F_ParentId], [F_Layers], [F_EnCode], [F_FullName], [F_Icon], [F_Location], [F_JsEvent], [F_UrlAddress], [F_Split], [F_IsPublic], [F_AllowEdit], [F_AllowDelete], [F_SortCode], [F_DeleteMark], [F_EnabledMark], [F_Description], [F_CreatorTime], [F_CreatorUserId], [F_LastModifyTime], [F_LastModifyUserId], [F_DeleteTime], [F_DeleteUserId]) VALUES (N'1ee1c46b-e767-4532-8636-936ea4c12003', N'423A200B-FA5F-4B29-B7B7-A3F5474B725F', N'0', 1, N'NF-delete', N'删除字典', NULL, 2, N'btn_delete()', N'/SystemManage/ItemsData/DeleteForm', 0, 0, 0, 0, 4, 0, 1, NULL, NULL, NULL, CAST(0x0000A64E0101991F AS DateTime), N'9f2ec079-7d0f-4fe2-90ab-8b09a8302aba', NULL, NULL)
INSERT [dbo].[Sys_ModuleButton] ([F_Id], [F_ModuleId], [F_ParentId], [F_Layers], [F_EnCode], [F_FullName], [F_Icon], [F_Location], [F_JsEvent], [F_UrlAddress], [F_Split], [F_IsPublic], [F_AllowEdit], [F_AllowDelete], [F_SortCode], [F_DeleteMark], [F_EnabledMark], [F_Description], [F_CreatorTime], [F_CreatorUserId], [F_LastModifyTime], [F_LastModifyUserId], [F_DeleteTime], [F_DeleteUserId]) VALUES (N'82f162cb-beb9-4a79-8924-cd1860e26e2e', N'423A200B-FA5F-4B29-B7B7-A3F5474B725F', N'0', 1, N'NF-Details', N'查看字典', NULL, 2, N'btn_details()', N'/SystemManage/ItemsData/Details', 0, 0, 0, 0, 5, 0, 1, NULL, NULL, NULL, CAST(0x0000A64E0101A11D AS DateTime), N'9f2ec079-7d0f-4fe2-90ab-8b09a8302aba', NULL, NULL)
INSERT [dbo].[Sys_ModuleButton] ([F_Id], [F_ModuleId], [F_ParentId], [F_Layers], [F_EnCode], [F_FullName], [F_Icon], [F_Location], [F_JsEvent], [F_UrlAddress], [F_Split], [F_IsPublic], [F_AllowEdit], [F_AllowDelete], [F_SortCode], [F_DeleteMark], [F_EnabledMark], [F_Description], [F_CreatorTime], [F_CreatorUserId], [F_LastModifyTime], [F_LastModifyUserId], [F_DeleteTime], [F_DeleteUserId]) VALUES (N'4b876abc-1b85-47b0-abc7-96e313b18ed8', N'423A200B-FA5F-4B29-B7B7-A3F5474B725F', N'0', NULL, N'NF-itemstype', N'分类管理', NULL, 1, N'btn_itemstype()', N'/SystemManage/ItemsType/Index', 0, 0, 0, 0, 2, NULL, 1, NULL, CAST(0x0000A64E01012D73 AS DateTime), N'9f2ec079-7d0f-4fe2-90ab-8b09a8302aba', NULL, NULL, NULL, NULL)
INSERT [dbo].[Sys_ModuleButton] ([F_Id], [F_ModuleId], [F_ParentId], [F_Layers], [F_EnCode], [F_FullName], [F_Icon], [F_Location], [F_JsEvent], [F_UrlAddress], [F_Split], [F_IsPublic], [F_AllowEdit], [F_AllowDelete], [F_SortCode], [F_DeleteMark], [F_EnabledMark], [F_Description], [F_CreatorTime], [F_CreatorUserId], [F_LastModifyTime], [F_LastModifyUserId], [F_DeleteTime], [F_DeleteUserId]) VALUES (N'0f0596f6-aa50-4df0-ad8e-af867cb4a9de', N'e72c75d0-3a69-41ad-b220-13c9a62ec788', N'0', 1, N'NF-delete', N'删除备份', NULL, 2, N'btn_delete()', N'/SystemSecurity/DbBackup/DeleteForm', 0, 0, 0, 0, 2, 0, 1, NULL, NULL, NULL, CAST(0x0000A64E01045132 AS DateTime), N'9f2ec079-7d0f-4fe2-90ab-8b09a8302aba', NULL, NULL)
INSERT [dbo].[Sys_ModuleButton] ([F_Id], [F_ModuleId], [F_ParentId], [F_Layers], [F_EnCode], [F_FullName], [F_Icon], [F_Location], [F_JsEvent], [F_UrlAddress], [F_Split], [F_IsPublic], [F_AllowEdit], [F_AllowDelete], [F_SortCode], [F_DeleteMark], [F_EnabledMark], [F_Description], [F_CreatorTime], [F_CreatorUserId], [F_LastModifyTime], [F_LastModifyUserId], [F_DeleteTime], [F_DeleteUserId]) VALUES (N'41862743-f703-4b6d-be54-08d253eb0ebc', N'e72c75d0-3a69-41ad-b220-13c9a62ec788', N'0', 1, N'NF-add', N'新建备份', NULL, 1, N'btn_add()', N'/SystemSecurity/DbBackup/Form', 0, 0, 0, 0, 1, 0, 1, NULL, NULL, NULL, CAST(0x0000A64E010312F0 AS DateTime), N'9f2ec079-7d0f-4fe2-90ab-8b09a8302aba', NULL, NULL)
INSERT [dbo].[Sys_ModuleButton] ([F_Id], [F_ModuleId], [F_ParentId], [F_Layers], [F_EnCode], [F_FullName], [F_Icon], [F_Location], [F_JsEvent], [F_UrlAddress], [F_Split], [F_IsPublic], [F_AllowEdit], [F_AllowDelete], [F_SortCode], [F_DeleteMark], [F_EnabledMark], [F_Description], [F_CreatorTime], [F_CreatorUserId], [F_LastModifyTime], [F_LastModifyUserId], [F_DeleteTime], [F_DeleteUserId]) VALUES (N'aed66cfb-d78e-43d4-9987-c714546be7eb', N'e72c75d0-3a69-41ad-b220-13c9a62ec788', N'0', 1, N'NF-download', N'下载备份', NULL, 2, N'btn_download()', N'/SystemSecurity/DbBackup/DownloadBackup', 0, 0, 0, 0, 3, 0, 1, NULL, NULL, NULL, CAST(0x0000A64E0104743B AS DateTime), N'9f2ec079-7d0f-4fe2-90ab-8b09a8302aba', NULL, NULL)
INSERT [dbo].[Sys_ModuleButton] ([F_Id], [F_ModuleId], [F_ParentId], [F_Layers], [F_EnCode], [F_FullName], [F_Icon], [F_Location], [F_JsEvent], [F_UrlAddress], [F_Split], [F_IsPublic], [F_AllowEdit], [F_AllowDelete], [F_SortCode], [F_DeleteMark], [F_EnabledMark], [F_Description], [F_CreatorTime], [F_CreatorUserId], [F_LastModifyTime], [F_LastModifyUserId], [F_DeleteTime], [F_DeleteUserId]) VALUES (N'329c0326-ce68-4a24-904d-aade67a90fc7', N'a3a4742d-ca39-42ec-b95a-8552a6fae579', N'0', 1, N'NF-Details', N'查看策略', NULL, 2, N'btn_details()', N'/SystemSecurity/FilterIP/Details', 0, 0, 0, 0, 4, 0, 1, NULL, NULL, NULL, CAST(0x0000A64E0107245F AS DateTime), N'9f2ec079-7d0f-4fe2-90ab-8b09a8302aba', NULL, NULL)
INSERT [dbo].[Sys_ModuleButton] ([F_Id], [F_ModuleId], [F_ParentId], [F_Layers], [F_EnCode], [F_FullName], [F_Icon], [F_Location], [F_JsEvent], [F_UrlAddress], [F_Split], [F_IsPublic], [F_AllowEdit], [F_AllowDelete], [F_SortCode], [F_DeleteMark], [F_EnabledMark], [F_Description], [F_CreatorTime], [F_CreatorUserId], [F_LastModifyTime], [F_LastModifyUserId], [F_DeleteTime], [F_DeleteUserId]) VALUES (N'8379135e-5b13-4236-bfb1-9289e6129034', N'a3a4742d-ca39-42ec-b95a-8552a6fae579', N'0', 1, N'NF-delete', N'删除策略', NULL, 2, N'btn_delete()', N'/SystemSecurity/FilterIP/DeleteForm', 0, 0, 0, 0, 3, 0, 1, NULL, NULL, NULL, CAST(0x0000A64E01071C1E AS DateTime), N'9f2ec079-7d0f-4fe2-90ab-8b09a8302aba', NULL, NULL)
INSERT [dbo].[Sys_ModuleButton] ([F_Id], [F_ModuleId], [F_ParentId], [F_Layers], [F_EnCode], [F_FullName], [F_Icon], [F_Location], [F_JsEvent], [F_UrlAddress], [F_Split], [F_IsPublic], [F_AllowEdit], [F_AllowDelete], [F_SortCode], [F_DeleteMark], [F_EnabledMark], [F_Description], [F_CreatorTime], [F_CreatorUserId], [F_LastModifyTime], [F_LastModifyUserId], [F_DeleteTime], [F_DeleteUserId]) VALUES (N'aaf58c1b-4af2-4e5f-a3e4-c48e86378191', N'a3a4742d-ca39-42ec-b95a-8552a6fae579', N'0', 1, N'NF-edit', N'修改策略', NULL, 2, N'btn_edit()', N'/SystemSecurity/FilterIP/Form', 0, 0, 0, 0, 2, 0, 1, NULL, NULL, NULL, CAST(0x0000A64E01071360 AS DateTime), N'9f2ec079-7d0f-4fe2-90ab-8b09a8302aba', NULL, NULL)
INSERT [dbo].[Sys_ModuleButton] ([F_Id], [F_ModuleId], [F_ParentId], [F_Layers], [F_EnCode], [F_FullName], [F_Icon], [F_Location], [F_JsEvent], [F_UrlAddress], [F_Split], [F_IsPublic], [F_AllowEdit], [F_AllowDelete], [F_SortCode], [F_DeleteMark], [F_EnabledMark], [F_Description], [F_CreatorTime], [F_CreatorUserId], [F_LastModifyTime], [F_LastModifyUserId], [F_DeleteTime], [F_DeleteUserId]) VALUES (N'd4074121-0d4f-465e-ad37-409bbe15bf8a', N'a3a4742d-ca39-42ec-b95a-8552a6fae579', N'0', 1, N'NF-add', N'新建策略', NULL, 1, N'btn_add()', N'/SystemSecurity/FilterIP/Form', 0, 0, 0, 0, 1, 0, 1, NULL, NULL, NULL, CAST(0x0000A64E010708F8 AS DateTime), N'9f2ec079-7d0f-4fe2-90ab-8b09a8302aba', NULL, NULL)
INSERT [dbo].[Sys_ModuleButton] ([F_Id], [F_ModuleId], [F_ParentId], [F_Layers], [F_EnCode], [F_FullName], [F_Icon], [F_Location], [F_JsEvent], [F_UrlAddress], [F_Split], [F_IsPublic], [F_AllowEdit], [F_AllowDelete], [F_SortCode], [F_DeleteMark], [F_EnabledMark], [F_Description], [F_CreatorTime], [F_CreatorUserId], [F_LastModifyTime], [F_LastModifyUserId], [F_DeleteTime], [F_DeleteUserId]) VALUES (N'3a35c662-a356-45e4-953d-00ebd981cad6', N'96EE855E-8CD2-47FC-A51D-127C131C9FB9', N'0', 1, N'NF-removelog', N'清空日志', NULL, 1, N'btn_removeLog()', N'/SystemSecurity/Log/RemoveLog', 0, 0, 0, 0, 1, 0, 1, NULL, NULL, NULL, CAST(0x0000A64E01088E16 AS DateTime), N'9f2ec079-7d0f-4fe2-90ab-8b09a8302aba', NULL, NULL)
INSERT [dbo].[Sys_ModuleButton] ([F_Id], [F_ModuleId], [F_ParentId], [F_Layers], [F_EnCode], [F_FullName], [F_Icon], [F_Location], [F_JsEvent], [F_UrlAddress], [F_Split], [F_IsPublic], [F_AllowEdit], [F_AllowDelete], [F_SortCode], [F_DeleteMark], [F_EnabledMark], [F_Description], [F_CreatorTime], [F_CreatorUserId], [F_LastModifyTime], [F_LastModifyUserId], [F_DeleteTime], [F_DeleteUserId]) VALUES (N'295096b6-2141-46ec-afd9-6f2dbc9194b5', N'e915bcf2-53c6-4f87-a21d-99c98fb062a7', N'0', 1, N'NF-edit', N'修改省份', NULL, 2, N'btn_edit()', N'/Province/Province/Form', 0, 0, 0, 0, 2, 0, 1, NULL, NULL, NULL, CAST(0x0000A7AE010C650D AS DateTime), N'9f2ec079-7d0f-4fe2-90ab-8b09a8302aba', NULL, NULL)
INSERT [dbo].[Sys_ModuleButton] ([F_Id], [F_ModuleId], [F_ParentId], [F_Layers], [F_EnCode], [F_FullName], [F_Icon], [F_Location], [F_JsEvent], [F_UrlAddress], [F_Split], [F_IsPublic], [F_AllowEdit], [F_AllowDelete], [F_SortCode], [F_DeleteMark], [F_EnabledMark], [F_Description], [F_CreatorTime], [F_CreatorUserId], [F_LastModifyTime], [F_LastModifyUserId], [F_DeleteTime], [F_DeleteUserId]) VALUES (N'e19ec205-1bee-48af-88b9-27f25471ba05', N'e915bcf2-53c6-4f87-a21d-99c98fb062a7', N'0', 1, N'NF-Details', N'查看省份', NULL, 2, N'btn_details()', N'/Province/Province/Details', 0, 0, 0, 0, 4, 0, 1, NULL, NULL, NULL, CAST(0x0000A7AE010C7E91 AS DateTime), N'9f2ec079-7d0f-4fe2-90ab-8b09a8302aba', NULL, NULL)
INSERT [dbo].[Sys_ModuleButton] ([F_Id], [F_ModuleId], [F_ParentId], [F_Layers], [F_EnCode], [F_FullName], [F_Icon], [F_Location], [F_JsEvent], [F_UrlAddress], [F_Split], [F_IsPublic], [F_AllowEdit], [F_AllowDelete], [F_SortCode], [F_DeleteMark], [F_EnabledMark], [F_Description], [F_CreatorTime], [F_CreatorUserId], [F_LastModifyTime], [F_LastModifyUserId], [F_DeleteTime], [F_DeleteUserId]) VALUES (N'e97029e4-fb2c-45bd-8643-cfdbc54c8f72', N'e915bcf2-53c6-4f87-a21d-99c98fb062a7', N'0', 1, N'NF-delete', N'删除省份', NULL, 2, N'btn_delete()', N'/Province/Province/DeleteForm', 0, 0, 0, 0, 3, 0, 1, NULL, NULL, NULL, CAST(0x0000A7AE010C7286 AS DateTime), N'9f2ec079-7d0f-4fe2-90ab-8b09a8302aba', NULL, NULL)
INSERT [dbo].[Sys_ModuleButton] ([F_Id], [F_ModuleId], [F_ParentId], [F_Layers], [F_EnCode], [F_FullName], [F_Icon], [F_Location], [F_JsEvent], [F_UrlAddress], [F_Split], [F_IsPublic], [F_AllowEdit], [F_AllowDelete], [F_SortCode], [F_DeleteMark], [F_EnabledMark], [F_Description], [F_CreatorTime], [F_CreatorUserId], [F_LastModifyTime], [F_LastModifyUserId], [F_DeleteTime], [F_DeleteUserId]) VALUES (N'f20342de-61aa-42e1-a376-8ea21422298a', N'e915bcf2-53c6-4f87-a21d-99c98fb062a7', N'0', 1, N'NF-add', N'新建省份', NULL, 1, N'btn_add()', N'/Province/Province/Form', 0, 0, 0, 0, 1, 0, 1, NULL, NULL, NULL, CAST(0x0000A7AE010C4930 AS DateTime), N'9f2ec079-7d0f-4fe2-90ab-8b09a8302aba', NULL, NULL)
GO
INSERT [dbo].[Sys_Module] ([F_Id], [F_ParentId], [F_Layers], [F_EnCode], [F_FullName], [F_Icon], [F_UrlAddress], [F_Target], [F_IsMenu], [F_IsExpand], [F_IsPublic], [F_AllowEdit], [F_AllowDelete], [F_SortCode], [F_DeleteMark], [F_EnabledMark], [F_Description], [F_CreatorTime], [F_CreatorUserId], [F_LastModifyTime], [F_LastModifyUserId], [F_DeleteTime], [F_DeleteUserId]) VALUES (N'e72c75d0-3a69-41ad-b220-13c9a62ec788', N'73FD1267-79BA-4E23-A152-744AF73117E9', NULL, NULL, N'数据备份', NULL, N'/SystemSecurity/DbBackup/Index', N'iframe', 1, 0, 0, 0, 0, 1, NULL, 1, NULL, CAST(0x0000A646016BF4C7 AS DateTime), NULL, CAST(0x0000A649010BFA69 AS DateTime), NULL, NULL, NULL)
INSERT [dbo].[Sys_Module] ([F_Id], [F_ParentId], [F_Layers], [F_EnCode], [F_FullName], [F_Icon], [F_UrlAddress], [F_Target], [F_IsMenu], [F_IsExpand], [F_IsPublic], [F_AllowEdit], [F_AllowDelete], [F_SortCode], [F_DeleteMark], [F_EnabledMark], [F_Description], [F_CreatorTime], [F_CreatorUserId], [F_LastModifyTime], [F_LastModifyUserId], [F_DeleteTime], [F_DeleteUserId]) VALUES (N'462027E0-0848-41DD-BCC3-025DCAE65555', N'0', 1, NULL, N'系统管理', N'fa fa-gears', NULL, N'expand', 0, 1, 0, 0, 0, 2, 0, 1, NULL, NULL, NULL, CAST(0x0000A64B010409F6 AS DateTime), N'9f2ec079-7d0f-4fe2-90ab-8b09a8302aba', NULL, NULL)
INSERT [dbo].[Sys_Module] ([F_Id], [F_ParentId], [F_Layers], [F_EnCode], [F_FullName], [F_Icon], [F_UrlAddress], [F_Target], [F_IsMenu], [F_IsExpand], [F_IsPublic], [F_AllowEdit], [F_AllowDelete], [F_SortCode], [F_DeleteMark], [F_EnabledMark], [F_Description], [F_CreatorTime], [F_CreatorUserId], [F_LastModifyTime], [F_LastModifyUserId], [F_DeleteTime], [F_DeleteUserId]) VALUES (N'73FD1267-79BA-4E23-A152-744AF73117E9', N'0', 1, NULL, N'系统安全', N'fa fa-desktop', NULL, N'expand', 0, 1, 0, 0, 0, 3, 0, 1, NULL, NULL, NULL, CAST(0x0000A64B0104154A AS DateTime), N'9f2ec079-7d0f-4fe2-90ab-8b09a8302aba', NULL, NULL)
INSERT [dbo].[Sys_Module] ([F_Id], [F_ParentId], [F_Layers], [F_EnCode], [F_FullName], [F_Icon], [F_UrlAddress], [F_Target], [F_IsMenu], [F_IsExpand], [F_IsPublic], [F_AllowEdit], [F_AllowDelete], [F_SortCode], [F_DeleteMark], [F_EnabledMark], [F_Description], [F_CreatorTime], [F_CreatorUserId], [F_LastModifyTime], [F_LastModifyUserId], [F_DeleteTime], [F_DeleteUserId]) VALUES (N'51174D27-3001-4CCF-AAB2-0AA2A6CEAA50', N'0', 1, NULL, N'统计报表', N'fa fa-bar-chart-o', N'fa fa-bar-chart-o', N'expand', 0, 1, 0, 0, 0, 4, 0, 1, NULL, NULL, NULL, CAST(0x0000A64B010425ED AS DateTime), N'9f2ec079-7d0f-4fe2-90ab-8b09a8302aba', NULL, NULL)
INSERT [dbo].[Sys_Module] ([F_Id], [F_ParentId], [F_Layers], [F_EnCode], [F_FullName], [F_Icon], [F_UrlAddress], [F_Target], [F_IsMenu], [F_IsExpand], [F_IsPublic], [F_AllowEdit], [F_AllowDelete], [F_SortCode], [F_DeleteMark], [F_EnabledMark], [F_Description], [F_CreatorTime], [F_CreatorUserId], [F_LastModifyTime], [F_LastModifyUserId], [F_DeleteTime], [F_DeleteUserId]) VALUES (N'a3a4742d-ca39-42ec-b95a-8552a6fae579', N'73FD1267-79BA-4E23-A152-744AF73117E9', NULL, NULL, N'访问控制', NULL, N'/SystemSecurity/FilterIP/Index', N'iframe', 1, 0, 0, 0, 0, 2, NULL, 1, NULL, CAST(0x0000A646016C3EB0 AS DateTime), NULL, CAST(0x0000A649010C141D AS DateTime), NULL, NULL, NULL)
INSERT [dbo].[Sys_Module] ([F_Id], [F_ParentId], [F_Layers], [F_EnCode], [F_FullName], [F_Icon], [F_UrlAddress], [F_Target], [F_IsMenu], [F_IsExpand], [F_IsPublic], [F_AllowEdit], [F_AllowDelete], [F_SortCode], [F_DeleteMark], [F_EnabledMark], [F_Description], [F_CreatorTime], [F_CreatorUserId], [F_LastModifyTime], [F_LastModifyUserId], [F_DeleteTime], [F_DeleteUserId]) VALUES (N'64A1C550-2C61-4A8C-833D-ACD0C012260F', N'462027E0-0848-41DD-BCC3-025DCAE65555', 2, NULL, N'系统菜单', NULL, N'/SystemManage/Module/Index', N'iframe', 1, 0, 0, 0, 0, 7, 0, 1, N'测试', NULL, NULL, CAST(0x0000A65000B291CC AS DateTime), N'9f2ec079-7d0f-4fe2-90ab-8b09a8302aba', NULL, NULL)
INSERT [dbo].[Sys_Module] ([F_Id], [F_ParentId], [F_Layers], [F_EnCode], [F_FullName], [F_Icon], [F_UrlAddress], [F_Target], [F_IsMenu], [F_IsExpand], [F_IsPublic], [F_AllowEdit], [F_AllowDelete], [F_SortCode], [F_DeleteMark], [F_EnabledMark], [F_Description], [F_CreatorTime], [F_CreatorUserId], [F_LastModifyTime], [F_LastModifyUserId], [F_DeleteTime], [F_DeleteUserId]) VALUES (N'38CA5A66-C993-4410-AF95-50489B22939C', N'462027E0-0848-41DD-BCC3-025DCAE65555', 2, NULL, N'用户管理', NULL, N'/SystemManage/User/Index', N'iframe', 1, 0, 0, 0, 0, 4, 0, 1, NULL, NULL, NULL, CAST(0x0000A643010DEE59 AS DateTime), NULL, NULL, NULL)
INSERT [dbo].[Sys_Module] ([F_Id], [F_ParentId], [F_Layers], [F_EnCode], [F_FullName], [F_Icon], [F_UrlAddress], [F_Target], [F_IsMenu], [F_IsExpand], [F_IsPublic], [F_AllowEdit], [F_AllowDelete], [F_SortCode], [F_DeleteMark], [F_EnabledMark], [F_Description], [F_CreatorTime], [F_CreatorUserId], [F_LastModifyTime], [F_LastModifyUserId], [F_DeleteTime], [F_DeleteUserId]) VALUES (N'252229DB-35CA-47AE-BDAE-C9903ED5BA7B', N'462027E0-0848-41DD-BCC3-025DCAE65555', 2, NULL, N'机构管理', NULL, N'/SystemManage/Organize/Index', N'iframe', 1, 0, 0, 0, 0, 1, 0, 1, NULL, NULL, NULL, CAST(0x0000A64401705686 AS DateTime), NULL, NULL, NULL)
INSERT [dbo].[Sys_Module] ([F_Id], [F_ParentId], [F_Layers], [F_EnCode], [F_FullName], [F_Icon], [F_UrlAddress], [F_Target], [F_IsMenu], [F_IsExpand], [F_IsPublic], [F_AllowEdit], [F_AllowDelete], [F_SortCode], [F_DeleteMark], [F_EnabledMark], [F_Description], [F_CreatorTime], [F_CreatorUserId], [F_LastModifyTime], [F_LastModifyUserId], [F_DeleteTime], [F_DeleteUserId]) VALUES (N'91A6CFAD-B2F9-4294-BDAE-76DECF412C6C', N'462027E0-0848-41DD-BCC3-025DCAE65555', 2, NULL, N'角色管理', NULL, N'/SystemManage/Role/Index', N'iframe', 1, 0, 0, 0, 0, 2, 0, 1, NULL, NULL, NULL, CAST(0x0000A643010DE052 AS DateTime), NULL, NULL, NULL)
INSERT [dbo].[Sys_Module] ([F_Id], [F_ParentId], [F_Layers], [F_EnCode], [F_FullName], [F_Icon], [F_UrlAddress], [F_Target], [F_IsMenu], [F_IsExpand], [F_IsPublic], [F_AllowEdit], [F_AllowDelete], [F_SortCode], [F_DeleteMark], [F_EnabledMark], [F_Description], [F_CreatorTime], [F_CreatorUserId], [F_LastModifyTime], [F_LastModifyUserId], [F_DeleteTime], [F_DeleteUserId]) VALUES (N'F298F868-B689-4982-8C8B-9268CBF0308D', N'462027E0-0848-41DD-BCC3-025DCAE65555', 2, NULL, N'岗位管理', NULL, N'/SystemManage/Duty/Index', N'iframe', 1, 0, 0, 0, 0, 3, 0, 1, NULL, NULL, NULL, CAST(0x0000A643010DE701 AS DateTime), NULL, NULL, NULL)
INSERT [dbo].[Sys_Module] ([F_Id], [F_ParentId], [F_Layers], [F_EnCode], [F_FullName], [F_Icon], [F_UrlAddress], [F_Target], [F_IsMenu], [F_IsExpand], [F_IsPublic], [F_AllowEdit], [F_AllowDelete], [F_SortCode], [F_DeleteMark], [F_EnabledMark], [F_Description], [F_CreatorTime], [F_CreatorUserId], [F_LastModifyTime], [F_LastModifyUserId], [F_DeleteTime], [F_DeleteUserId]) VALUES (N'96EE855E-8CD2-47FC-A51D-127C131C9FB9', N'73FD1267-79BA-4E23-A152-744AF73117E9', 2, NULL, N'系统日志', NULL, N'/SystemSecurity/Log/Index', N'iframe', 1, 0, 0, 0, 0, 3, 0, 1, NULL, NULL, NULL, CAST(0x0000A649010C27B8 AS DateTime), NULL, NULL, NULL)
INSERT [dbo].[Sys_Module] ([F_Id], [F_ParentId], [F_Layers], [F_EnCode], [F_FullName], [F_Icon], [F_UrlAddress], [F_Target], [F_IsMenu], [F_IsExpand], [F_IsPublic], [F_AllowEdit], [F_AllowDelete], [F_SortCode], [F_DeleteMark], [F_EnabledMark], [F_Description], [F_CreatorTime], [F_CreatorUserId], [F_LastModifyTime], [F_LastModifyUserId], [F_DeleteTime], [F_DeleteUserId]) VALUES (N'df9920e0-ba33-4e36-a911-ef08c6ea77ea', N'51174D27-3001-4CCF-AAB2-0AA2A6CEAA50', NULL, NULL, N'饼图', NULL, N'/ReportManage/Highcharts/Sample7', N'iframe', 1, 0, 0, 0, 0, 12, NULL, 1, NULL, CAST(0x0000A649011BDF34 AS DateTime), NULL, CAST(0x0000A64B0103B959 AS DateTime), N'9f2ec079-7d0f-4fe2-90ab-8b09a8302aba', NULL, NULL)
INSERT [dbo].[Sys_Module] ([F_Id], [F_ParentId], [F_Layers], [F_EnCode], [F_FullName], [F_Icon], [F_UrlAddress], [F_Target], [F_IsMenu], [F_IsExpand], [F_IsPublic], [F_AllowEdit], [F_AllowDelete], [F_SortCode], [F_DeleteMark], [F_EnabledMark], [F_Description], [F_CreatorTime], [F_CreatorUserId], [F_LastModifyTime], [F_LastModifyUserId], [F_DeleteTime], [F_DeleteUserId]) VALUES (N'3A95BBC6-CB5B-4438-869F-5F7B738E2568', NULL, NULL, NULL, N'散点图', NULL, NULL, N'iframe', NULL, NULL, NULL, NULL, NULL, NULL, NULL, NULL, NULL, NULL, NULL, NULL, NULL, NULL, NULL)
INSERT [dbo].[Sys_Module] ([F_Id], [F_ParentId], [F_Layers], [F_EnCode], [F_FullName], [F_Icon], [F_UrlAddress], [F_Target], [F_IsMenu], [F_IsExpand], [F_IsPublic], [F_AllowEdit], [F_AllowDelete], [F_SortCode], [F_DeleteMark], [F_EnabledMark], [F_Description], [F_CreatorTime], [F_CreatorUserId], [F_LastModifyTime], [F_LastModifyUserId], [F_DeleteTime], [F_DeleteUserId]) VALUES (N'49F61713-C1E4-420E-BEEC-0B4DBC2D7DE8', N'73FD1267-79BA-4E23-A152-744AF73117E9', 2, NULL, N'服务器监控', NULL, N'/SystemSecurity/ServerMonitoring/Index', N'iframe', 1, 0, 0, 0, 0, 4, 0, 1, NULL, NULL, NULL, CAST(0x0000A649010C3DD5 AS DateTime), NULL, NULL, NULL)
INSERT [dbo].[Sys_Module] ([F_Id], [F_ParentId], [F_Layers], [F_EnCode], [F_FullName], [F_Icon], [F_UrlAddress], [F_Target], [F_IsMenu], [F_IsExpand], [F_IsPublic], [F_AllowEdit], [F_AllowDelete], [F_SortCode], [F_DeleteMark], [F_EnabledMark], [F_Description], [F_CreatorTime], [F_CreatorUserId], [F_LastModifyTime], [F_LastModifyUserId], [F_DeleteTime], [F_DeleteUserId]) VALUES (N'F2DAD50B-95DF-48F7-8638-BA503B539143', N'51174D27-3001-4CCF-AAB2-0AA2A6CEAA50', 2, NULL, N'折线图', NULL, N'/ReportManage/Highcharts/Sample1', N'iframe', 1, 0, 0, 0, 0, 1, 0, 1, NULL, NULL, NULL, CAST(0x0000A64B01044D25 AS DateTime), N'9f2ec079-7d0f-4fe2-90ab-8b09a8302aba', NULL, NULL)
INSERT [dbo].[Sys_Module] ([F_Id], [F_ParentId], [F_Layers], [F_EnCode], [F_FullName], [F_Icon], [F_UrlAddress], [F_Target], [F_IsMenu], [F_IsExpand], [F_IsPublic], [F_AllowEdit], [F_AllowDelete], [F_SortCode], [F_DeleteMark], [F_EnabledMark], [F_Description], [F_CreatorTime], [F_CreatorUserId], [F_LastModifyTime], [F_LastModifyUserId], [F_DeleteTime], [F_DeleteUserId]) VALUES (N'0EDF1DDB-CA17-4D08-AA25-914FE4E13324', N'51174D27-3001-4CCF-AAB2-0AA2A6CEAA50', 2, NULL, N'曲线图', NULL, N'/ReportManage/Highcharts/Sample2', N'iframe', 1, 0, 0, 0, 0, 2, 0, 1, NULL, NULL, NULL, CAST(0x0000A64B010395A3 AS DateTime), N'9f2ec079-7d0f-4fe2-90ab-8b09a8302aba', NULL, NULL)
INSERT [dbo].[Sys_Module] ([F_Id], [F_ParentId], [F_Layers], [F_EnCode], [F_FullName], [F_Icon], [F_UrlAddress], [F_Target], [F_IsMenu], [F_IsExpand], [F_IsPublic], [F_AllowEdit], [F_AllowDelete], [F_SortCode], [F_DeleteMark], [F_EnabledMark], [F_Description], [F_CreatorTime], [F_CreatorUserId], [F_LastModifyTime], [F_LastModifyUserId], [F_DeleteTime], [F_DeleteUserId]) VALUES (N'AD4BC418-B66E-48C7-BC13-81590056CD15', NULL, NULL, NULL, N'气泡图', NULL, NULL, N'iframe', NULL, NULL, NULL, NULL, NULL, NULL, NULL, NULL, NULL, NULL, NULL, NULL, NULL, NULL, NULL)
INSERT [dbo].[Sys_Module] ([F_Id], [F_ParentId], [F_Layers], [F_EnCode], [F_FullName], [F_Icon], [F_UrlAddress], [F_Target], [F_IsMenu], [F_IsExpand], [F_IsPublic], [F_AllowEdit], [F_AllowDelete], [F_SortCode], [F_DeleteMark], [F_EnabledMark], [F_Description], [F_CreatorTime], [F_CreatorUserId], [F_LastModifyTime], [F_LastModifyUserId], [F_DeleteTime], [F_DeleteUserId]) VALUES (N'C3D12056-D906-4D8B-8B9C-954942742BDE', N'51174D27-3001-4CCF-AAB2-0AA2A6CEAA50', 2, NULL, N'面积图', NULL, N'/ReportManage/Highcharts/Sample3', N'iframe', 1, 0, 0, 0, 0, 4, 0, 1, NULL, NULL, NULL, CAST(0x0000A64B01039C70 AS DateTime), N'9f2ec079-7d0f-4fe2-90ab-8b09a8302aba', NULL, NULL)
INSERT [dbo].[Sys_Module] ([F_Id], [F_ParentId], [F_Layers], [F_EnCode], [F_FullName], [F_Icon], [F_UrlAddress], [F_Target], [F_IsMenu], [F_IsExpand], [F_IsPublic], [F_AllowEdit], [F_AllowDelete], [F_SortCode], [F_DeleteMark], [F_EnabledMark], [F_Description], [F_CreatorTime], [F_CreatorUserId], [F_LastModifyTime], [F_LastModifyUserId], [F_DeleteTime], [F_DeleteUserId]) VALUES (N'B3BF41E1-0299-4EFE-BA76-A7377AC81B38', N'51174D27-3001-4CCF-AAB2-0AA2A6CEAA50', 2, NULL, N'柱状图', NULL, N'/ReportManage/Highcharts/Sample4', N'iframe', 1, 0, 0, 0, 0, 5, 0, 1, NULL, NULL, NULL, CAST(0x0000A64B0103A3C1 AS DateTime), N'9f2ec079-7d0f-4fe2-90ab-8b09a8302aba', NULL, NULL)
INSERT [dbo].[Sys_Module] ([F_Id], [F_ParentId], [F_Layers], [F_EnCode], [F_FullName], [F_Icon], [F_UrlAddress], [F_Target], [F_IsMenu], [F_IsExpand], [F_IsPublic], [F_AllowEdit], [F_AllowDelete], [F_SortCode], [F_DeleteMark], [F_EnabledMark], [F_Description], [F_CreatorTime], [F_CreatorUserId], [F_LastModifyTime], [F_LastModifyUserId], [F_DeleteTime], [F_DeleteUserId]) VALUES (N'91425AF9-F762-43AF-B784-107D23FFDC85', N'51174D27-3001-4CCF-AAB2-0AA2A6CEAA50', NULL, NULL, N'模拟时钟', NULL, N'/ReportManage/Highcharts/Sample5', N'iframe', 1, 0, 0, 0, 0, 11, NULL, 0, NULL, NULL, NULL, CAST(0x0000A64B0103AB64 AS DateTime), N'9f2ec079-7d0f-4fe2-90ab-8b09a8302aba', NULL, NULL)
INSERT [dbo].[Sys_Module] ([F_Id], [F_ParentId], [F_Layers], [F_EnCode], [F_FullName], [F_Icon], [F_UrlAddress], [F_Target], [F_IsMenu], [F_IsExpand], [F_IsPublic], [F_AllowEdit], [F_AllowDelete], [F_SortCode], [F_DeleteMark], [F_EnabledMark], [F_Description], [F_CreatorTime], [F_CreatorUserId], [F_LastModifyTime], [F_LastModifyUserId], [F_DeleteTime], [F_DeleteUserId]) VALUES (N'7858E329-16FC-49F4-93A1-11E2E7EF2998', N'51174D27-3001-4CCF-AAB2-0AA2A6CEAA50', NULL, NULL, N'仪表盘', NULL, N'/ReportManage/Highcharts/Sample6', N'iframe', 1, 0, 0, 0, 0, 12, NULL, 0, NULL, NULL, NULL, CAST(0x0000A64B0103B289 AS DateTime), N'9f2ec079-7d0f-4fe2-90ab-8b09a8302aba', NULL, NULL)
INSERT [dbo].[Sys_Module] ([F_Id], [F_ParentId], [F_Layers], [F_EnCode], [F_FullName], [F_Icon], [F_UrlAddress], [F_Target], [F_IsMenu], [F_IsExpand], [F_IsPublic], [F_AllowEdit], [F_AllowDelete], [F_SortCode], [F_DeleteMark], [F_EnabledMark], [F_Description], [F_CreatorTime], [F_CreatorUserId], [F_LastModifyTime], [F_LastModifyUserId], [F_DeleteTime], [F_DeleteUserId]) VALUES (N'163DA347-887C-4C91-8298-EB00FFBFEC84', N'51174D27-3001-4CCF-AAB2-0AA2A6CEAA50', NULL, NULL, N'雷达图', NULL, N'/ReportManage/Highcharts/Sample8', N'iframe', 1, 0, 0, 0, 0, 13, NULL, 0, NULL, NULL, NULL, CAST(0x0000A64B0103C036 AS DateTime), N'9f2ec079-7d0f-4fe2-90ab-8b09a8302aba', NULL, NULL)
INSERT [dbo].[Sys_Module] ([F_Id], [F_ParentId], [F_Layers], [F_EnCode], [F_FullName], [F_Icon], [F_UrlAddress], [F_Target], [F_IsMenu], [F_IsExpand], [F_IsPublic], [F_AllowEdit], [F_AllowDelete], [F_SortCode], [F_DeleteMark], [F_EnabledMark], [F_Description], [F_CreatorTime], [F_CreatorUserId], [F_LastModifyTime], [F_LastModifyUserId], [F_DeleteTime], [F_DeleteUserId]) VALUES (N'1F14A1ED-B22E-4E4A-BF10-6CF018507E76', N'51174D27-3001-4CCF-AAB2-0AA2A6CEAA50', NULL, NULL, N'蛛网图', NULL, N'/ReportManage/Highcharts/Sample9', N'iframe', 1, 0, 0, 0, 0, 14, NULL, 0, NULL, NULL, NULL, CAST(0x0000A64B0103C810 AS DateTime), N'9f2ec079-7d0f-4fe2-90ab-8b09a8302aba', NULL, NULL)
INSERT [dbo].[Sys_Module] ([F_Id], [F_ParentId], [F_Layers], [F_EnCode], [F_FullName], [F_Icon], [F_UrlAddress], [F_Target], [F_IsMenu], [F_IsExpand], [F_IsPublic], [F_AllowEdit], [F_AllowDelete], [F_SortCode], [F_DeleteMark], [F_EnabledMark], [F_Description], [F_CreatorTime], [F_CreatorUserId], [F_LastModifyTime], [F_LastModifyUserId], [F_DeleteTime], [F_DeleteUserId]) VALUES (N'FE04386D-1307-4E34-8DFB-B56D9FEC78CE', N'51174D27-3001-4CCF-AAB2-0AA2A6CEAA50', NULL, NULL, N'玫瑰图', NULL, N'/ReportManage/Highcharts/Sample10', N'iframe', 1, 0, 0, 0, 0, 15, NULL, 0, NULL, NULL, NULL, CAST(0x0000A64B0103CFCE AS DateTime), N'9f2ec079-7d0f-4fe2-90ab-8b09a8302aba', NULL, NULL)
INSERT [dbo].[Sys_Module] ([F_Id], [F_ParentId], [F_Layers], [F_EnCode], [F_FullName], [F_Icon], [F_UrlAddress], [F_Target], [F_IsMenu], [F_IsExpand], [F_IsPublic], [F_AllowEdit], [F_AllowDelete], [F_SortCode], [F_DeleteMark], [F_EnabledMark], [F_Description], [F_CreatorTime], [F_CreatorUserId], [F_LastModifyTime], [F_LastModifyUserId], [F_DeleteTime], [F_DeleteUserId]) VALUES (N'54E9D12D-C039-4F01-A6FE-810A147D31D5', N'51174D27-3001-4CCF-AAB2-0AA2A6CEAA50', NULL, NULL, N'漏斗图', NULL, N'/ReportManage/Highcharts/Sample11', N'iframe', 1, 0, 0, 0, 0, 16, NULL, 0, NULL, NULL, NULL, CAST(0x0000A64B0103D7E2 AS DateTime), N'9f2ec079-7d0f-4fe2-90ab-8b09a8302aba', NULL, NULL)
INSERT [dbo].[Sys_Module] ([F_Id], [F_ParentId], [F_Layers], [F_EnCode], [F_FullName], [F_Icon], [F_UrlAddress], [F_Target], [F_IsMenu], [F_IsExpand], [F_IsPublic], [F_AllowEdit], [F_AllowDelete], [F_SortCode], [F_DeleteMark], [F_EnabledMark], [F_Description], [F_CreatorTime], [F_CreatorUserId], [F_LastModifyTime], [F_LastModifyUserId], [F_DeleteTime], [F_DeleteUserId]) VALUES (N'ACDBD633-99A0-4BEF-B67C-3A5B41E7C1FD', N'51174D27-3001-4CCF-AAB2-0AA2A6CEAA50', NULL, NULL, N'蜡烛图', NULL, N'/ReportManage/Highcharts/Sample12', N'iframe', 1, 0, 0, 0, 0, 17, NULL, 0, NULL, NULL, NULL, CAST(0x0000A64B0103DE93 AS DateTime), N'9f2ec079-7d0f-4fe2-90ab-8b09a8302aba', NULL, NULL)
INSERT [dbo].[Sys_Module] ([F_Id], [F_ParentId], [F_Layers], [F_EnCode], [F_FullName], [F_Icon], [F_UrlAddress], [F_Target], [F_IsMenu], [F_IsExpand], [F_IsPublic], [F_AllowEdit], [F_AllowDelete], [F_SortCode], [F_DeleteMark], [F_EnabledMark], [F_Description], [F_CreatorTime], [F_CreatorUserId], [F_LastModifyTime], [F_LastModifyUserId], [F_DeleteTime], [F_DeleteUserId]) VALUES (N'A33ADBFC-089B-4981-BFAB-08178052EE36', N'51174D27-3001-4CCF-AAB2-0AA2A6CEAA50', NULL, NULL, N'流程图', NULL, N'/ReportManage/Highcharts/Sample13', N'iframe', 1, 0, 0, 0, 0, 18, NULL, 0, NULL, NULL, NULL, CAST(0x0000A64B0103E601 AS DateTime), N'9f2ec079-7d0f-4fe2-90ab-8b09a8302aba', NULL, NULL)
INSERT [dbo].[Sys_Module] ([F_Id], [F_ParentId], [F_Layers], [F_EnCode], [F_FullName], [F_Icon], [F_UrlAddress], [F_Target], [F_IsMenu], [F_IsExpand], [F_IsPublic], [F_AllowEdit], [F_AllowDelete], [F_SortCode], [F_DeleteMark], [F_EnabledMark], [F_Description], [F_CreatorTime], [F_CreatorUserId], [F_LastModifyTime], [F_LastModifyUserId], [F_DeleteTime], [F_DeleteUserId]) VALUES (N'60860e04-4dab-4128-9663-bcb22dab0b83', N'0', NULL, NULL, N'省市区', N'fa fa-gears', NULL, N'expand', 0, 1, 0, 0, 0, 4, NULL, 1, NULL, CAST(0x0000A7AE00B9F8FD AS DateTime), N'9f2ec079-7d0f-4fe2-90ab-8b09a8302aba', CAST(0x0000A7AE00BA27A5 AS DateTime), N'9f2ec079-7d0f-4fe2-90ab-8b09a8302aba', NULL, NULL)
INSERT [dbo].[Sys_Module] ([F_Id], [F_ParentId], [F_Layers], [F_EnCode], [F_FullName], [F_Icon], [F_UrlAddress], [F_Target], [F_IsMenu], [F_IsExpand], [F_IsPublic], [F_AllowEdit], [F_AllowDelete], [F_SortCode], [F_DeleteMark], [F_EnabledMark], [F_Description], [F_CreatorTime], [F_CreatorUserId], [F_LastModifyTime], [F_LastModifyUserId], [F_DeleteTime], [F_DeleteUserId]) VALUES (N'e915bcf2-53c6-4f87-a21d-99c98fb062a7', N'60860e04-4dab-4128-9663-bcb22dab0b83', NULL, NULL, N'省份管理', NULL, N'/Province/Province/index', N'iframe', 1, 0, 0, 0, 0, 1, NULL, 1, NULL, CAST(0x0000A7AE00BB2FBB AS DateTime), N'9f2ec079-7d0f-4fe2-90ab-8b09a8302aba', CAST(0x0000A7AE00BB8AD6 AS DateTime), N'9f2ec079-7d0f-4fe2-90ab-8b09a8302aba', NULL, NULL)
GO
INSERT [dbo].[Sys_ItemsDetail] ([F_Id], [F_ItemId], [F_ParentId], [F_ItemCode], [F_ItemName], [F_SimpleSpelling], [F_IsDefault], [F_Layers], [F_SortCode], [F_DeleteMark], [F_EnabledMark], [F_Description], [F_CreatorTime], [F_CreatorUserId], [F_LastModifyTime], [F_LastModifyUserId], [F_DeleteTime], [F_DeleteUserId]) VALUES (N'B97BD7F5-B212-40C1-A1F7-DD9A2E63EEF2', N'9EB4602B-BF9A-4710-9D80-C73CE89BEC5D', NULL, N'Group', N'集团', NULL, NULL, NULL, 1, 0, 1, NULL, NULL, NULL, NULL, NULL, NULL, NULL)
INSERT [dbo].[Sys_ItemsDetail] ([F_Id], [F_ItemId], [F_ParentId], [F_ItemCode], [F_ItemName], [F_SimpleSpelling], [F_IsDefault], [F_Layers], [F_SortCode], [F_DeleteMark], [F_EnabledMark], [F_Description], [F_CreatorTime], [F_CreatorUserId], [F_LastModifyTime], [F_LastModifyUserId], [F_DeleteTime], [F_DeleteUserId]) VALUES (N'2C3715AC-16F7-48FC-AB40-B0931DB1E729', N'9EB4602B-BF9A-4710-9D80-C73CE89BEC5D', NULL, N'Area', N'区域', NULL, NULL, NULL, 2, 0, 1, NULL, NULL, NULL, NULL, NULL, NULL, NULL)
INSERT [dbo].[Sys_ItemsDetail] ([F_Id], [F_ItemId], [F_ParentId], [F_ItemCode], [F_ItemName], [F_SimpleSpelling], [F_IsDefault], [F_Layers], [F_SortCode], [F_DeleteMark], [F_EnabledMark], [F_Description], [F_CreatorTime], [F_CreatorUserId], [F_LastModifyTime], [F_LastModifyUserId], [F_DeleteTime], [F_DeleteUserId]) VALUES (N'D082BDB9-5C34-49BF-BD51-4E85D7BFF646', N'9EB4602B-BF9A-4710-9D80-C73CE89BEC5D', NULL, N'Company', N'公司', NULL, NULL, NULL, 3, 0, 1, NULL, NULL, NULL, NULL, NULL, NULL, NULL)
INSERT [dbo].[Sys_ItemsDetail] ([F_Id], [F_ItemId], [F_ParentId], [F_ItemCode], [F_ItemName], [F_SimpleSpelling], [F_IsDefault], [F_Layers], [F_SortCode], [F_DeleteMark], [F_EnabledMark], [F_Description], [F_CreatorTime], [F_CreatorUserId], [F_LastModifyTime], [F_LastModifyUserId], [F_DeleteTime], [F_DeleteUserId]) VALUES (N'2B540AC5-6E64-4688-BB60-E0C01DFA982C', N'9EB4602B-BF9A-4710-9D80-C73CE89BEC5D', NULL, N'SubCompany', N'子公司', NULL, NULL, NULL, 4, 0, 1, NULL, NULL, NULL, NULL, NULL, NULL, NULL)
INSERT [dbo].[Sys_ItemsDetail] ([F_Id], [F_ItemId], [F_ParentId], [F_ItemCode], [F_ItemName], [F_SimpleSpelling], [F_IsDefault], [F_Layers], [F_SortCode], [F_DeleteMark], [F_EnabledMark], [F_Description], [F_CreatorTime], [F_CreatorUserId], [F_LastModifyTime], [F_LastModifyUserId], [F_DeleteTime], [F_DeleteUserId]) VALUES (N'A64EBB80-6A24-48AF-A10E-B6A532C32CA6', N'9EB4602B-BF9A-4710-9D80-C73CE89BEC5D', NULL, N'Department', N'部门', NULL, NULL, NULL, 5, 0, 1, NULL, NULL, NULL, NULL, NULL, NULL, NULL)
INSERT [dbo].[Sys_ItemsDetail] ([F_Id], [F_ItemId], [F_ParentId], [F_ItemCode], [F_ItemName], [F_SimpleSpelling], [F_IsDefault], [F_Layers], [F_SortCode], [F_DeleteMark], [F_EnabledMark], [F_Description], [F_CreatorTime], [F_CreatorUserId], [F_LastModifyTime], [F_LastModifyUserId], [F_DeleteTime], [F_DeleteUserId]) VALUES (N'D1F439B9-D80E-4547-9EF0-163391854AB5', N'9EB4602B-BF9A-4710-9D80-C73CE89BEC5D', NULL, N'SubDepartment', N'子部门', NULL, NULL, NULL, 6, 0, 1, NULL, NULL, NULL, NULL, NULL, NULL, NULL)
INSERT [dbo].[Sys_ItemsDetail] ([F_Id], [F_ItemId], [F_ParentId], [F_ItemCode], [F_ItemName], [F_SimpleSpelling], [F_IsDefault], [F_Layers], [F_SortCode], [F_DeleteMark], [F_EnabledMark], [F_Description], [F_CreatorTime], [F_CreatorUserId], [F_LastModifyTime], [F_LastModifyUserId], [F_DeleteTime], [F_DeleteUserId]) VALUES (N'19EE595A-E775-409D-A48F-B33CF9F262C7', N'9EB4602B-BF9A-4710-9D80-C73CE89BEC5D', NULL, N'WorkGroup', N'小组', NULL, 0, NULL, 7, 0, 1, NULL, NULL, NULL, NULL, NULL, NULL, NULL)
INSERT [dbo].[Sys_ItemsDetail] ([F_Id], [F_ItemId], [F_ParentId], [F_ItemCode], [F_ItemName], [F_SimpleSpelling], [F_IsDefault], [F_Layers], [F_SortCode], [F_DeleteMark], [F_EnabledMark], [F_Description], [F_CreatorTime], [F_CreatorUserId], [F_LastModifyTime], [F_LastModifyUserId], [F_DeleteTime], [F_DeleteUserId]) VALUES (N'e5079bae-a8c0-4209-9019-6a2b4a3a7dac', N'D94E4DC1-C2FD-4D19-9D5D-3886D39900CE', NULL, N'1', N'系统角色', NULL, 0, NULL, 1, 0, 1, NULL, NULL, NULL, NULL, NULL, NULL, NULL)
INSERT [dbo].[Sys_ItemsDetail] ([F_Id], [F_ItemId], [F_ParentId], [F_ItemCode], [F_ItemName], [F_SimpleSpelling], [F_IsDefault], [F_Layers], [F_SortCode], [F_DeleteMark], [F_EnabledMark], [F_Description], [F_CreatorTime], [F_CreatorUserId], [F_LastModifyTime], [F_LastModifyUserId], [F_DeleteTime], [F_DeleteUserId]) VALUES (N'04aba88d-f09b-46c6-bd90-a38471399b0e', N'D94E4DC1-C2FD-4D19-9D5D-3886D39900CE', NULL, N'2', N'业务角色', NULL, 0, NULL, 2, 0, 1, NULL, NULL, NULL, NULL, NULL, NULL, NULL)
INSERT [dbo].[Sys_ItemsDetail] ([F_Id], [F_ItemId], [F_ParentId], [F_ItemCode], [F_ItemName], [F_SimpleSpelling], [F_IsDefault], [F_Layers], [F_SortCode], [F_DeleteMark], [F_EnabledMark], [F_Description], [F_CreatorTime], [F_CreatorUserId], [F_LastModifyTime], [F_LastModifyUserId], [F_DeleteTime], [F_DeleteUserId]) VALUES (N'cc6daa5c-a71c-4b2c-9a98-336bc3ee13c8', N'D94E4DC1-C2FD-4D19-9D5D-3886D39900CE', NULL, N'3', N'其他角色', NULL, 0, NULL, 3, 0, 1, NULL, NULL, NULL, NULL, NULL, NULL, NULL)
INSERT [dbo].[Sys_ItemsDetail] ([F_Id], [F_ItemId], [F_ParentId], [F_ItemCode], [F_ItemName], [F_SimpleSpelling], [F_IsDefault], [F_Layers], [F_SortCode], [F_DeleteMark], [F_EnabledMark], [F_Description], [F_CreatorTime], [F_CreatorUserId], [F_LastModifyTime], [F_LastModifyUserId], [F_DeleteTime], [F_DeleteUserId]) VALUES (N'7a6d1bc4-3ec7-4c57-be9b-b4c97d60d5f6', N'954AB9A1-9928-4C6D-820A-FC1CDC85CDE0', NULL, N'1', N'草稿', NULL, 0, NULL, 1, 0, 1, NULL, NULL, NULL, NULL, NULL, NULL, NULL)
INSERT [dbo].[Sys_ItemsDetail] ([F_Id], [F_ItemId], [F_ParentId], [F_ItemCode], [F_ItemName], [F_SimpleSpelling], [F_IsDefault], [F_Layers], [F_SortCode], [F_DeleteMark], [F_EnabledMark], [F_Description], [F_CreatorTime], [F_CreatorUserId], [F_LastModifyTime], [F_LastModifyUserId], [F_DeleteTime], [F_DeleteUserId]) VALUES (N'ce340c73-5048-4940-b86e-e3b3d53fdb2c', N'954AB9A1-9928-4C6D-820A-FC1CDC85CDE0', NULL, N'2', N'提交', NULL, 0, NULL, 2, 0, 1, NULL, NULL, NULL, NULL, NULL, NULL, NULL)
INSERT [dbo].[Sys_ItemsDetail] ([F_Id], [F_ItemId], [F_ParentId], [F_ItemCode], [F_ItemName], [F_SimpleSpelling], [F_IsDefault], [F_Layers], [F_SortCode], [F_DeleteMark], [F_EnabledMark], [F_Description], [F_CreatorTime], [F_CreatorUserId], [F_LastModifyTime], [F_LastModifyUserId], [F_DeleteTime], [F_DeleteUserId]) VALUES (N'41053517-215d-4e11-81cd-367c0e9578d7', N'954AB9A1-9928-4C6D-820A-FC1CDC85CDE0', NULL, N'3', N'通过', NULL, 0, NULL, 3, 0, 1, NULL, NULL, NULL, NULL, NULL, NULL, NULL)
INSERT [dbo].[Sys_ItemsDetail] ([F_Id], [F_ItemId], [F_ParentId], [F_ItemCode], [F_ItemName], [F_SimpleSpelling], [F_IsDefault], [F_Layers], [F_SortCode], [F_DeleteMark], [F_EnabledMark], [F_Description], [F_CreatorTime], [F_CreatorUserId], [F_LastModifyTime], [F_LastModifyUserId], [F_DeleteTime], [F_DeleteUserId]) VALUES (N'e1979a4f-7fc1-42b9-a0e2-52d7059e8fb9', N'954AB9A1-9928-4C6D-820A-FC1CDC85CDE0', NULL, N'4', N'待审', NULL, 0, NULL, 4, 0, 1, NULL, NULL, NULL, NULL, NULL, NULL, NULL)
INSERT [dbo].[Sys_ItemsDetail] ([F_Id], [F_ItemId], [F_ParentId], [F_ItemCode], [F_ItemName], [F_SimpleSpelling], [F_IsDefault], [F_Layers], [F_SortCode], [F_DeleteMark], [F_EnabledMark], [F_Description], [F_CreatorTime], [F_CreatorUserId], [F_LastModifyTime], [F_LastModifyUserId], [F_DeleteTime], [F_DeleteUserId]) VALUES (N'63acf96d-6115-4d76-a994-438f59419aad', N'954AB9A1-9928-4C6D-820A-FC1CDC85CDE0', NULL, N'5', N'退回', NULL, 0, NULL, 5, 0, 1, NULL, NULL, NULL, NULL, NULL, NULL, NULL)
INSERT [dbo].[Sys_ItemsDetail] ([F_Id], [F_ItemId], [F_ParentId], [F_ItemCode], [F_ItemName], [F_SimpleSpelling], [F_IsDefault], [F_Layers], [F_SortCode], [F_DeleteMark], [F_EnabledMark], [F_Description], [F_CreatorTime], [F_CreatorUserId], [F_LastModifyTime], [F_LastModifyUserId], [F_DeleteTime], [F_DeleteUserId]) VALUES (N'8b7b38bf-07c5-4f71-a853-41c5add4a94e', N'954AB9A1-9928-4C6D-820A-FC1CDC85CDE0', NULL, N'6', N'完成', NULL, 0, NULL, 6, 0, 1, NULL, NULL, NULL, NULL, NULL, NULL, NULL)
INSERT [dbo].[Sys_ItemsDetail] ([F_Id], [F_ItemId], [F_ParentId], [F_ItemCode], [F_ItemName], [F_SimpleSpelling], [F_IsDefault], [F_Layers], [F_SortCode], [F_DeleteMark], [F_EnabledMark], [F_Description], [F_CreatorTime], [F_CreatorUserId], [F_LastModifyTime], [F_LastModifyUserId], [F_DeleteTime], [F_DeleteUserId]) VALUES (N'49b68663-ad01-4c43-b084-f98e3e23fee8', N'954AB9A1-9928-4C6D-820A-FC1CDC85CDE0', NULL, N'7', N'废弃', NULL, 0, NULL, 7, 0, 1, NULL, NULL, NULL, NULL, NULL, NULL, NULL)
INSERT [dbo].[Sys_ItemsDetail] ([F_Id], [F_ItemId], [F_ParentId], [F_ItemCode], [F_ItemName], [F_SimpleSpelling], [F_IsDefault], [F_Layers], [F_SortCode], [F_DeleteMark], [F_EnabledMark], [F_Description], [F_CreatorTime], [F_CreatorUserId], [F_LastModifyTime], [F_LastModifyUserId], [F_DeleteTime], [F_DeleteUserId]) VALUES (N'fa6c1873-888c-4b70-a2cc-59fccbb22078', N'0DF5B725-5FB8-487F-B0E4-BC563A77EB04', NULL, N'SqlServer', N'SqlServer', NULL, 0, NULL, 1, 0, 1, NULL, NULL, NULL, NULL, NULL, NULL, NULL)
INSERT [dbo].[Sys_ItemsDetail] ([F_Id], [F_ItemId], [F_ParentId], [F_ItemCode], [F_ItemName], [F_SimpleSpelling], [F_IsDefault], [F_Layers], [F_SortCode], [F_DeleteMark], [F_EnabledMark], [F_Description], [F_CreatorTime], [F_CreatorUserId], [F_LastModifyTime], [F_LastModifyUserId], [F_DeleteTime], [F_DeleteUserId]) VALUES (N'27e85cb8-04e7-447b-911d-dd1e97dfab83', N'0DF5B725-5FB8-487F-B0E4-BC563A77EB04', NULL, N'Oracle', N'Oracle', NULL, 0, NULL, 2, 0, 1, NULL, NULL, NULL, NULL, NULL, NULL, NULL)
INSERT [dbo].[Sys_ItemsDetail] ([F_Id], [F_ItemId], [F_ParentId], [F_ItemCode], [F_ItemName], [F_SimpleSpelling], [F_IsDefault], [F_Layers], [F_SortCode], [F_DeleteMark], [F_EnabledMark], [F_Description], [F_CreatorTime], [F_CreatorUserId], [F_LastModifyTime], [F_LastModifyUserId], [F_DeleteTime], [F_DeleteUserId]) VALUES (N'34a642b2-44d4-485f-b3fc-6cce24f68b0f', N'0DF5B725-5FB8-487F-B0E4-BC563A77EB04', NULL, N'MySql', N'MySql', NULL, 0, NULL, 3, 0, 1, NULL, NULL, NULL, NULL, NULL, NULL, NULL)
INSERT [dbo].[Sys_ItemsDetail] ([F_Id], [F_ItemId], [F_ParentId], [F_ItemCode], [F_ItemName], [F_SimpleSpelling], [F_IsDefault], [F_Layers], [F_SortCode], [F_DeleteMark], [F_EnabledMark], [F_Description], [F_CreatorTime], [F_CreatorUserId], [F_LastModifyTime], [F_LastModifyUserId], [F_DeleteTime], [F_DeleteUserId]) VALUES (N'1950efdf-8685-4341-8d2c-ac85ac7addd0', N'00F76465-DBBA-484A-B75C-E81DEE9313E6', NULL, N'1', N'小学', NULL, 0, NULL, 1, 0, 1, NULL, NULL, NULL, NULL, NULL, NULL, NULL)
INSERT [dbo].[Sys_ItemsDetail] ([F_Id], [F_ItemId], [F_ParentId], [F_ItemCode], [F_ItemName], [F_SimpleSpelling], [F_IsDefault], [F_Layers], [F_SortCode], [F_DeleteMark], [F_EnabledMark], [F_Description], [F_CreatorTime], [F_CreatorUserId], [F_LastModifyTime], [F_LastModifyUserId], [F_DeleteTime], [F_DeleteUserId]) VALUES (N'433511a9-78bd-41a0-ab25-e4d4b3423055', N'00F76465-DBBA-484A-B75C-E81DEE9313E6', NULL, N'2', N'初中', NULL, 0, NULL, 2, 0, 1, NULL, NULL, NULL, NULL, NULL, NULL, NULL)
INSERT [dbo].[Sys_ItemsDetail] ([F_Id], [F_ItemId], [F_ParentId], [F_ItemCode], [F_ItemName], [F_SimpleSpelling], [F_IsDefault], [F_Layers], [F_SortCode], [F_DeleteMark], [F_EnabledMark], [F_Description], [F_CreatorTime], [F_CreatorUserId], [F_LastModifyTime], [F_LastModifyUserId], [F_DeleteTime], [F_DeleteUserId]) VALUES (N'acb128a6-ff63-4e25-b1e8-0a336ed3ab18', N'00F76465-DBBA-484A-B75C-E81DEE9313E6', NULL, N'3', N'高中', NULL, 0, NULL, 3, 0, 1, NULL, NULL, NULL, NULL, NULL, NULL, NULL)
INSERT [dbo].[Sys_ItemsDetail] ([F_Id], [F_ItemId], [F_ParentId], [F_ItemCode], [F_ItemName], [F_SimpleSpelling], [F_IsDefault], [F_Layers], [F_SortCode], [F_DeleteMark], [F_EnabledMark], [F_Description], [F_CreatorTime], [F_CreatorUserId], [F_LastModifyTime], [F_LastModifyUserId], [F_DeleteTime], [F_DeleteUserId]) VALUES (N'a4974810-d88d-4d54-82cc-fd779875478f', N'00F76465-DBBA-484A-B75C-E81DEE9313E6', NULL, N'4', N'中专', NULL, 0, NULL, 4, 0, 1, NULL, NULL, NULL, NULL, NULL, NULL, NULL)
INSERT [dbo].[Sys_ItemsDetail] ([F_Id], [F_ItemId], [F_ParentId], [F_ItemCode], [F_ItemName], [F_SimpleSpelling], [F_IsDefault], [F_Layers], [F_SortCode], [F_DeleteMark], [F_EnabledMark], [F_Description], [F_CreatorTime], [F_CreatorUserId], [F_LastModifyTime], [F_LastModifyUserId], [F_DeleteTime], [F_DeleteUserId]) VALUES (N'486a82e3-1950-425e-b2ce-b5d98f33016a', N'00F76465-DBBA-484A-B75C-E81DEE9313E6', NULL, N'5', N'大专', NULL, 0, NULL, 5, 0, 1, NULL, NULL, NULL, NULL, NULL, NULL, NULL)
INSERT [dbo].[Sys_ItemsDetail] ([F_Id], [F_ItemId], [F_ParentId], [F_ItemCode], [F_ItemName], [F_SimpleSpelling], [F_IsDefault], [F_Layers], [F_SortCode], [F_DeleteMark], [F_EnabledMark], [F_Description], [F_CreatorTime], [F_CreatorUserId], [F_LastModifyTime], [F_LastModifyUserId], [F_DeleteTime], [F_DeleteUserId]) VALUES (N'34222d46-e0c6-446e-8150-dbefc47a1d5f', N'00F76465-DBBA-484A-B75C-E81DEE9313E6', NULL, N'6', N'本科', NULL, 0, NULL, 6, 0, 1, NULL, NULL, NULL, NULL, NULL, NULL, NULL)
INSERT [dbo].[Sys_ItemsDetail] ([F_Id], [F_ItemId], [F_ParentId], [F_ItemCode], [F_ItemName], [F_SimpleSpelling], [F_IsDefault], [F_Layers], [F_SortCode], [F_DeleteMark], [F_EnabledMark], [F_Description], [F_CreatorTime], [F_CreatorUserId], [F_LastModifyTime], [F_LastModifyUserId], [F_DeleteTime], [F_DeleteUserId]) VALUES (N'3f280e2b-92f6-466c-8cc3-d7c8ff48cc8d', N'00F76465-DBBA-484A-B75C-E81DEE9313E6', NULL, N'7', N'硕士', NULL, 0, NULL, 7, 0, 1, NULL, NULL, NULL, NULL, NULL, NULL, NULL)
INSERT [dbo].[Sys_ItemsDetail] ([F_Id], [F_ItemId], [F_ParentId], [F_ItemCode], [F_ItemName], [F_SimpleSpelling], [F_IsDefault], [F_Layers], [F_SortCode], [F_DeleteMark], [F_EnabledMark], [F_Description], [F_CreatorTime], [F_CreatorUserId], [F_LastModifyTime], [F_LastModifyUserId], [F_DeleteTime], [F_DeleteUserId]) VALUES (N'930b8de2-049f-4753-b9fd-87f484911ee4', N'00F76465-DBBA-484A-B75C-E81DEE9313E6', NULL, N'8', N'博士', NULL, 0, NULL, 8, 0, 1, NULL, NULL, NULL, NULL, NULL, NULL, NULL)
INSERT [dbo].[Sys_ItemsDetail] ([F_Id], [F_ItemId], [F_ParentId], [F_ItemCode], [F_ItemName], [F_SimpleSpelling], [F_IsDefault], [F_Layers], [F_SortCode], [F_DeleteMark], [F_EnabledMark], [F_Description], [F_CreatorTime], [F_CreatorUserId], [F_LastModifyTime], [F_LastModifyUserId], [F_DeleteTime], [F_DeleteUserId]) VALUES (N'355ad7a4-c4f8-4bd3-9c72-ff07983da0f0', N'00F76465-DBBA-484A-B75C-E81DEE9313E6', NULL, N'9', N'其他', NULL, 0, NULL, 9, 0, 1, NULL, NULL, NULL, NULL, NULL, NULL, NULL)
INSERT [dbo].[Sys_ItemsDetail] ([F_Id], [F_ItemId], [F_ParentId], [F_ItemCode], [F_ItemName], [F_SimpleSpelling], [F_IsDefault], [F_Layers], [F_SortCode], [F_DeleteMark], [F_EnabledMark], [F_Description], [F_CreatorTime], [F_CreatorUserId], [F_LastModifyTime], [F_LastModifyUserId], [F_DeleteTime], [F_DeleteUserId]) VALUES (N'5d6def0e-e2a7-48eb-b43c-cc3631f60dd7', N'BDD797C3-2323-4868-9A63-C8CC3437AEAA', NULL, N'1', N'男', NULL, 0, NULL, 1, 0, 1, NULL, NULL, NULL, NULL, NULL, NULL, NULL)
INSERT [dbo].[Sys_ItemsDetail] ([F_Id], [F_ItemId], [F_ParentId], [F_ItemCode], [F_ItemName], [F_SimpleSpelling], [F_IsDefault], [F_Layers], [F_SortCode], [F_DeleteMark], [F_EnabledMark], [F_Description], [F_CreatorTime], [F_CreatorUserId], [F_LastModifyTime], [F_LastModifyUserId], [F_DeleteTime], [F_DeleteUserId]) VALUES (N'822baf7c-abdb-4257-9b78-1f550806f544', N'BDD797C3-2323-4868-9A63-C8CC3437AEAA', NULL, N'0', N'女', NULL, 0, NULL, 2, 0, 1, NULL, NULL, NULL, NULL, NULL, NULL, NULL)
INSERT [dbo].[Sys_ItemsDetail] ([F_Id], [F_ItemId], [F_ParentId], [F_ItemCode], [F_ItemName], [F_SimpleSpelling], [F_IsDefault], [F_Layers], [F_SortCode], [F_DeleteMark], [F_EnabledMark], [F_Description], [F_CreatorTime], [F_CreatorUserId], [F_LastModifyTime], [F_LastModifyUserId], [F_DeleteTime], [F_DeleteUserId]) VALUES (N'738edf2a-d59f-4992-97ef-d847db23bcb8', N'FA7537E2-1C64-4431-84BF-66158DD63269', NULL, N'1', N'已婚', NULL, 0, NULL, 1, 0, 1, NULL, NULL, NULL, NULL, NULL, NULL, NULL)
INSERT [dbo].[Sys_ItemsDetail] ([F_Id], [F_ItemId], [F_ParentId], [F_ItemCode], [F_ItemName], [F_SimpleSpelling], [F_IsDefault], [F_Layers], [F_SortCode], [F_DeleteMark], [F_EnabledMark], [F_Description], [F_CreatorTime], [F_CreatorUserId], [F_LastModifyTime], [F_LastModifyUserId], [F_DeleteTime], [F_DeleteUserId]) VALUES (N'a7c4aba2-a891-4558-9b0a-bd7a1100a645', N'FA7537E2-1C64-4431-84BF-66158DD63269', NULL, N'2', N'未婚', NULL, 0, NULL, 2, 0, 1, NULL, NULL, NULL, NULL, NULL, NULL, NULL)
INSERT [dbo].[Sys_ItemsDetail] ([F_Id], [F_ItemId], [F_ParentId], [F_ItemCode], [F_ItemName], [F_SimpleSpelling], [F_IsDefault], [F_Layers], [F_SortCode], [F_DeleteMark], [F_EnabledMark], [F_Description], [F_CreatorTime], [F_CreatorUserId], [F_LastModifyTime], [F_LastModifyUserId], [F_DeleteTime], [F_DeleteUserId]) VALUES (N'f9609400-7caf-49af-ae3c-7671a9292fb3', N'FA7537E2-1C64-4431-84BF-66158DD63269', NULL, N'3', N'离异', NULL, 0, NULL, 3, 0, 1, NULL, NULL, NULL, NULL, NULL, NULL, NULL)
INSERT [dbo].[Sys_ItemsDetail] ([F_Id], [F_ItemId], [F_ParentId], [F_ItemCode], [F_ItemName], [F_SimpleSpelling], [F_IsDefault], [F_Layers], [F_SortCode], [F_DeleteMark], [F_EnabledMark], [F_Description], [F_CreatorTime], [F_CreatorUserId], [F_LastModifyTime], [F_LastModifyUserId], [F_DeleteTime], [F_DeleteUserId]) VALUES (N'a6f271f9-8653-4c5c-86cf-4cd00324b3c3', N'FA7537E2-1C64-4431-84BF-66158DD63269', NULL, N'4', N'丧偶', NULL, 0, NULL, 4, 0, 1, NULL, NULL, NULL, NULL, NULL, NULL, NULL)
INSERT [dbo].[Sys_ItemsDetail] ([F_Id], [F_ItemId], [F_ParentId], [F_ItemCode], [F_ItemName], [F_SimpleSpelling], [F_IsDefault], [F_Layers], [F_SortCode], [F_DeleteMark], [F_EnabledMark], [F_Description], [F_CreatorTime], [F_CreatorUserId], [F_LastModifyTime], [F_LastModifyUserId], [F_DeleteTime], [F_DeleteUserId]) VALUES (N'7c1135be-0148-43eb-ae49-62a1e16ebbe3', N'FA7537E2-1C64-4431-84BF-66158DD63269', NULL, N'5', N'其他', NULL, 0, NULL, 5, 0, 1, NULL, NULL, NULL, NULL, NULL, NULL, NULL)
INSERT [dbo].[Sys_ItemsDetail] ([F_Id], [F_ItemId], [F_ParentId], [F_ItemCode], [F_ItemName], [F_SimpleSpelling], [F_IsDefault], [F_Layers], [F_SortCode], [F_DeleteMark], [F_EnabledMark], [F_Description], [F_CreatorTime], [F_CreatorUserId], [F_LastModifyTime], [F_LastModifyUserId], [F_DeleteTime], [F_DeleteUserId]) VALUES (N'582e0b66-2ee9-4885-9f0c-3ce3ebf96e12', N'8CEB2F71-026C-4FA6-9A61-378127AE7320', NULL, N'1', N'已育', NULL, 0, NULL, 1, 0, 1, NULL, NULL, NULL, NULL, NULL, NULL, NULL)
INSERT [dbo].[Sys_ItemsDetail] ([F_Id], [F_ItemId], [F_ParentId], [F_ItemCode], [F_ItemName], [F_SimpleSpelling], [F_IsDefault], [F_Layers], [F_SortCode], [F_DeleteMark], [F_EnabledMark], [F_Description], [F_CreatorTime], [F_CreatorUserId], [F_LastModifyTime], [F_LastModifyUserId], [F_DeleteTime], [F_DeleteUserId]) VALUES (N'de2167f3-40fe-4bf7-b8cb-5b1c554bad7a', N'8CEB2F71-026C-4FA6-9A61-378127AE7320', NULL, N'2', N'未育', NULL, 0, NULL, 2, 0, 1, NULL, NULL, NULL, NULL, NULL, NULL, NULL)
INSERT [dbo].[Sys_ItemsDetail] ([F_Id], [F_ItemId], [F_ParentId], [F_ItemCode], [F_ItemName], [F_SimpleSpelling], [F_IsDefault], [F_Layers], [F_SortCode], [F_DeleteMark], [F_EnabledMark], [F_Description], [F_CreatorTime], [F_CreatorUserId], [F_LastModifyTime], [F_LastModifyUserId], [F_DeleteTime], [F_DeleteUserId]) VALUES (N'9b6a2225-6138-4cf2-9845-1bbecdf9b3ed', N'8CEB2F71-026C-4FA6-9A61-378127AE7320', NULL, N'3', N'其他', NULL, 0, NULL, 3, 0, 1, NULL, NULL, NULL, NULL, NULL, NULL, NULL)
INSERT [dbo].[Sys_ItemsDetail] ([F_Id], [F_ItemId], [F_ParentId], [F_ItemCode], [F_ItemName], [F_SimpleSpelling], [F_IsDefault], [F_Layers], [F_SortCode], [F_DeleteMark], [F_EnabledMark], [F_Description], [F_CreatorTime], [F_CreatorUserId], [F_LastModifyTime], [F_LastModifyUserId], [F_DeleteTime], [F_DeleteUserId]) VALUES (N'49300258-1227-4b85-b6a2-e948dbbe57a4', N'15023A4E-4856-44EB-BE71-36A106E2AA59', NULL, N'汉族', N'汉族', NULL, 0, NULL, 1, 0, 1, NULL, NULL, NULL, NULL, NULL, NULL, NULL)
INSERT [dbo].[Sys_ItemsDetail] ([F_Id], [F_ItemId], [F_ParentId], [F_ItemCode], [F_ItemName], [F_SimpleSpelling], [F_IsDefault], [F_Layers], [F_SortCode], [F_DeleteMark], [F_EnabledMark], [F_Description], [F_CreatorTime], [F_CreatorUserId], [F_LastModifyTime], [F_LastModifyUserId], [F_DeleteTime], [F_DeleteUserId]) VALUES (N'd69cb819-2bb3-4e1d-9917-33b9a439233d', N'2748F35F-4EE2-417C-A907-3453146AAF67', NULL, N'1', N'身份证', NULL, 0, NULL, 1, 0, 1, NULL, NULL, NULL, NULL, NULL, NULL, NULL)
INSERT [dbo].[Sys_ItemsDetail] ([F_Id], [F_ItemId], [F_ParentId], [F_ItemCode], [F_ItemName], [F_SimpleSpelling], [F_IsDefault], [F_Layers], [F_SortCode], [F_DeleteMark], [F_EnabledMark], [F_Description], [F_CreatorTime], [F_CreatorUserId], [F_LastModifyTime], [F_LastModifyUserId], [F_DeleteTime], [F_DeleteUserId]) VALUES (N'4c2f2428-2e00-4336-b9ce-5a61f24193f6', N'2748F35F-4EE2-417C-A907-3453146AAF67', NULL, N'2', N'士兵证', NULL, 0, NULL, 2, 0, 1, NULL, NULL, NULL, NULL, NULL, NULL, NULL)
INSERT [dbo].[Sys_ItemsDetail] ([F_Id], [F_ItemId], [F_ParentId], [F_ItemCode], [F_ItemName], [F_SimpleSpelling], [F_IsDefault], [F_Layers], [F_SortCode], [F_DeleteMark], [F_EnabledMark], [F_Description], [F_CreatorTime], [F_CreatorUserId], [F_LastModifyTime], [F_LastModifyUserId], [F_DeleteTime], [F_DeleteUserId]) VALUES (N'48c4e0f5-f570-4601-8946-6078762db3bf', N'2748F35F-4EE2-417C-A907-3453146AAF67', NULL, N'3', N'军官证', NULL, 0, NULL, 3, 0, 1, NULL, NULL, NULL, NULL, NULL, NULL, NULL)
INSERT [dbo].[Sys_ItemsDetail] ([F_Id], [F_ItemId], [F_ParentId], [F_ItemCode], [F_ItemName], [F_SimpleSpelling], [F_IsDefault], [F_Layers], [F_SortCode], [F_DeleteMark], [F_EnabledMark], [F_Description], [F_CreatorTime], [F_CreatorUserId], [F_LastModifyTime], [F_LastModifyUserId], [F_DeleteTime], [F_DeleteUserId]) VALUES (N'0096ad81-4317-486e-9144-a6a02999ff19', N'2748F35F-4EE2-417C-A907-3453146AAF67', NULL, N'4', N'护照', NULL, 0, NULL, 4, 0, 1, NULL, NULL, NULL, NULL, NULL, NULL, NULL)
INSERT [dbo].[Sys_ItemsDetail] ([F_Id], [F_ItemId], [F_ParentId], [F_ItemCode], [F_ItemName], [F_SimpleSpelling], [F_IsDefault], [F_Layers], [F_SortCode], [F_DeleteMark], [F_EnabledMark], [F_Description], [F_CreatorTime], [F_CreatorUserId], [F_LastModifyTime], [F_LastModifyUserId], [F_DeleteTime], [F_DeleteUserId]) VALUES (N'ace2d5e8-56d4-4c8b-8409-34bc272df404', N'2748F35F-4EE2-417C-A907-3453146AAF67', NULL, N'5', N'其它', NULL, 0, NULL, 5, 0, 1, NULL, NULL, NULL, NULL, NULL, NULL, NULL)
INSERT [dbo].[Sys_ItemsDetail] ([F_Id], [F_ItemId], [F_ParentId], [F_ItemCode], [F_ItemName], [F_SimpleSpelling], [F_IsDefault], [F_Layers], [F_SortCode], [F_DeleteMark], [F_EnabledMark], [F_Description], [F_CreatorTime], [F_CreatorUserId], [F_LastModifyTime], [F_LastModifyUserId], [F_DeleteTime], [F_DeleteUserId]) VALUES (N'795f2695-497a-4f5e-ab1d-706095c1edb9', N'9a7079bd-0660-4549-9c2d-db5e8616619f', NULL, N'Other', N'其他', NULL, 0, NULL, 0, NULL, 1, NULL, CAST(0x0000A648011B0C8E AS DateTime), NULL, CAST(0x0000A648012E2B34 AS DateTime), NULL, NULL, NULL)
INSERT [dbo].[Sys_ItemsDetail] ([F_Id], [F_ItemId], [F_ParentId], [F_ItemCode], [F_ItemName], [F_SimpleSpelling], [F_IsDefault], [F_Layers], [F_SortCode], [F_DeleteMark], [F_EnabledMark], [F_Description], [F_CreatorTime], [F_CreatorUserId], [F_LastModifyTime], [F_LastModifyUserId], [F_DeleteTime], [F_DeleteUserId]) VALUES (N'643209c8-931b-4641-9e04-b8bdd11800af', N'9a7079bd-0660-4549-9c2d-db5e8616619f', NULL, N'Login', N'登录', NULL, 0, NULL, 1, NULL, 1, NULL, CAST(0x0000A648011B14AF AS DateTime), NULL, CAST(0x0000A648012E33AC AS DateTime), NULL, NULL, NULL)
INSERT [dbo].[Sys_ItemsDetail] ([F_Id], [F_ItemId], [F_ParentId], [F_ItemCode], [F_ItemName], [F_SimpleSpelling], [F_IsDefault], [F_Layers], [F_SortCode], [F_DeleteMark], [F_EnabledMark], [F_Description], [F_CreatorTime], [F_CreatorUserId], [F_LastModifyTime], [F_LastModifyUserId], [F_DeleteTime], [F_DeleteUserId]) VALUES (N'3c884a03-4f34-4150-b134-966387f1de2a', N'9a7079bd-0660-4549-9c2d-db5e8616619f', NULL, N'Exit', N'退出', NULL, 0, NULL, 2, NULL, 1, NULL, CAST(0x0000A648011B2048 AS DateTime), NULL, CAST(0x0000A648012E3AB9 AS DateTime), NULL, NULL, NULL)
INSERT [dbo].[Sys_ItemsDetail] ([F_Id], [F_ItemId], [F_ParentId], [F_ItemCode], [F_ItemName], [F_SimpleSpelling], [F_IsDefault], [F_Layers], [F_SortCode], [F_DeleteMark], [F_EnabledMark], [F_Description], [F_CreatorTime], [F_CreatorUserId], [F_LastModifyTime], [F_LastModifyUserId], [F_DeleteTime], [F_DeleteUserId]) VALUES (N'ccc8e274-75da-4eb8-bed0-69008ab7c41c', N'9a7079bd-0660-4549-9c2d-db5e8616619f', NULL, N'Visit', N'访问', NULL, 0, NULL, 3, NULL, 1, NULL, CAST(0x0000A648011B2679 AS DateTime), NULL, CAST(0x0000A648012E4214 AS DateTime), NULL, NULL, NULL)
INSERT [dbo].[Sys_ItemsDetail] ([F_Id], [F_ItemId], [F_ParentId], [F_ItemCode], [F_ItemName], [F_SimpleSpelling], [F_IsDefault], [F_Layers], [F_SortCode], [F_DeleteMark], [F_EnabledMark], [F_Description], [F_CreatorTime], [F_CreatorUserId], [F_LastModifyTime], [F_LastModifyUserId], [F_DeleteTime], [F_DeleteUserId]) VALUES (N'e545061c-93fd-4ca2-ab29-b43db9db798b', N'9a7079bd-0660-4549-9c2d-db5e8616619f', NULL, N'Create', N'新增', NULL, 0, NULL, 4, NULL, 1, NULL, CAST(0x0000A648011B302B AS DateTime), NULL, CAST(0x0000A648012E49D1 AS DateTime), NULL, NULL, NULL)
INSERT [dbo].[Sys_ItemsDetail] ([F_Id], [F_ItemId], [F_ParentId], [F_ItemCode], [F_ItemName], [F_SimpleSpelling], [F_IsDefault], [F_Layers], [F_SortCode], [F_DeleteMark], [F_EnabledMark], [F_Description], [F_CreatorTime], [F_CreatorUserId], [F_LastModifyTime], [F_LastModifyUserId], [F_DeleteTime], [F_DeleteUserId]) VALUES (N'a13ccf0d-ac8f-44ac-a522-4a54edf1f0fa', N'9a7079bd-0660-4549-9c2d-db5e8616619f', NULL, N'Delete', N'删除', NULL, 0, NULL, 5, NULL, 1, NULL, CAST(0x0000A648011B36F0 AS DateTime), NULL, CAST(0x0000A648012E5239 AS DateTime), NULL, NULL, NULL)
INSERT [dbo].[Sys_ItemsDetail] ([F_Id], [F_ItemId], [F_ParentId], [F_ItemCode], [F_ItemName], [F_SimpleSpelling], [F_IsDefault], [F_Layers], [F_SortCode], [F_DeleteMark], [F_EnabledMark], [F_Description], [F_CreatorTime], [F_CreatorUserId], [F_LastModifyTime], [F_LastModifyUserId], [F_DeleteTime], [F_DeleteUserId]) VALUES (N'392f88a8-02c2-49eb-8aed-b2acf474272a', N'9a7079bd-0660-4549-9c2d-db5e8616619f', NULL, N'Update', N'修改', NULL, 0, NULL, 6, NULL, 1, NULL, CAST(0x0000A648011B3D12 AS DateTime), NULL, CAST(0x0000A648012E5939 AS DateTime), NULL, NULL, NULL)
INSERT [dbo].[Sys_ItemsDetail] ([F_Id], [F_ItemId], [F_ParentId], [F_ItemCode], [F_ItemName], [F_SimpleSpelling], [F_IsDefault], [F_Layers], [F_SortCode], [F_DeleteMark], [F_EnabledMark], [F_Description], [F_CreatorTime], [F_CreatorUserId], [F_LastModifyTime], [F_LastModifyUserId], [F_DeleteTime], [F_DeleteUserId]) VALUES (N'24e39617-f04e-4f6f-9209-ad71e870e7c6', N'9a7079bd-0660-4549-9c2d-db5e8616619f', NULL, N'Submit', N'提交', NULL, 0, NULL, 7, NULL, 1, NULL, CAST(0x0000A648011B4316 AS DateTime), NULL, CAST(0x0000A648012E5FDD AS DateTime), NULL, NULL, NULL)
INSERT [dbo].[Sys_ItemsDetail] ([F_Id], [F_ItemId], [F_ParentId], [F_ItemCode], [F_ItemName], [F_SimpleSpelling], [F_IsDefault], [F_Layers], [F_SortCode], [F_DeleteMark], [F_EnabledMark], [F_Description], [F_CreatorTime], [F_CreatorUserId], [F_LastModifyTime], [F_LastModifyUserId], [F_DeleteTime], [F_DeleteUserId]) VALUES (N'7fc8fa11-4acf-409a-a771-aaf1eb81e814', N'9a7079bd-0660-4549-9c2d-db5e8616619f', NULL, N'Exception', N'异常', NULL, 0, NULL, 8, NULL, 1, NULL, CAST(0x0000A648011B49F4 AS DateTime), NULL, CAST(0x0000A648012E67C1 AS DateTime), NULL, NULL, NULL)
GO
INSERT [dbo].[Sys_Items] ([F_Id], [F_ParentId], [F_EnCode], [F_FullName], [F_IsTree], [F_Layers], [F_SortCode], [F_DeleteMark], [F_EnabledMark], [F_Description], [F_CreatorTime], [F_CreatorUserId], [F_LastModifyTime], [F_LastModifyUserId], [F_DeleteTime], [F_DeleteUserId]) VALUES (N'77070117-3F1A-41BA-BF81-B8B85BF10D5E', N'0', N'Sys_Items', N'通用字典', 0, 1, 1, 0, 1, NULL, NULL, NULL, NULL, NULL, NULL, NULL)
INSERT [dbo].[Sys_Items] ([F_Id], [F_ParentId], [F_EnCode], [F_FullName], [F_IsTree], [F_Layers], [F_SortCode], [F_DeleteMark], [F_EnabledMark], [F_Description], [F_CreatorTime], [F_CreatorUserId], [F_LastModifyTime], [F_LastModifyUserId], [F_DeleteTime], [F_DeleteUserId]) VALUES (N'9EB4602B-BF9A-4710-9D80-C73CE89BEC5D', N'77070117-3F1A-41BA-BF81-B8B85BF10D5E', N'OrganizeCategory', N'机构分类', 0, 2, 2, 0, 1, NULL, NULL, NULL, NULL, NULL, NULL, NULL)
INSERT [dbo].[Sys_Items] ([F_Id], [F_ParentId], [F_EnCode], [F_FullName], [F_IsTree], [F_Layers], [F_SortCode], [F_DeleteMark], [F_EnabledMark], [F_Description], [F_CreatorTime], [F_CreatorUserId], [F_LastModifyTime], [F_LastModifyUserId], [F_DeleteTime], [F_DeleteUserId]) VALUES (N'D94E4DC1-C2FD-4D19-9D5D-3886D39900CE', N'77070117-3F1A-41BA-BF81-B8B85BF10D5E', N'RoleType', N'角色类型', 0, 2, 3, 0, 1, NULL, NULL, NULL, NULL, NULL, NULL, NULL)
INSERT [dbo].[Sys_Items] ([F_Id], [F_ParentId], [F_EnCode], [F_FullName], [F_IsTree], [F_Layers], [F_SortCode], [F_DeleteMark], [F_EnabledMark], [F_Description], [F_CreatorTime], [F_CreatorUserId], [F_LastModifyTime], [F_LastModifyUserId], [F_DeleteTime], [F_DeleteUserId]) VALUES (N'0DF5B725-5FB8-487F-B0E4-BC563A77EB04', N'77070117-3F1A-41BA-BF81-B8B85BF10D5E', N'DbType', N'数据库类型', 0, 2, 4, 0, 1, NULL, NULL, NULL, NULL, NULL, NULL, NULL)
INSERT [dbo].[Sys_Items] ([F_Id], [F_ParentId], [F_EnCode], [F_FullName], [F_IsTree], [F_Layers], [F_SortCode], [F_DeleteMark], [F_EnabledMark], [F_Description], [F_CreatorTime], [F_CreatorUserId], [F_LastModifyTime], [F_LastModifyUserId], [F_DeleteTime], [F_DeleteUserId]) VALUES (N'9a7079bd-0660-4549-9c2d-db5e8616619f', N'77070117-3F1A-41BA-BF81-B8B85BF10D5E', N'DbLogType', N'系统日志', NULL, NULL, 16, NULL, 1, NULL, CAST(0x0000A648011AD571 AS DateTime), NULL, NULL, NULL, NULL, NULL)
INSERT [dbo].[Sys_Items] ([F_Id], [F_ParentId], [F_EnCode], [F_FullName], [F_IsTree], [F_Layers], [F_SortCode], [F_DeleteMark], [F_EnabledMark], [F_Description], [F_CreatorTime], [F_CreatorUserId], [F_LastModifyTime], [F_LastModifyUserId], [F_DeleteTime], [F_DeleteUserId]) VALUES (N'954AB9A1-9928-4C6D-820A-FC1CDC85CDE0', N'77070117-3F1A-41BA-BF81-B8B85BF10D5E', N'AuditState', N'审核状态', 0, 2, 6, 0, 1, NULL, NULL, NULL, NULL, NULL, NULL, NULL)
INSERT [dbo].[Sys_Items] ([F_Id], [F_ParentId], [F_EnCode], [F_FullName], [F_IsTree], [F_Layers], [F_SortCode], [F_DeleteMark], [F_EnabledMark], [F_Description], [F_CreatorTime], [F_CreatorUserId], [F_LastModifyTime], [F_LastModifyUserId], [F_DeleteTime], [F_DeleteUserId]) VALUES (N'2748F35F-4EE2-417C-A907-3453146AAF67', N'77070117-3F1A-41BA-BF81-B8B85BF10D5E', N'Certificate', N'证件名称', 0, 2, 7, 0, 1, NULL, NULL, NULL, NULL, NULL, NULL, NULL)
INSERT [dbo].[Sys_Items] ([F_Id], [F_ParentId], [F_EnCode], [F_FullName], [F_IsTree], [F_Layers], [F_SortCode], [F_DeleteMark], [F_EnabledMark], [F_Description], [F_CreatorTime], [F_CreatorUserId], [F_LastModifyTime], [F_LastModifyUserId], [F_DeleteTime], [F_DeleteUserId]) VALUES (N'00F76465-DBBA-484A-B75C-E81DEE9313E6', N'77070117-3F1A-41BA-BF81-B8B85BF10D5E', N'Education', N'学历', 0, 2, 8, 0, 1, NULL, NULL, NULL, NULL, NULL, NULL, NULL)
INSERT [dbo].[Sys_Items] ([F_Id], [F_ParentId], [F_EnCode], [F_FullName], [F_IsTree], [F_Layers], [F_SortCode], [F_DeleteMark], [F_EnabledMark], [F_Description], [F_CreatorTime], [F_CreatorUserId], [F_LastModifyTime], [F_LastModifyUserId], [F_DeleteTime], [F_DeleteUserId]) VALUES (N'FA7537E2-1C64-4431-84BF-66158DD63269', N'77070117-3F1A-41BA-BF81-B8B85BF10D5E', N'101', N'婚姻', 0, 2, 12, 0, 1, NULL, NULL, NULL, NULL, NULL, NULL, NULL)
INSERT [dbo].[Sys_Items] ([F_Id], [F_ParentId], [F_EnCode], [F_FullName], [F_IsTree], [F_Layers], [F_SortCode], [F_DeleteMark], [F_EnabledMark], [F_Description], [F_CreatorTime], [F_CreatorUserId], [F_LastModifyTime], [F_LastModifyUserId], [F_DeleteTime], [F_DeleteUserId]) VALUES (N'8CEB2F71-026C-4FA6-9A61-378127AE7320', N'77070117-3F1A-41BA-BF81-B8B85BF10D5E', N'102', N'生育', 0, 2, 13, 0, 1, NULL, NULL, NULL, NULL, NULL, NULL, NULL)
INSERT [dbo].[Sys_Items] ([F_Id], [F_ParentId], [F_EnCode], [F_FullName], [F_IsTree], [F_Layers], [F_SortCode], [F_DeleteMark], [F_EnabledMark], [F_Description], [F_CreatorTime], [F_CreatorUserId], [F_LastModifyTime], [F_LastModifyUserId], [F_DeleteTime], [F_DeleteUserId]) VALUES (N'15023A4E-4856-44EB-BE71-36A106E2AA59', N'77070117-3F1A-41BA-BF81-B8B85BF10D5E', N'103', N'民族', 0, 2, 14, 0, 1, NULL, NULL, NULL, NULL, NULL, NULL, NULL)
INSERT [dbo].[Sys_Items] ([F_Id], [F_ParentId], [F_EnCode], [F_FullName], [F_IsTree], [F_Layers], [F_SortCode], [F_DeleteMark], [F_EnabledMark], [F_Description], [F_CreatorTime], [F_CreatorUserId], [F_LastModifyTime], [F_LastModifyUserId], [F_DeleteTime], [F_DeleteUserId]) VALUES (N'BDD797C3-2323-4868-9A63-C8CC3437AEAA', N'77070117-3F1A-41BA-BF81-B8B85BF10D5E', N'104', N'性别', 0, 2, 15, 0, 1, NULL, NULL, NULL, NULL, NULL, NULL, NULL)
GO
INSERT [dbo].[Sys_Area] ([F_Id], [F_ParentId], [F_Layers], [F_EnCode], [F_FullName], [F_SimpleSpelling], [F_SortCode], [F_DeleteMark], [F_EnabledMark], [F_Description], [F_CreatorTime], [F_CreatorUserId], [F_LastModifyTime], [F_LastModifyUserId], [F_DeleteTime], [F_DeleteUserId]) VALUES (N'120100', N'120000', 2, N'120100', N'天津市', N'tjs', 120100, NULL, 1, NULL, CAST(0x0000A64900000000 AS DateTime), NULL, NULL, NULL, NULL, NULL)
INSERT [dbo].[Sys_Area] ([F_Id], [F_ParentId], [F_Layers], [F_EnCode], [F_FullName], [F_SimpleSpelling], [F_SortCode], [F_DeleteMark], [F_EnabledMark], [F_Description], [F_CreatorTime], [F_CreatorUserId], [F_LastModifyTime], [F_LastModifyUserId], [F_DeleteTime], [F_DeleteUserId]) VALUES (N'130100', N'130000', 2, N'130100', N'石家庄市', N'sjzs', 130100, NULL, 1, NULL, CAST(0x0000A64900000000 AS DateTime), NULL, NULL, NULL, NULL, NULL)
INSERT [dbo].[Sys_Area] ([F_Id], [F_ParentId], [F_Layers], [F_EnCode], [F_FullName], [F_SimpleSpelling], [F_SortCode], [F_DeleteMark], [F_EnabledMark], [F_Description], [F_CreatorTime], [F_CreatorUserId], [F_LastModifyTime], [F_LastModifyUserId], [F_DeleteTime], [F_DeleteUserId]) VALUES (N'130200', N'130000', 2, N'130200', N'唐山市', N'tss', 130200, NULL, 1, NULL, CAST(0x0000A64900000000 AS DateTime), NULL, NULL, NULL, NULL, NULL)
INSERT [dbo].[Sys_Area] ([F_Id], [F_ParentId], [F_Layers], [F_EnCode], [F_FullName], [F_SimpleSpelling], [F_SortCode], [F_DeleteMark], [F_EnabledMark], [F_Description], [F_CreatorTime], [F_CreatorUserId], [F_LastModifyTime], [F_LastModifyUserId], [F_DeleteTime], [F_DeleteUserId]) VALUES (N'130300', N'130000', 2, N'130300', N'秦皇岛市', N'qhds', 130300, NULL, 1, NULL, CAST(0x0000A64900000000 AS DateTime), NULL, NULL, NULL, NULL, NULL)
INSERT [dbo].[Sys_Area] ([F_Id], [F_ParentId], [F_Layers], [F_EnCode], [F_FullName], [F_SimpleSpelling], [F_SortCode], [F_DeleteMark], [F_EnabledMark], [F_Description], [F_CreatorTime], [F_CreatorUserId], [F_LastModifyTime], [F_LastModifyUserId], [F_DeleteTime], [F_DeleteUserId]) VALUES (N'130400', N'130000', 2, N'130400', N'邯郸市', N'hds', 130400, NULL, 1, NULL, CAST(0x0000A64900000000 AS DateTime), NULL, NULL, NULL, NULL, NULL)
INSERT [dbo].[Sys_Area] ([F_Id], [F_ParentId], [F_Layers], [F_EnCode], [F_FullName], [F_SimpleSpelling], [F_SortCode], [F_DeleteMark], [F_EnabledMark], [F_Description], [F_CreatorTime], [F_CreatorUserId], [F_LastModifyTime], [F_LastModifyUserId], [F_DeleteTime], [F_DeleteUserId]) VALUES (N'130500', N'130000', 2, N'130500', N'邢台市', N'xts', 130500, NULL, 1, NULL, CAST(0x0000A64900000000 AS DateTime), NULL, NULL, NULL, NULL, NULL)
INSERT [dbo].[Sys_Area] ([F_Id], [F_ParentId], [F_Layers], [F_EnCode], [F_FullName], [F_SimpleSpelling], [F_SortCode], [F_DeleteMark], [F_EnabledMark], [F_Description], [F_CreatorTime], [F_CreatorUserId], [F_LastModifyTime], [F_LastModifyUserId], [F_DeleteTime], [F_DeleteUserId]) VALUES (N'130600', N'130000', 2, N'130600', N'保定市', N'bds', 130600, NULL, 1, NULL, CAST(0x0000A64900000000 AS DateTime), NULL, NULL, NULL, NULL, NULL)
INSERT [dbo].[Sys_Area] ([F_Id], [F_ParentId], [F_Layers], [F_EnCode], [F_FullName], [F_SimpleSpelling], [F_SortCode], [F_DeleteMark], [F_EnabledMark], [F_Description], [F_CreatorTime], [F_CreatorUserId], [F_LastModifyTime], [F_LastModifyUserId], [F_DeleteTime], [F_DeleteUserId]) VALUES (N'130700', N'130000', 2, N'130700', N'张家口市', N'zjks', 130700, NULL, 1, NULL, CAST(0x0000A64900000000 AS DateTime), NULL, NULL, NULL, NULL, NULL)
INSERT [dbo].[Sys_Area] ([F_Id], [F_ParentId], [F_Layers], [F_EnCode], [F_FullName], [F_SimpleSpelling], [F_SortCode], [F_DeleteMark], [F_EnabledMark], [F_Description], [F_CreatorTime], [F_CreatorUserId], [F_LastModifyTime], [F_LastModifyUserId], [F_DeleteTime], [F_DeleteUserId]) VALUES (N'130800', N'130000', 2, N'130800', N'承德市', N'cds', 130800, NULL, 1, NULL, CAST(0x0000A64900000000 AS DateTime), NULL, NULL, NULL, NULL, NULL)
INSERT [dbo].[Sys_Area] ([F_Id], [F_ParentId], [F_Layers], [F_EnCode], [F_FullName], [F_SimpleSpelling], [F_SortCode], [F_DeleteMark], [F_EnabledMark], [F_Description], [F_CreatorTime], [F_CreatorUserId], [F_LastModifyTime], [F_LastModifyUserId], [F_DeleteTime], [F_DeleteUserId]) VALUES (N'130900', N'130000', 2, N'130900', N'沧州市', N'czs', 130900, NULL, 1, NULL, CAST(0x0000A64900000000 AS DateTime), NULL, NULL, NULL, NULL, NULL)
INSERT [dbo].[Sys_Area] ([F_Id], [F_ParentId], [F_Layers], [F_EnCode], [F_FullName], [F_SimpleSpelling], [F_SortCode], [F_DeleteMark], [F_EnabledMark], [F_Description], [F_CreatorTime], [F_CreatorUserId], [F_LastModifyTime], [F_LastModifyUserId], [F_DeleteTime], [F_DeleteUserId]) VALUES (N'131000', N'130000', 2, N'131000', N'廊坊市', N'lfs', 131000, NULL, 1, NULL, CAST(0x0000A64900000000 AS DateTime), NULL, NULL, NULL, NULL, NULL)
INSERT [dbo].[Sys_Area] ([F_Id], [F_ParentId], [F_Layers], [F_EnCode], [F_FullName], [F_SimpleSpelling], [F_SortCode], [F_DeleteMark], [F_EnabledMark], [F_Description], [F_CreatorTime], [F_CreatorUserId], [F_LastModifyTime], [F_LastModifyUserId], [F_DeleteTime], [F_DeleteUserId]) VALUES (N'131100', N'130000', 2, N'131100', N'衡水市', N'hss', 131100, NULL, 1, NULL, CAST(0x0000A64900000000 AS DateTime), NULL, NULL, NULL, NULL, NULL)
INSERT [dbo].[Sys_Area] ([F_Id], [F_ParentId], [F_Layers], [F_EnCode], [F_FullName], [F_SimpleSpelling], [F_SortCode], [F_DeleteMark], [F_EnabledMark], [F_Description], [F_CreatorTime], [F_CreatorUserId], [F_LastModifyTime], [F_LastModifyUserId], [F_DeleteTime], [F_DeleteUserId]) VALUES (N'140100', N'140000', 2, N'140100', N'太原市', N'tys', 140100, NULL, 1, NULL, CAST(0x0000A64900000000 AS DateTime), NULL, NULL, NULL, NULL, NULL)
INSERT [dbo].[Sys_Area] ([F_Id], [F_ParentId], [F_Layers], [F_EnCode], [F_FullName], [F_SimpleSpelling], [F_SortCode], [F_DeleteMark], [F_EnabledMark], [F_Description], [F_CreatorTime], [F_CreatorUserId], [F_LastModifyTime], [F_LastModifyUserId], [F_DeleteTime], [F_DeleteUserId]) VALUES (N'140200', N'140000', 2, N'140200', N'大同市', N'dts', 140200, NULL, 1, NULL, CAST(0x0000A64900000000 AS DateTime), NULL, NULL, NULL, NULL, NULL)
INSERT [dbo].[Sys_Area] ([F_Id], [F_ParentId], [F_Layers], [F_EnCode], [F_FullName], [F_SimpleSpelling], [F_SortCode], [F_DeleteMark], [F_EnabledMark], [F_Description], [F_CreatorTime], [F_CreatorUserId], [F_LastModifyTime], [F_LastModifyUserId], [F_DeleteTime], [F_DeleteUserId]) VALUES (N'140300', N'140000', 2, N'140300', N'阳泉市', N'yqs', 140300, NULL, 1, NULL, CAST(0x0000A64900000000 AS DateTime), NULL, NULL, NULL, NULL, NULL)
INSERT [dbo].[Sys_Area] ([F_Id], [F_ParentId], [F_Layers], [F_EnCode], [F_FullName], [F_SimpleSpelling], [F_SortCode], [F_DeleteMark], [F_EnabledMark], [F_Description], [F_CreatorTime], [F_CreatorUserId], [F_LastModifyTime], [F_LastModifyUserId], [F_DeleteTime], [F_DeleteUserId]) VALUES (N'140400', N'140000', 2, N'140400', N'长治市', N'czs', 140400, NULL, 1, NULL, CAST(0x0000A64900000000 AS DateTime), NULL, NULL, NULL, NULL, NULL)
INSERT [dbo].[Sys_Area] ([F_Id], [F_ParentId], [F_Layers], [F_EnCode], [F_FullName], [F_SimpleSpelling], [F_SortCode], [F_DeleteMark], [F_EnabledMark], [F_Description], [F_CreatorTime], [F_CreatorUserId], [F_LastModifyTime], [F_LastModifyUserId], [F_DeleteTime], [F_DeleteUserId]) VALUES (N'140500', N'140000', 2, N'140500', N'晋城市', N'jcs', 140500, NULL, 1, NULL, CAST(0x0000A64900000000 AS DateTime), NULL, NULL, NULL, NULL, NULL)
INSERT [dbo].[Sys_Area] ([F_Id], [F_ParentId], [F_Layers], [F_EnCode], [F_FullName], [F_SimpleSpelling], [F_SortCode], [F_DeleteMark], [F_EnabledMark], [F_Description], [F_CreatorTime], [F_CreatorUserId], [F_LastModifyTime], [F_LastModifyUserId], [F_DeleteTime], [F_DeleteUserId]) VALUES (N'140600', N'140000', 2, N'140600', N'朔州市', N'szs', 140600, NULL, 1, NULL, CAST(0x0000A64900000000 AS DateTime), NULL, NULL, NULL, NULL, NULL)
INSERT [dbo].[Sys_Area] ([F_Id], [F_ParentId], [F_Layers], [F_EnCode], [F_FullName], [F_SimpleSpelling], [F_SortCode], [F_DeleteMark], [F_EnabledMark], [F_Description], [F_CreatorTime], [F_CreatorUserId], [F_LastModifyTime], [F_LastModifyUserId], [F_DeleteTime], [F_DeleteUserId]) VALUES (N'140700', N'140000', 2, N'140700', N'晋中市', N'jzs', 140700, NULL, 1, NULL, CAST(0x0000A64900000000 AS DateTime), NULL, NULL, NULL, NULL, NULL)
INSERT [dbo].[Sys_Area] ([F_Id], [F_ParentId], [F_Layers], [F_EnCode], [F_FullName], [F_SimpleSpelling], [F_SortCode], [F_DeleteMark], [F_EnabledMark], [F_Description], [F_CreatorTime], [F_CreatorUserId], [F_LastModifyTime], [F_LastModifyUserId], [F_DeleteTime], [F_DeleteUserId]) VALUES (N'140800', N'140000', 2, N'140800', N'运城市', N'ycs', 140800, NULL, 1, NULL, CAST(0x0000A64900000000 AS DateTime), NULL, NULL, NULL, NULL, NULL)
INSERT [dbo].[Sys_Area] ([F_Id], [F_ParentId], [F_Layers], [F_EnCode], [F_FullName], [F_SimpleSpelling], [F_SortCode], [F_DeleteMark], [F_EnabledMark], [F_Description], [F_CreatorTime], [F_CreatorUserId], [F_LastModifyTime], [F_LastModifyUserId], [F_DeleteTime], [F_DeleteUserId]) VALUES (N'140900', N'140000', 2, N'140900', N'忻州市', N'xzs', 140900, NULL, 1, NULL, CAST(0x0000A64900000000 AS DateTime), NULL, NULL, NULL, NULL, NULL)
INSERT [dbo].[Sys_Area] ([F_Id], [F_ParentId], [F_Layers], [F_EnCode], [F_FullName], [F_SimpleSpelling], [F_SortCode], [F_DeleteMark], [F_EnabledMark], [F_Description], [F_CreatorTime], [F_CreatorUserId], [F_LastModifyTime], [F_LastModifyUserId], [F_DeleteTime], [F_DeleteUserId]) VALUES (N'141000', N'140000', 2, N'141000', N'临汾市', N'lfs', 141000, NULL, 1, NULL, CAST(0x0000A64900000000 AS DateTime), NULL, NULL, NULL, NULL, NULL)
INSERT [dbo].[Sys_Area] ([F_Id], [F_ParentId], [F_Layers], [F_EnCode], [F_FullName], [F_SimpleSpelling], [F_SortCode], [F_DeleteMark], [F_EnabledMark], [F_Description], [F_CreatorTime], [F_CreatorUserId], [F_LastModifyTime], [F_LastModifyUserId], [F_DeleteTime], [F_DeleteUserId]) VALUES (N'141100', N'140000', 2, N'141100', N'吕梁市', N'lls', 141100, NULL, 1, NULL, CAST(0x0000A64900000000 AS DateTime), NULL, NULL, NULL, NULL, NULL)
INSERT [dbo].[Sys_Area] ([F_Id], [F_ParentId], [F_Layers], [F_EnCode], [F_FullName], [F_SimpleSpelling], [F_SortCode], [F_DeleteMark], [F_EnabledMark], [F_Description], [F_CreatorTime], [F_CreatorUserId], [F_LastModifyTime], [F_LastModifyUserId], [F_DeleteTime], [F_DeleteUserId]) VALUES (N'150100', N'150000', 2, N'150100', N'呼和浩特市', N'hhhts', 150100, NULL, 1, NULL, CAST(0x0000A64900000000 AS DateTime), NULL, NULL, NULL, NULL, NULL)
INSERT [dbo].[Sys_Area] ([F_Id], [F_ParentId], [F_Layers], [F_EnCode], [F_FullName], [F_SimpleSpelling], [F_SortCode], [F_DeleteMark], [F_EnabledMark], [F_Description], [F_CreatorTime], [F_CreatorUserId], [F_LastModifyTime], [F_LastModifyUserId], [F_DeleteTime], [F_DeleteUserId]) VALUES (N'150200', N'150000', 2, N'150200', N'包头市', N'bts', 150200, NULL, 1, NULL, CAST(0x0000A64900000000 AS DateTime), NULL, NULL, NULL, NULL, NULL)
INSERT [dbo].[Sys_Area] ([F_Id], [F_ParentId], [F_Layers], [F_EnCode], [F_FullName], [F_SimpleSpelling], [F_SortCode], [F_DeleteMark], [F_EnabledMark], [F_Description], [F_CreatorTime], [F_CreatorUserId], [F_LastModifyTime], [F_LastModifyUserId], [F_DeleteTime], [F_DeleteUserId]) VALUES (N'150300', N'150000', 2, N'150300', N'乌海市', N'whs', 150300, NULL, 1, NULL, CAST(0x0000A64900000000 AS DateTime), NULL, NULL, NULL, NULL, NULL)
INSERT [dbo].[Sys_Area] ([F_Id], [F_ParentId], [F_Layers], [F_EnCode], [F_FullName], [F_SimpleSpelling], [F_SortCode], [F_DeleteMark], [F_EnabledMark], [F_Description], [F_CreatorTime], [F_CreatorUserId], [F_LastModifyTime], [F_LastModifyUserId], [F_DeleteTime], [F_DeleteUserId]) VALUES (N'150400', N'150000', 2, N'150400', N'赤峰市', N'cfs', 150400, NULL, 1, NULL, CAST(0x0000A64900000000 AS DateTime), NULL, NULL, NULL, NULL, NULL)
INSERT [dbo].[Sys_Area] ([F_Id], [F_ParentId], [F_Layers], [F_EnCode], [F_FullName], [F_SimpleSpelling], [F_SortCode], [F_DeleteMark], [F_EnabledMark], [F_Description], [F_CreatorTime], [F_CreatorUserId], [F_LastModifyTime], [F_LastModifyUserId], [F_DeleteTime], [F_DeleteUserId]) VALUES (N'150500', N'150000', 2, N'150500', N'通辽市', N'tls', 150500, NULL, 1, NULL, CAST(0x0000A64900000000 AS DateTime), NULL, NULL, NULL, NULL, NULL)
INSERT [dbo].[Sys_Area] ([F_Id], [F_ParentId], [F_Layers], [F_EnCode], [F_FullName], [F_SimpleSpelling], [F_SortCode], [F_DeleteMark], [F_EnabledMark], [F_Description], [F_CreatorTime], [F_CreatorUserId], [F_LastModifyTime], [F_LastModifyUserId], [F_DeleteTime], [F_DeleteUserId]) VALUES (N'150600', N'150000', 2, N'150600', N'鄂尔多斯市', N'eedss', 150600, NULL, 1, NULL, CAST(0x0000A64900000000 AS DateTime), NULL, NULL, NULL, NULL, NULL)
INSERT [dbo].[Sys_Area] ([F_Id], [F_ParentId], [F_Layers], [F_EnCode], [F_FullName], [F_SimpleSpelling], [F_SortCode], [F_DeleteMark], [F_EnabledMark], [F_Description], [F_CreatorTime], [F_CreatorUserId], [F_LastModifyTime], [F_LastModifyUserId], [F_DeleteTime], [F_DeleteUserId]) VALUES (N'150700', N'150000', 2, N'150700', N'呼伦贝尔市', N'hlbes', 150700, NULL, 1, NULL, CAST(0x0000A64900000000 AS DateTime), NULL, NULL, NULL, NULL, NULL)
INSERT [dbo].[Sys_Area] ([F_Id], [F_ParentId], [F_Layers], [F_EnCode], [F_FullName], [F_SimpleSpelling], [F_SortCode], [F_DeleteMark], [F_EnabledMark], [F_Description], [F_CreatorTime], [F_CreatorUserId], [F_LastModifyTime], [F_LastModifyUserId], [F_DeleteTime], [F_DeleteUserId]) VALUES (N'150800', N'150000', 2, N'150800', N'巴彦淖尔市', N'bynes', 150800, NULL, 1, NULL, CAST(0x0000A64900000000 AS DateTime), NULL, NULL, NULL, NULL, NULL)
INSERT [dbo].[Sys_Area] ([F_Id], [F_ParentId], [F_Layers], [F_EnCode], [F_FullName], [F_SimpleSpelling], [F_SortCode], [F_DeleteMark], [F_EnabledMark], [F_Description], [F_CreatorTime], [F_CreatorUserId], [F_LastModifyTime], [F_LastModifyUserId], [F_DeleteTime], [F_DeleteUserId]) VALUES (N'340400', N'340000', 2, N'340400', N'淮南市', N'hns', 340400, NULL, 1, NULL, CAST(0x0000A64900000000 AS DateTime), NULL, NULL, NULL, NULL, NULL)
INSERT [dbo].[Sys_Area] ([F_Id], [F_ParentId], [F_Layers], [F_EnCode], [F_FullName], [F_SimpleSpelling], [F_SortCode], [F_DeleteMark], [F_EnabledMark], [F_Description], [F_CreatorTime], [F_CreatorUserId], [F_LastModifyTime], [F_LastModifyUserId], [F_DeleteTime], [F_DeleteUserId]) VALUES (N'340500', N'340000', 2, N'340500', N'马鞍山市', N'mass', 340500, NULL, 1, NULL, CAST(0x0000A64900000000 AS DateTime), NULL, NULL, NULL, NULL, NULL)
INSERT [dbo].[Sys_Area] ([F_Id], [F_ParentId], [F_Layers], [F_EnCode], [F_FullName], [F_SimpleSpelling], [F_SortCode], [F_DeleteMark], [F_EnabledMark], [F_Description], [F_CreatorTime], [F_CreatorUserId], [F_LastModifyTime], [F_LastModifyUserId], [F_DeleteTime], [F_DeleteUserId]) VALUES (N'340600', N'340000', 2, N'340600', N'淮北市', N'hbs', 340600, NULL, 1, NULL, CAST(0x0000A64900000000 AS DateTime), NULL, NULL, NULL, NULL, NULL)
INSERT [dbo].[Sys_Area] ([F_Id], [F_ParentId], [F_Layers], [F_EnCode], [F_FullName], [F_SimpleSpelling], [F_SortCode], [F_DeleteMark], [F_EnabledMark], [F_Description], [F_CreatorTime], [F_CreatorUserId], [F_LastModifyTime], [F_LastModifyUserId], [F_DeleteTime], [F_DeleteUserId]) VALUES (N'340700', N'340000', 2, N'340700', N'铜陵市', N'tls', 340700, NULL, 1, NULL, CAST(0x0000A64900000000 AS DateTime), NULL, NULL, NULL, NULL, NULL)
INSERT [dbo].[Sys_Area] ([F_Id], [F_ParentId], [F_Layers], [F_EnCode], [F_FullName], [F_SimpleSpelling], [F_SortCode], [F_DeleteMark], [F_EnabledMark], [F_Description], [F_CreatorTime], [F_CreatorUserId], [F_LastModifyTime], [F_LastModifyUserId], [F_DeleteTime], [F_DeleteUserId]) VALUES (N'340800', N'340000', 2, N'340800', N'安庆市', N'aqs', 340800, NULL, 1, NULL, CAST(0x0000A64900000000 AS DateTime), NULL, NULL, NULL, NULL, NULL)
INSERT [dbo].[Sys_Area] ([F_Id], [F_ParentId], [F_Layers], [F_EnCode], [F_FullName], [F_SimpleSpelling], [F_SortCode], [F_DeleteMark], [F_EnabledMark], [F_Description], [F_CreatorTime], [F_CreatorUserId], [F_LastModifyTime], [F_LastModifyUserId], [F_DeleteTime], [F_DeleteUserId]) VALUES (N'341000', N'340000', 2, N'341000', N'黄山市', N'hss', 341000, NULL, 1, NULL, CAST(0x0000A64900000000 AS DateTime), NULL, NULL, NULL, NULL, NULL)
INSERT [dbo].[Sys_Area] ([F_Id], [F_ParentId], [F_Layers], [F_EnCode], [F_FullName], [F_SimpleSpelling], [F_SortCode], [F_DeleteMark], [F_EnabledMark], [F_Description], [F_CreatorTime], [F_CreatorUserId], [F_LastModifyTime], [F_LastModifyUserId], [F_DeleteTime], [F_DeleteUserId]) VALUES (N'341100', N'340000', 2, N'341100', N'滁州市', N'czs', 341100, NULL, 1, NULL, CAST(0x0000A64900000000 AS DateTime), NULL, NULL, NULL, NULL, NULL)
INSERT [dbo].[Sys_Area] ([F_Id], [F_ParentId], [F_Layers], [F_EnCode], [F_FullName], [F_SimpleSpelling], [F_SortCode], [F_DeleteMark], [F_EnabledMark], [F_Description], [F_CreatorTime], [F_CreatorUserId], [F_LastModifyTime], [F_LastModifyUserId], [F_DeleteTime], [F_DeleteUserId]) VALUES (N'341200', N'340000', 2, N'341200', N'阜阳市', N'fys', 341200, NULL, 1, NULL, CAST(0x0000A64900000000 AS DateTime), NULL, NULL, NULL, NULL, NULL)
INSERT [dbo].[Sys_Area] ([F_Id], [F_ParentId], [F_Layers], [F_EnCode], [F_FullName], [F_SimpleSpelling], [F_SortCode], [F_DeleteMark], [F_EnabledMark], [F_Description], [F_CreatorTime], [F_CreatorUserId], [F_LastModifyTime], [F_LastModifyUserId], [F_DeleteTime], [F_DeleteUserId]) VALUES (N'341300', N'340000', 2, N'341300', N'宿州市', N'szs', 341300, NULL, 1, NULL, CAST(0x0000A64900000000 AS DateTime), NULL, NULL, NULL, NULL, NULL)
INSERT [dbo].[Sys_Area] ([F_Id], [F_ParentId], [F_Layers], [F_EnCode], [F_FullName], [F_SimpleSpelling], [F_SortCode], [F_DeleteMark], [F_EnabledMark], [F_Description], [F_CreatorTime], [F_CreatorUserId], [F_LastModifyTime], [F_LastModifyUserId], [F_DeleteTime], [F_DeleteUserId]) VALUES (N'341500', N'340000', 2, N'341500', N'六安市', N'las', 341500, NULL, 1, NULL, CAST(0x0000A64900000000 AS DateTime), NULL, NULL, NULL, NULL, NULL)
INSERT [dbo].[Sys_Area] ([F_Id], [F_ParentId], [F_Layers], [F_EnCode], [F_FullName], [F_SimpleSpelling], [F_SortCode], [F_DeleteMark], [F_EnabledMark], [F_Description], [F_CreatorTime], [F_CreatorUserId], [F_LastModifyTime], [F_LastModifyUserId], [F_DeleteTime], [F_DeleteUserId]) VALUES (N'341600', N'340000', 2, N'341600', N'亳州市', N'bzs', 341600, NULL, 1, NULL, CAST(0x0000A64900000000 AS DateTime), NULL, NULL, NULL, NULL, NULL)
INSERT [dbo].[Sys_Area] ([F_Id], [F_ParentId], [F_Layers], [F_EnCode], [F_FullName], [F_SimpleSpelling], [F_SortCode], [F_DeleteMark], [F_EnabledMark], [F_Description], [F_CreatorTime], [F_CreatorUserId], [F_LastModifyTime], [F_LastModifyUserId], [F_DeleteTime], [F_DeleteUserId]) VALUES (N'341700', N'340000', 2, N'341700', N'池州市', N'czs', 341700, NULL, 1, NULL, CAST(0x0000A64900000000 AS DateTime), NULL, NULL, NULL, NULL, NULL)
INSERT [dbo].[Sys_Area] ([F_Id], [F_ParentId], [F_Layers], [F_EnCode], [F_FullName], [F_SimpleSpelling], [F_SortCode], [F_DeleteMark], [F_EnabledMark], [F_Description], [F_CreatorTime], [F_CreatorUserId], [F_LastModifyTime], [F_LastModifyUserId], [F_DeleteTime], [F_DeleteUserId]) VALUES (N'341800', N'340000', 2, N'341800', N'宣城市', N'xcs', 341800, NULL, 1, NULL, CAST(0x0000A64900000000 AS DateTime), NULL, NULL, NULL, NULL, NULL)
INSERT [dbo].[Sys_Area] ([F_Id], [F_ParentId], [F_Layers], [F_EnCode], [F_FullName], [F_SimpleSpelling], [F_SortCode], [F_DeleteMark], [F_EnabledMark], [F_Description], [F_CreatorTime], [F_CreatorUserId], [F_LastModifyTime], [F_LastModifyUserId], [F_DeleteTime], [F_DeleteUserId]) VALUES (N'350100', N'350000', 2, N'350100', N'福州市', N'fzs', 350100, NULL, 1, NULL, CAST(0x0000A64900000000 AS DateTime), NULL, NULL, NULL, NULL, NULL)
INSERT [dbo].[Sys_Area] ([F_Id], [F_ParentId], [F_Layers], [F_EnCode], [F_FullName], [F_SimpleSpelling], [F_SortCode], [F_DeleteMark], [F_EnabledMark], [F_Description], [F_CreatorTime], [F_CreatorUserId], [F_LastModifyTime], [F_LastModifyUserId], [F_DeleteTime], [F_DeleteUserId]) VALUES (N'350200', N'350000', 2, N'350200', N'厦门市', N'xms', 350200, NULL, 1, NULL, CAST(0x0000A64900000000 AS DateTime), NULL, NULL, NULL, NULL, NULL)
INSERT [dbo].[Sys_Area] ([F_Id], [F_ParentId], [F_Layers], [F_EnCode], [F_FullName], [F_SimpleSpelling], [F_SortCode], [F_DeleteMark], [F_EnabledMark], [F_Description], [F_CreatorTime], [F_CreatorUserId], [F_LastModifyTime], [F_LastModifyUserId], [F_DeleteTime], [F_DeleteUserId]) VALUES (N'350300', N'350000', 2, N'350300', N'莆田市', N'pts', 350300, NULL, 1, NULL, CAST(0x0000A64900000000 AS DateTime), NULL, NULL, NULL, NULL, NULL)
INSERT [dbo].[Sys_Area] ([F_Id], [F_ParentId], [F_Layers], [F_EnCode], [F_FullName], [F_SimpleSpelling], [F_SortCode], [F_DeleteMark], [F_EnabledMark], [F_Description], [F_CreatorTime], [F_CreatorUserId], [F_LastModifyTime], [F_LastModifyUserId], [F_DeleteTime], [F_DeleteUserId]) VALUES (N'350400', N'350000', 2, N'350400', N'三明市', N'sms', 350400, NULL, 1, NULL, CAST(0x0000A64900000000 AS DateTime), NULL, NULL, NULL, NULL, NULL)
INSERT [dbo].[Sys_Area] ([F_Id], [F_ParentId], [F_Layers], [F_EnCode], [F_FullName], [F_SimpleSpelling], [F_SortCode], [F_DeleteMark], [F_EnabledMark], [F_Description], [F_CreatorTime], [F_CreatorUserId], [F_LastModifyTime], [F_LastModifyUserId], [F_DeleteTime], [F_DeleteUserId]) VALUES (N'350500', N'350000', 2, N'350500', N'泉州市', N'qzs', 350500, NULL, 1, NULL, CAST(0x0000A64900000000 AS DateTime), NULL, NULL, NULL, NULL, NULL)
INSERT [dbo].[Sys_Area] ([F_Id], [F_ParentId], [F_Layers], [F_EnCode], [F_FullName], [F_SimpleSpelling], [F_SortCode], [F_DeleteMark], [F_EnabledMark], [F_Description], [F_CreatorTime], [F_CreatorUserId], [F_LastModifyTime], [F_LastModifyUserId], [F_DeleteTime], [F_DeleteUserId]) VALUES (N'350600', N'350000', 2, N'350600', N'漳州市', N'zzs', 350600, NULL, 1, NULL, CAST(0x0000A64900000000 AS DateTime), NULL, NULL, NULL, NULL, NULL)
INSERT [dbo].[Sys_Area] ([F_Id], [F_ParentId], [F_Layers], [F_EnCode], [F_FullName], [F_SimpleSpelling], [F_SortCode], [F_DeleteMark], [F_EnabledMark], [F_Description], [F_CreatorTime], [F_CreatorUserId], [F_LastModifyTime], [F_LastModifyUserId], [F_DeleteTime], [F_DeleteUserId]) VALUES (N'350700', N'350000', 2, N'350700', N'南平市', N'nps', 350700, NULL, 1, NULL, CAST(0x0000A64900000000 AS DateTime), NULL, NULL, NULL, NULL, NULL)
INSERT [dbo].[Sys_Area] ([F_Id], [F_ParentId], [F_Layers], [F_EnCode], [F_FullName], [F_SimpleSpelling], [F_SortCode], [F_DeleteMark], [F_EnabledMark], [F_Description], [F_CreatorTime], [F_CreatorUserId], [F_LastModifyTime], [F_LastModifyUserId], [F_DeleteTime], [F_DeleteUserId]) VALUES (N'350800', N'350000', 2, N'350800', N'龙岩市', N'lys', 350800, NULL, 1, NULL, CAST(0x0000A64900000000 AS DateTime), NULL, NULL, NULL, NULL, NULL)
INSERT [dbo].[Sys_Area] ([F_Id], [F_ParentId], [F_Layers], [F_EnCode], [F_FullName], [F_SimpleSpelling], [F_SortCode], [F_DeleteMark], [F_EnabledMark], [F_Description], [F_CreatorTime], [F_CreatorUserId], [F_LastModifyTime], [F_LastModifyUserId], [F_DeleteTime], [F_DeleteUserId]) VALUES (N'350900', N'350000', 2, N'350900', N'宁德市', N'nds', 350900, NULL, 1, NULL, CAST(0x0000A64900000000 AS DateTime), NULL, NULL, NULL, NULL, NULL)
INSERT [dbo].[Sys_Area] ([F_Id], [F_ParentId], [F_Layers], [F_EnCode], [F_FullName], [F_SimpleSpelling], [F_SortCode], [F_DeleteMark], [F_EnabledMark], [F_Description], [F_CreatorTime], [F_CreatorUserId], [F_LastModifyTime], [F_LastModifyUserId], [F_DeleteTime], [F_DeleteUserId]) VALUES (N'360100', N'360000', 2, N'360100', N'南昌市', N'ncs', 360100, NULL, 1, NULL, CAST(0x0000A64900000000 AS DateTime), NULL, NULL, NULL, NULL, NULL)
INSERT [dbo].[Sys_Area] ([F_Id], [F_ParentId], [F_Layers], [F_EnCode], [F_FullName], [F_SimpleSpelling], [F_SortCode], [F_DeleteMark], [F_EnabledMark], [F_Description], [F_CreatorTime], [F_CreatorUserId], [F_LastModifyTime], [F_LastModifyUserId], [F_DeleteTime], [F_DeleteUserId]) VALUES (N'360200', N'360000', 2, N'360200', N'景德镇市', N'jdzs', 360200, NULL, 1, NULL, CAST(0x0000A64900000000 AS DateTime), NULL, NULL, NULL, NULL, NULL)
INSERT [dbo].[Sys_Area] ([F_Id], [F_ParentId], [F_Layers], [F_EnCode], [F_FullName], [F_SimpleSpelling], [F_SortCode], [F_DeleteMark], [F_EnabledMark], [F_Description], [F_CreatorTime], [F_CreatorUserId], [F_LastModifyTime], [F_LastModifyUserId], [F_DeleteTime], [F_DeleteUserId]) VALUES (N'360300', N'360000', 2, N'360300', N'萍乡市', N'pxs', 360300, NULL, 1, NULL, CAST(0x0000A64900000000 AS DateTime), NULL, NULL, NULL, NULL, NULL)
INSERT [dbo].[Sys_Area] ([F_Id], [F_ParentId], [F_Layers], [F_EnCode], [F_FullName], [F_SimpleSpelling], [F_SortCode], [F_DeleteMark], [F_EnabledMark], [F_Description], [F_CreatorTime], [F_CreatorUserId], [F_LastModifyTime], [F_LastModifyUserId], [F_DeleteTime], [F_DeleteUserId]) VALUES (N'360400', N'360000', 2, N'360400', N'九江市', N'jjs', 360400, NULL, 1, NULL, CAST(0x0000A64900000000 AS DateTime), NULL, NULL, NULL, NULL, NULL)
INSERT [dbo].[Sys_Area] ([F_Id], [F_ParentId], [F_Layers], [F_EnCode], [F_FullName], [F_SimpleSpelling], [F_SortCode], [F_DeleteMark], [F_EnabledMark], [F_Description], [F_CreatorTime], [F_CreatorUserId], [F_LastModifyTime], [F_LastModifyUserId], [F_DeleteTime], [F_DeleteUserId]) VALUES (N'360500', N'360000', 2, N'360500', N'新余市', N'xys', 360500, NULL, 1, NULL, CAST(0x0000A64900000000 AS DateTime), NULL, NULL, NULL, NULL, NULL)
INSERT [dbo].[Sys_Area] ([F_Id], [F_ParentId], [F_Layers], [F_EnCode], [F_FullName], [F_SimpleSpelling], [F_SortCode], [F_DeleteMark], [F_EnabledMark], [F_Description], [F_CreatorTime], [F_CreatorUserId], [F_LastModifyTime], [F_LastModifyUserId], [F_DeleteTime], [F_DeleteUserId]) VALUES (N'360600', N'360000', 2, N'360600', N'鹰潭市', N'yts', 360600, NULL, 1, NULL, CAST(0x0000A64900000000 AS DateTime), NULL, NULL, NULL, NULL, NULL)
INSERT [dbo].[Sys_Area] ([F_Id], [F_ParentId], [F_Layers], [F_EnCode], [F_FullName], [F_SimpleSpelling], [F_SortCode], [F_DeleteMark], [F_EnabledMark], [F_Description], [F_CreatorTime], [F_CreatorUserId], [F_LastModifyTime], [F_LastModifyUserId], [F_DeleteTime], [F_DeleteUserId]) VALUES (N'360700', N'360000', 2, N'360700', N'赣州市', N'gzs', 360700, NULL, 1, NULL, CAST(0x0000A64900000000 AS DateTime), NULL, NULL, NULL, NULL, NULL)
INSERT [dbo].[Sys_Area] ([F_Id], [F_ParentId], [F_Layers], [F_EnCode], [F_FullName], [F_SimpleSpelling], [F_SortCode], [F_DeleteMark], [F_EnabledMark], [F_Description], [F_CreatorTime], [F_CreatorUserId], [F_LastModifyTime], [F_LastModifyUserId], [F_DeleteTime], [F_DeleteUserId]) VALUES (N'360800', N'360000', 2, N'360800', N'吉安市', N'jas', 360800, NULL, 1, NULL, CAST(0x0000A64900000000 AS DateTime), NULL, NULL, NULL, NULL, NULL)
INSERT [dbo].[Sys_Area] ([F_Id], [F_ParentId], [F_Layers], [F_EnCode], [F_FullName], [F_SimpleSpelling], [F_SortCode], [F_DeleteMark], [F_EnabledMark], [F_Description], [F_CreatorTime], [F_CreatorUserId], [F_LastModifyTime], [F_LastModifyUserId], [F_DeleteTime], [F_DeleteUserId]) VALUES (N'360900', N'360000', 2, N'360900', N'宜春市', N'ycs', 360900, NULL, 1, NULL, CAST(0x0000A64900000000 AS DateTime), NULL, NULL, NULL, NULL, NULL)
INSERT [dbo].[Sys_Area] ([F_Id], [F_ParentId], [F_Layers], [F_EnCode], [F_FullName], [F_SimpleSpelling], [F_SortCode], [F_DeleteMark], [F_EnabledMark], [F_Description], [F_CreatorTime], [F_CreatorUserId], [F_LastModifyTime], [F_LastModifyUserId], [F_DeleteTime], [F_DeleteUserId]) VALUES (N'361000', N'360000', 2, N'361000', N'抚州市', N'fzs', 361000, NULL, 1, NULL, CAST(0x0000A64900000000 AS DateTime), NULL, NULL, NULL, NULL, NULL)
INSERT [dbo].[Sys_Area] ([F_Id], [F_ParentId], [F_Layers], [F_EnCode], [F_FullName], [F_SimpleSpelling], [F_SortCode], [F_DeleteMark], [F_EnabledMark], [F_Description], [F_CreatorTime], [F_CreatorUserId], [F_LastModifyTime], [F_LastModifyUserId], [F_DeleteTime], [F_DeleteUserId]) VALUES (N'361100', N'360000', 2, N'361100', N'上饶市', N'srs', 361100, NULL, 1, NULL, CAST(0x0000A64900000000 AS DateTime), NULL, NULL, NULL, NULL, NULL)
INSERT [dbo].[Sys_Area] ([F_Id], [F_ParentId], [F_Layers], [F_EnCode], [F_FullName], [F_SimpleSpelling], [F_SortCode], [F_DeleteMark], [F_EnabledMark], [F_Description], [F_CreatorTime], [F_CreatorUserId], [F_LastModifyTime], [F_LastModifyUserId], [F_DeleteTime], [F_DeleteUserId]) VALUES (N'370100', N'370000', 2, N'370100', N'济南市', N'jns', 370100, NULL, 1, NULL, CAST(0x0000A64900000000 AS DateTime), NULL, NULL, NULL, NULL, NULL)
INSERT [dbo].[Sys_Area] ([F_Id], [F_ParentId], [F_Layers], [F_EnCode], [F_FullName], [F_SimpleSpelling], [F_SortCode], [F_DeleteMark], [F_EnabledMark], [F_Description], [F_CreatorTime], [F_CreatorUserId], [F_LastModifyTime], [F_LastModifyUserId], [F_DeleteTime], [F_DeleteUserId]) VALUES (N'370200', N'370000', 2, N'370200', N'青岛市', N'qds', 370200, NULL, 1, NULL, CAST(0x0000A64900000000 AS DateTime), NULL, NULL, NULL, NULL, NULL)
INSERT [dbo].[Sys_Area] ([F_Id], [F_ParentId], [F_Layers], [F_EnCode], [F_FullName], [F_SimpleSpelling], [F_SortCode], [F_DeleteMark], [F_EnabledMark], [F_Description], [F_CreatorTime], [F_CreatorUserId], [F_LastModifyTime], [F_LastModifyUserId], [F_DeleteTime], [F_DeleteUserId]) VALUES (N'370300', N'370000', 2, N'370300', N'淄博市', N'zbs', 370300, NULL, 1, NULL, CAST(0x0000A64900000000 AS DateTime), NULL, NULL, NULL, NULL, NULL)
INSERT [dbo].[Sys_Area] ([F_Id], [F_ParentId], [F_Layers], [F_EnCode], [F_FullName], [F_SimpleSpelling], [F_SortCode], [F_DeleteMark], [F_EnabledMark], [F_Description], [F_CreatorTime], [F_CreatorUserId], [F_LastModifyTime], [F_LastModifyUserId], [F_DeleteTime], [F_DeleteUserId]) VALUES (N'370400', N'370000', 2, N'370400', N'枣庄市', N'zzs', 370400, NULL, 1, NULL, CAST(0x0000A64900000000 AS DateTime), NULL, NULL, NULL, NULL, NULL)
INSERT [dbo].[Sys_Area] ([F_Id], [F_ParentId], [F_Layers], [F_EnCode], [F_FullName], [F_SimpleSpelling], [F_SortCode], [F_DeleteMark], [F_EnabledMark], [F_Description], [F_CreatorTime], [F_CreatorUserId], [F_LastModifyTime], [F_LastModifyUserId], [F_DeleteTime], [F_DeleteUserId]) VALUES (N'370500', N'370000', 2, N'370500', N'东营市', N'dys', 370500, NULL, 1, NULL, CAST(0x0000A64900000000 AS DateTime), NULL, NULL, NULL, NULL, NULL)
INSERT [dbo].[Sys_Area] ([F_Id], [F_ParentId], [F_Layers], [F_EnCode], [F_FullName], [F_SimpleSpelling], [F_SortCode], [F_DeleteMark], [F_EnabledMark], [F_Description], [F_CreatorTime], [F_CreatorUserId], [F_LastModifyTime], [F_LastModifyUserId], [F_DeleteTime], [F_DeleteUserId]) VALUES (N'370600', N'370000', 2, N'370600', N'烟台市', N'yts', 370600, NULL, 1, NULL, CAST(0x0000A64900000000 AS DateTime), NULL, NULL, NULL, NULL, NULL)
INSERT [dbo].[Sys_Area] ([F_Id], [F_ParentId], [F_Layers], [F_EnCode], [F_FullName], [F_SimpleSpelling], [F_SortCode], [F_DeleteMark], [F_EnabledMark], [F_Description], [F_CreatorTime], [F_CreatorUserId], [F_LastModifyTime], [F_LastModifyUserId], [F_DeleteTime], [F_DeleteUserId]) VALUES (N'370700', N'370000', 2, N'370700', N'潍坊市', N'wfs', 370700, NULL, 1, NULL, CAST(0x0000A64900000000 AS DateTime), NULL, NULL, NULL, NULL, NULL)
INSERT [dbo].[Sys_Area] ([F_Id], [F_ParentId], [F_Layers], [F_EnCode], [F_FullName], [F_SimpleSpelling], [F_SortCode], [F_DeleteMark], [F_EnabledMark], [F_Description], [F_CreatorTime], [F_CreatorUserId], [F_LastModifyTime], [F_LastModifyUserId], [F_DeleteTime], [F_DeleteUserId]) VALUES (N'370800', N'370000', 2, N'370800', N'济宁市', N'jns', 370800, NULL, 1, NULL, CAST(0x0000A64900000000 AS DateTime), NULL, NULL, NULL, NULL, NULL)
INSERT [dbo].[Sys_Area] ([F_Id], [F_ParentId], [F_Layers], [F_EnCode], [F_FullName], [F_SimpleSpelling], [F_SortCode], [F_DeleteMark], [F_EnabledMark], [F_Description], [F_CreatorTime], [F_CreatorUserId], [F_LastModifyTime], [F_LastModifyUserId], [F_DeleteTime], [F_DeleteUserId]) VALUES (N'370900', N'370000', 2, N'370900', N'泰安市', N'tas', 370900, NULL, 1, NULL, CAST(0x0000A64900000000 AS DateTime), NULL, NULL, NULL, NULL, NULL)
INSERT [dbo].[Sys_Area] ([F_Id], [F_ParentId], [F_Layers], [F_EnCode], [F_FullName], [F_SimpleSpelling], [F_SortCode], [F_DeleteMark], [F_EnabledMark], [F_Description], [F_CreatorTime], [F_CreatorUserId], [F_LastModifyTime], [F_LastModifyUserId], [F_DeleteTime], [F_DeleteUserId]) VALUES (N'371000', N'370000', 2, N'371000', N'威海市', N'whs', 371000, NULL, 1, NULL, CAST(0x0000A64900000000 AS DateTime), NULL, NULL, NULL, NULL, NULL)
INSERT [dbo].[Sys_Area] ([F_Id], [F_ParentId], [F_Layers], [F_EnCode], [F_FullName], [F_SimpleSpelling], [F_SortCode], [F_DeleteMark], [F_EnabledMark], [F_Description], [F_CreatorTime], [F_CreatorUserId], [F_LastModifyTime], [F_LastModifyUserId], [F_DeleteTime], [F_DeleteUserId]) VALUES (N'371100', N'370000', 2, N'371100', N'日照市', N'rzs', 371100, NULL, 1, NULL, CAST(0x0000A64900000000 AS DateTime), NULL, NULL, NULL, NULL, NULL)
INSERT [dbo].[Sys_Area] ([F_Id], [F_ParentId], [F_Layers], [F_EnCode], [F_FullName], [F_SimpleSpelling], [F_SortCode], [F_DeleteMark], [F_EnabledMark], [F_Description], [F_CreatorTime], [F_CreatorUserId], [F_LastModifyTime], [F_LastModifyUserId], [F_DeleteTime], [F_DeleteUserId]) VALUES (N'371200', N'370000', 2, N'371200', N'莱芜市', N'lws', 371200, NULL, 1, NULL, CAST(0x0000A64900000000 AS DateTime), NULL, NULL, NULL, NULL, NULL)
INSERT [dbo].[Sys_Area] ([F_Id], [F_ParentId], [F_Layers], [F_EnCode], [F_FullName], [F_SimpleSpelling], [F_SortCode], [F_DeleteMark], [F_EnabledMark], [F_Description], [F_CreatorTime], [F_CreatorUserId], [F_LastModifyTime], [F_LastModifyUserId], [F_DeleteTime], [F_DeleteUserId]) VALUES (N'371300', N'370000', 2, N'371300', N'临沂市', N'lys', 371300, NULL, 1, NULL, CAST(0x0000A64900000000 AS DateTime), NULL, NULL, NULL, NULL, NULL)
INSERT [dbo].[Sys_Area] ([F_Id], [F_ParentId], [F_Layers], [F_EnCode], [F_FullName], [F_SimpleSpelling], [F_SortCode], [F_DeleteMark], [F_EnabledMark], [F_Description], [F_CreatorTime], [F_CreatorUserId], [F_LastModifyTime], [F_LastModifyUserId], [F_DeleteTime], [F_DeleteUserId]) VALUES (N'371400', N'370000', 2, N'371400', N'德州市', N'dzs', 371400, NULL, 1, NULL, CAST(0x0000A64900000000 AS DateTime), NULL, NULL, NULL, NULL, NULL)
INSERT [dbo].[Sys_Area] ([F_Id], [F_ParentId], [F_Layers], [F_EnCode], [F_FullName], [F_SimpleSpelling], [F_SortCode], [F_DeleteMark], [F_EnabledMark], [F_Description], [F_CreatorTime], [F_CreatorUserId], [F_LastModifyTime], [F_LastModifyUserId], [F_DeleteTime], [F_DeleteUserId]) VALUES (N'371500', N'370000', 2, N'371500', N'聊城市', N'lcs', 371500, NULL, 1, NULL, CAST(0x0000A64900000000 AS DateTime), NULL, NULL, NULL, NULL, NULL)
INSERT [dbo].[Sys_Area] ([F_Id], [F_ParentId], [F_Layers], [F_EnCode], [F_FullName], [F_SimpleSpelling], [F_SortCode], [F_DeleteMark], [F_EnabledMark], [F_Description], [F_CreatorTime], [F_CreatorUserId], [F_LastModifyTime], [F_LastModifyUserId], [F_DeleteTime], [F_DeleteUserId]) VALUES (N'371600', N'370000', 2, N'371600', N'滨州市', N'bzs', 371600, NULL, 1, NULL, CAST(0x0000A64900000000 AS DateTime), NULL, NULL, NULL, NULL, NULL)
INSERT [dbo].[Sys_Area] ([F_Id], [F_ParentId], [F_Layers], [F_EnCode], [F_FullName], [F_SimpleSpelling], [F_SortCode], [F_DeleteMark], [F_EnabledMark], [F_Description], [F_CreatorTime], [F_CreatorUserId], [F_LastModifyTime], [F_LastModifyUserId], [F_DeleteTime], [F_DeleteUserId]) VALUES (N'371700', N'370000', 2, N'371700', N'菏泽市', N'hzs', 371700, NULL, 1, NULL, CAST(0x0000A64900000000 AS DateTime), NULL, NULL, NULL, NULL, NULL)
INSERT [dbo].[Sys_Area] ([F_Id], [F_ParentId], [F_Layers], [F_EnCode], [F_FullName], [F_SimpleSpelling], [F_SortCode], [F_DeleteMark], [F_EnabledMark], [F_Description], [F_CreatorTime], [F_CreatorUserId], [F_LastModifyTime], [F_LastModifyUserId], [F_DeleteTime], [F_DeleteUserId]) VALUES (N'410100', N'410000', 2, N'410100', N'郑州市', N'zzs', 410100, NULL, 1, NULL, CAST(0x0000A64900000000 AS DateTime), NULL, NULL, NULL, NULL, NULL)
INSERT [dbo].[Sys_Area] ([F_Id], [F_ParentId], [F_Layers], [F_EnCode], [F_FullName], [F_SimpleSpelling], [F_SortCode], [F_DeleteMark], [F_EnabledMark], [F_Description], [F_CreatorTime], [F_CreatorUserId], [F_LastModifyTime], [F_LastModifyUserId], [F_DeleteTime], [F_DeleteUserId]) VALUES (N'410200', N'410000', 2, N'410200', N'开封市', N'kfs', 410200, NULL, 1, NULL, CAST(0x0000A64900000000 AS DateTime), NULL, NULL, NULL, NULL, NULL)
INSERT [dbo].[Sys_Area] ([F_Id], [F_ParentId], [F_Layers], [F_EnCode], [F_FullName], [F_SimpleSpelling], [F_SortCode], [F_DeleteMark], [F_EnabledMark], [F_Description], [F_CreatorTime], [F_CreatorUserId], [F_LastModifyTime], [F_LastModifyUserId], [F_DeleteTime], [F_DeleteUserId]) VALUES (N'410300', N'410000', 2, N'410300', N'洛阳市', N'lys', 410300, NULL, 1, NULL, CAST(0x0000A64900000000 AS DateTime), NULL, NULL, NULL, NULL, NULL)
INSERT [dbo].[Sys_Area] ([F_Id], [F_ParentId], [F_Layers], [F_EnCode], [F_FullName], [F_SimpleSpelling], [F_SortCode], [F_DeleteMark], [F_EnabledMark], [F_Description], [F_CreatorTime], [F_CreatorUserId], [F_LastModifyTime], [F_LastModifyUserId], [F_DeleteTime], [F_DeleteUserId]) VALUES (N'410400', N'410000', 2, N'410400', N'平顶山市', N'pdss', 410400, NULL, 1, NULL, CAST(0x0000A64900000000 AS DateTime), NULL, NULL, NULL, NULL, NULL)
INSERT [dbo].[Sys_Area] ([F_Id], [F_ParentId], [F_Layers], [F_EnCode], [F_FullName], [F_SimpleSpelling], [F_SortCode], [F_DeleteMark], [F_EnabledMark], [F_Description], [F_CreatorTime], [F_CreatorUserId], [F_LastModifyTime], [F_LastModifyUserId], [F_DeleteTime], [F_DeleteUserId]) VALUES (N'410500', N'410000', 2, N'410500', N'安阳市', N'ays', 410500, NULL, 1, NULL, CAST(0x0000A64900000000 AS DateTime), NULL, NULL, NULL, NULL, NULL)
INSERT [dbo].[Sys_Area] ([F_Id], [F_ParentId], [F_Layers], [F_EnCode], [F_FullName], [F_SimpleSpelling], [F_SortCode], [F_DeleteMark], [F_EnabledMark], [F_Description], [F_CreatorTime], [F_CreatorUserId], [F_LastModifyTime], [F_LastModifyUserId], [F_DeleteTime], [F_DeleteUserId]) VALUES (N'410600', N'410000', 2, N'410600', N'鹤壁市', N'hbs', 410600, NULL, 1, NULL, CAST(0x0000A64900000000 AS DateTime), NULL, NULL, NULL, NULL, NULL)
INSERT [dbo].[Sys_Area] ([F_Id], [F_ParentId], [F_Layers], [F_EnCode], [F_FullName], [F_SimpleSpelling], [F_SortCode], [F_DeleteMark], [F_EnabledMark], [F_Description], [F_CreatorTime], [F_CreatorUserId], [F_LastModifyTime], [F_LastModifyUserId], [F_DeleteTime], [F_DeleteUserId]) VALUES (N'410700', N'410000', 2, N'410700', N'新乡市', N'xxs', 410700, NULL, 1, NULL, CAST(0x0000A64900000000 AS DateTime), NULL, NULL, NULL, NULL, NULL)
INSERT [dbo].[Sys_Area] ([F_Id], [F_ParentId], [F_Layers], [F_EnCode], [F_FullName], [F_SimpleSpelling], [F_SortCode], [F_DeleteMark], [F_EnabledMark], [F_Description], [F_CreatorTime], [F_CreatorUserId], [F_LastModifyTime], [F_LastModifyUserId], [F_DeleteTime], [F_DeleteUserId]) VALUES (N'410800', N'410000', 2, N'410800', N'焦作市', N'jzs', 410800, NULL, 1, NULL, CAST(0x0000A64900000000 AS DateTime), NULL, NULL, NULL, NULL, NULL)
INSERT [dbo].[Sys_Area] ([F_Id], [F_ParentId], [F_Layers], [F_EnCode], [F_FullName], [F_SimpleSpelling], [F_SortCode], [F_DeleteMark], [F_EnabledMark], [F_Description], [F_CreatorTime], [F_CreatorUserId], [F_LastModifyTime], [F_LastModifyUserId], [F_DeleteTime], [F_DeleteUserId]) VALUES (N'410881', N'410000', 2, N'410881', N'济源市', N'jys', 410881, NULL, 1, NULL, CAST(0x0000A64900000000 AS DateTime), NULL, NULL, NULL, NULL, NULL)
INSERT [dbo].[Sys_Area] ([F_Id], [F_ParentId], [F_Layers], [F_EnCode], [F_FullName], [F_SimpleSpelling], [F_SortCode], [F_DeleteMark], [F_EnabledMark], [F_Description], [F_CreatorTime], [F_CreatorUserId], [F_LastModifyTime], [F_LastModifyUserId], [F_DeleteTime], [F_DeleteUserId]) VALUES (N'410900', N'410000', 2, N'410900', N'濮阳市', N'pys', 410900, NULL, 1, NULL, CAST(0x0000A64900000000 AS DateTime), NULL, NULL, NULL, NULL, NULL)
INSERT [dbo].[Sys_Area] ([F_Id], [F_ParentId], [F_Layers], [F_EnCode], [F_FullName], [F_SimpleSpelling], [F_SortCode], [F_DeleteMark], [F_EnabledMark], [F_Description], [F_CreatorTime], [F_CreatorUserId], [F_LastModifyTime], [F_LastModifyUserId], [F_DeleteTime], [F_DeleteUserId]) VALUES (N'411000', N'410000', 2, N'411000', N'许昌市', N'xcs', 411000, NULL, 1, NULL, CAST(0x0000A64900000000 AS DateTime), NULL, NULL, NULL, NULL, NULL)
INSERT [dbo].[Sys_Area] ([F_Id], [F_ParentId], [F_Layers], [F_EnCode], [F_FullName], [F_SimpleSpelling], [F_SortCode], [F_DeleteMark], [F_EnabledMark], [F_Description], [F_CreatorTime], [F_CreatorUserId], [F_LastModifyTime], [F_LastModifyUserId], [F_DeleteTime], [F_DeleteUserId]) VALUES (N'411100', N'410000', 2, N'411100', N'漯河市', N'lhs', 411100, NULL, 1, NULL, CAST(0x0000A64900000000 AS DateTime), NULL, NULL, NULL, NULL, NULL)
INSERT [dbo].[Sys_Area] ([F_Id], [F_ParentId], [F_Layers], [F_EnCode], [F_FullName], [F_SimpleSpelling], [F_SortCode], [F_DeleteMark], [F_EnabledMark], [F_Description], [F_CreatorTime], [F_CreatorUserId], [F_LastModifyTime], [F_LastModifyUserId], [F_DeleteTime], [F_DeleteUserId]) VALUES (N'411200', N'410000', 2, N'411200', N'三门峡市', N'smxs', 411200, NULL, 1, NULL, CAST(0x0000A64900000000 AS DateTime), NULL, NULL, NULL, NULL, NULL)
INSERT [dbo].[Sys_Area] ([F_Id], [F_ParentId], [F_Layers], [F_EnCode], [F_FullName], [F_SimpleSpelling], [F_SortCode], [F_DeleteMark], [F_EnabledMark], [F_Description], [F_CreatorTime], [F_CreatorUserId], [F_LastModifyTime], [F_LastModifyUserId], [F_DeleteTime], [F_DeleteUserId]) VALUES (N'411300', N'410000', 2, N'411300', N'南阳市', N'nys', 411300, NULL, 1, NULL, CAST(0x0000A64900000000 AS DateTime), NULL, NULL, NULL, NULL, NULL)
INSERT [dbo].[Sys_Area] ([F_Id], [F_ParentId], [F_Layers], [F_EnCode], [F_FullName], [F_SimpleSpelling], [F_SortCode], [F_DeleteMark], [F_EnabledMark], [F_Description], [F_CreatorTime], [F_CreatorUserId], [F_LastModifyTime], [F_LastModifyUserId], [F_DeleteTime], [F_DeleteUserId]) VALUES (N'411400', N'410000', 2, N'411400', N'商丘市', N'sqs', 411400, NULL, 1, NULL, CAST(0x0000A64900000000 AS DateTime), NULL, NULL, NULL, NULL, NULL)
INSERT [dbo].[Sys_Area] ([F_Id], [F_ParentId], [F_Layers], [F_EnCode], [F_FullName], [F_SimpleSpelling], [F_SortCode], [F_DeleteMark], [F_EnabledMark], [F_Description], [F_CreatorTime], [F_CreatorUserId], [F_LastModifyTime], [F_LastModifyUserId], [F_DeleteTime], [F_DeleteUserId]) VALUES (N'411500', N'410000', 2, N'411500', N'信阳市', N'xys', 411500, NULL, 1, NULL, CAST(0x0000A64900000000 AS DateTime), NULL, NULL, NULL, NULL, NULL)
INSERT [dbo].[Sys_Area] ([F_Id], [F_ParentId], [F_Layers], [F_EnCode], [F_FullName], [F_SimpleSpelling], [F_SortCode], [F_DeleteMark], [F_EnabledMark], [F_Description], [F_CreatorTime], [F_CreatorUserId], [F_LastModifyTime], [F_LastModifyUserId], [F_DeleteTime], [F_DeleteUserId]) VALUES (N'411600', N'410000', 2, N'411600', N'周口市', N'zks', 411600, NULL, 1, NULL, CAST(0x0000A64900000000 AS DateTime), NULL, NULL, NULL, NULL, NULL)
INSERT [dbo].[Sys_Area] ([F_Id], [F_ParentId], [F_Layers], [F_EnCode], [F_FullName], [F_SimpleSpelling], [F_SortCode], [F_DeleteMark], [F_EnabledMark], [F_Description], [F_CreatorTime], [F_CreatorUserId], [F_LastModifyTime], [F_LastModifyUserId], [F_DeleteTime], [F_DeleteUserId]) VALUES (N'152200', N'150000', 2, N'152200', N'兴安盟', N'xam', 152200, NULL, 1, NULL, CAST(0x0000A64900000000 AS DateTime), NULL, NULL, NULL, NULL, NULL)
INSERT [dbo].[Sys_Area] ([F_Id], [F_ParentId], [F_Layers], [F_EnCode], [F_FullName], [F_SimpleSpelling], [F_SortCode], [F_DeleteMark], [F_EnabledMark], [F_Description], [F_CreatorTime], [F_CreatorUserId], [F_LastModifyTime], [F_LastModifyUserId], [F_DeleteTime], [F_DeleteUserId]) VALUES (N'152500', N'150000', 2, N'152500', N'锡林郭勒盟', N'xlglm', 152500, NULL, 1, NULL, CAST(0x0000A64900000000 AS DateTime), NULL, NULL, NULL, NULL, NULL)
INSERT [dbo].[Sys_Area] ([F_Id], [F_ParentId], [F_Layers], [F_EnCode], [F_FullName], [F_SimpleSpelling], [F_SortCode], [F_DeleteMark], [F_EnabledMark], [F_Description], [F_CreatorTime], [F_CreatorUserId], [F_LastModifyTime], [F_LastModifyUserId], [F_DeleteTime], [F_DeleteUserId]) VALUES (N'152900', N'150000', 2, N'152900', N'阿拉善盟', N'alsm', 152900, NULL, 1, NULL, CAST(0x0000A64900000000 AS DateTime), NULL, NULL, NULL, NULL, NULL)
GO
print 'Processed 100 total records'
INSERT [dbo].[Sys_Area] ([F_Id], [F_ParentId], [F_Layers], [F_EnCode], [F_FullName], [F_SimpleSpelling], [F_SortCode], [F_DeleteMark], [F_EnabledMark], [F_Description], [F_CreatorTime], [F_CreatorUserId], [F_LastModifyTime], [F_LastModifyUserId], [F_DeleteTime], [F_DeleteUserId]) VALUES (N'210100', N'210000', 2, N'210100', N'沈阳市', N'sys', 210100, NULL, 1, NULL, CAST(0x0000A64900000000 AS DateTime), NULL, NULL, NULL, NULL, NULL)
INSERT [dbo].[Sys_Area] ([F_Id], [F_ParentId], [F_Layers], [F_EnCode], [F_FullName], [F_SimpleSpelling], [F_SortCode], [F_DeleteMark], [F_EnabledMark], [F_Description], [F_CreatorTime], [F_CreatorUserId], [F_LastModifyTime], [F_LastModifyUserId], [F_DeleteTime], [F_DeleteUserId]) VALUES (N'210200', N'210000', 2, N'210200', N'大连市', N'dls', 210200, NULL, 1, NULL, CAST(0x0000A64900000000 AS DateTime), NULL, NULL, NULL, NULL, NULL)
INSERT [dbo].[Sys_Area] ([F_Id], [F_ParentId], [F_Layers], [F_EnCode], [F_FullName], [F_SimpleSpelling], [F_SortCode], [F_DeleteMark], [F_EnabledMark], [F_Description], [F_CreatorTime], [F_CreatorUserId], [F_LastModifyTime], [F_LastModifyUserId], [F_DeleteTime], [F_DeleteUserId]) VALUES (N'210300', N'210000', 2, N'210300', N'鞍山市', N'ass', 210300, NULL, 1, NULL, CAST(0x0000A64900000000 AS DateTime), NULL, NULL, NULL, NULL, NULL)
INSERT [dbo].[Sys_Area] ([F_Id], [F_ParentId], [F_Layers], [F_EnCode], [F_FullName], [F_SimpleSpelling], [F_SortCode], [F_DeleteMark], [F_EnabledMark], [F_Description], [F_CreatorTime], [F_CreatorUserId], [F_LastModifyTime], [F_LastModifyUserId], [F_DeleteTime], [F_DeleteUserId]) VALUES (N'210400', N'210000', 2, N'210400', N'抚顺市', N'fss', 210400, NULL, 1, NULL, CAST(0x0000A64900000000 AS DateTime), NULL, NULL, NULL, NULL, NULL)
INSERT [dbo].[Sys_Area] ([F_Id], [F_ParentId], [F_Layers], [F_EnCode], [F_FullName], [F_SimpleSpelling], [F_SortCode], [F_DeleteMark], [F_EnabledMark], [F_Description], [F_CreatorTime], [F_CreatorUserId], [F_LastModifyTime], [F_LastModifyUserId], [F_DeleteTime], [F_DeleteUserId]) VALUES (N'210500', N'210000', 2, N'210500', N'本溪市', N'bxs', 210500, NULL, 1, NULL, CAST(0x0000A64900000000 AS DateTime), NULL, NULL, NULL, NULL, NULL)
INSERT [dbo].[Sys_Area] ([F_Id], [F_ParentId], [F_Layers], [F_EnCode], [F_FullName], [F_SimpleSpelling], [F_SortCode], [F_DeleteMark], [F_EnabledMark], [F_Description], [F_CreatorTime], [F_CreatorUserId], [F_LastModifyTime], [F_LastModifyUserId], [F_DeleteTime], [F_DeleteUserId]) VALUES (N'210600', N'210000', 2, N'210600', N'丹东市', N'dds', 210600, NULL, 1, NULL, CAST(0x0000A64900000000 AS DateTime), NULL, NULL, NULL, NULL, NULL)
INSERT [dbo].[Sys_Area] ([F_Id], [F_ParentId], [F_Layers], [F_EnCode], [F_FullName], [F_SimpleSpelling], [F_SortCode], [F_DeleteMark], [F_EnabledMark], [F_Description], [F_CreatorTime], [F_CreatorUserId], [F_LastModifyTime], [F_LastModifyUserId], [F_DeleteTime], [F_DeleteUserId]) VALUES (N'210700', N'210000', 2, N'210700', N'锦州市', N'jzs', 210700, NULL, 1, NULL, CAST(0x0000A64900000000 AS DateTime), NULL, NULL, NULL, NULL, NULL)
INSERT [dbo].[Sys_Area] ([F_Id], [F_ParentId], [F_Layers], [F_EnCode], [F_FullName], [F_SimpleSpelling], [F_SortCode], [F_DeleteMark], [F_EnabledMark], [F_Description], [F_CreatorTime], [F_CreatorUserId], [F_LastModifyTime], [F_LastModifyUserId], [F_DeleteTime], [F_DeleteUserId]) VALUES (N'210800', N'210000', 2, N'210800', N'营口市', N'yks', 210800, NULL, 1, NULL, CAST(0x0000A64900000000 AS DateTime), NULL, NULL, NULL, NULL, NULL)
INSERT [dbo].[Sys_Area] ([F_Id], [F_ParentId], [F_Layers], [F_EnCode], [F_FullName], [F_SimpleSpelling], [F_SortCode], [F_DeleteMark], [F_EnabledMark], [F_Description], [F_CreatorTime], [F_CreatorUserId], [F_LastModifyTime], [F_LastModifyUserId], [F_DeleteTime], [F_DeleteUserId]) VALUES (N'210900', N'210000', 2, N'210900', N'阜新市', N'fxs', 210900, NULL, 1, NULL, CAST(0x0000A64900000000 AS DateTime), NULL, NULL, NULL, NULL, NULL)
INSERT [dbo].[Sys_Area] ([F_Id], [F_ParentId], [F_Layers], [F_EnCode], [F_FullName], [F_SimpleSpelling], [F_SortCode], [F_DeleteMark], [F_EnabledMark], [F_Description], [F_CreatorTime], [F_CreatorUserId], [F_LastModifyTime], [F_LastModifyUserId], [F_DeleteTime], [F_DeleteUserId]) VALUES (N'211000', N'210000', 2, N'211000', N'辽阳市', N'lys', 211000, NULL, 1, NULL, CAST(0x0000A64900000000 AS DateTime), NULL, NULL, NULL, NULL, NULL)
INSERT [dbo].[Sys_Area] ([F_Id], [F_ParentId], [F_Layers], [F_EnCode], [F_FullName], [F_SimpleSpelling], [F_SortCode], [F_DeleteMark], [F_EnabledMark], [F_Description], [F_CreatorTime], [F_CreatorUserId], [F_LastModifyTime], [F_LastModifyUserId], [F_DeleteTime], [F_DeleteUserId]) VALUES (N'211100', N'210000', 2, N'211100', N'盘锦市', N'pjs', 211100, NULL, 1, NULL, CAST(0x0000A64900000000 AS DateTime), NULL, NULL, NULL, NULL, NULL)
INSERT [dbo].[Sys_Area] ([F_Id], [F_ParentId], [F_Layers], [F_EnCode], [F_FullName], [F_SimpleSpelling], [F_SortCode], [F_DeleteMark], [F_EnabledMark], [F_Description], [F_CreatorTime], [F_CreatorUserId], [F_LastModifyTime], [F_LastModifyUserId], [F_DeleteTime], [F_DeleteUserId]) VALUES (N'211200', N'210000', 2, N'211200', N'铁岭市', N'tls', 211200, NULL, 1, NULL, CAST(0x0000A64900000000 AS DateTime), NULL, NULL, NULL, NULL, NULL)
INSERT [dbo].[Sys_Area] ([F_Id], [F_ParentId], [F_Layers], [F_EnCode], [F_FullName], [F_SimpleSpelling], [F_SortCode], [F_DeleteMark], [F_EnabledMark], [F_Description], [F_CreatorTime], [F_CreatorUserId], [F_LastModifyTime], [F_LastModifyUserId], [F_DeleteTime], [F_DeleteUserId]) VALUES (N'211300', N'210000', 2, N'211300', N'朝阳市', N'zys', 211300, NULL, 1, NULL, CAST(0x0000A64900000000 AS DateTime), NULL, NULL, NULL, NULL, NULL)
INSERT [dbo].[Sys_Area] ([F_Id], [F_ParentId], [F_Layers], [F_EnCode], [F_FullName], [F_SimpleSpelling], [F_SortCode], [F_DeleteMark], [F_EnabledMark], [F_Description], [F_CreatorTime], [F_CreatorUserId], [F_LastModifyTime], [F_LastModifyUserId], [F_DeleteTime], [F_DeleteUserId]) VALUES (N'211400', N'210000', 2, N'211400', N'葫芦岛市', N'hlds', 211400, NULL, 1, NULL, CAST(0x0000A64900000000 AS DateTime), NULL, NULL, NULL, NULL, NULL)
INSERT [dbo].[Sys_Area] ([F_Id], [F_ParentId], [F_Layers], [F_EnCode], [F_FullName], [F_SimpleSpelling], [F_SortCode], [F_DeleteMark], [F_EnabledMark], [F_Description], [F_CreatorTime], [F_CreatorUserId], [F_LastModifyTime], [F_LastModifyUserId], [F_DeleteTime], [F_DeleteUserId]) VALUES (N'220100', N'220000', 2, N'220100', N'长春市', N'zcs', 220100, NULL, 1, NULL, CAST(0x0000A64900000000 AS DateTime), NULL, NULL, NULL, NULL, NULL)
INSERT [dbo].[Sys_Area] ([F_Id], [F_ParentId], [F_Layers], [F_EnCode], [F_FullName], [F_SimpleSpelling], [F_SortCode], [F_DeleteMark], [F_EnabledMark], [F_Description], [F_CreatorTime], [F_CreatorUserId], [F_LastModifyTime], [F_LastModifyUserId], [F_DeleteTime], [F_DeleteUserId]) VALUES (N'220200', N'220000', 2, N'220200', N'吉林市', N'jls', 220200, NULL, 1, NULL, CAST(0x0000A64900000000 AS DateTime), NULL, NULL, NULL, NULL, NULL)
INSERT [dbo].[Sys_Area] ([F_Id], [F_ParentId], [F_Layers], [F_EnCode], [F_FullName], [F_SimpleSpelling], [F_SortCode], [F_DeleteMark], [F_EnabledMark], [F_Description], [F_CreatorTime], [F_CreatorUserId], [F_LastModifyTime], [F_LastModifyUserId], [F_DeleteTime], [F_DeleteUserId]) VALUES (N'220300', N'220000', 2, N'220300', N'四平市', N'sps', 220300, NULL, 1, NULL, CAST(0x0000A64900000000 AS DateTime), NULL, NULL, NULL, NULL, NULL)
INSERT [dbo].[Sys_Area] ([F_Id], [F_ParentId], [F_Layers], [F_EnCode], [F_FullName], [F_SimpleSpelling], [F_SortCode], [F_DeleteMark], [F_EnabledMark], [F_Description], [F_CreatorTime], [F_CreatorUserId], [F_LastModifyTime], [F_LastModifyUserId], [F_DeleteTime], [F_DeleteUserId]) VALUES (N'220400', N'220000', 2, N'220400', N'辽源市', N'lys', 220400, NULL, 1, NULL, CAST(0x0000A64900000000 AS DateTime), NULL, NULL, NULL, NULL, NULL)
INSERT [dbo].[Sys_Area] ([F_Id], [F_ParentId], [F_Layers], [F_EnCode], [F_FullName], [F_SimpleSpelling], [F_SortCode], [F_DeleteMark], [F_EnabledMark], [F_Description], [F_CreatorTime], [F_CreatorUserId], [F_LastModifyTime], [F_LastModifyUserId], [F_DeleteTime], [F_DeleteUserId]) VALUES (N'220500', N'220000', 2, N'220500', N'通化市', N'ths', 220500, NULL, 1, NULL, CAST(0x0000A64900000000 AS DateTime), NULL, NULL, NULL, NULL, NULL)
INSERT [dbo].[Sys_Area] ([F_Id], [F_ParentId], [F_Layers], [F_EnCode], [F_FullName], [F_SimpleSpelling], [F_SortCode], [F_DeleteMark], [F_EnabledMark], [F_Description], [F_CreatorTime], [F_CreatorUserId], [F_LastModifyTime], [F_LastModifyUserId], [F_DeleteTime], [F_DeleteUserId]) VALUES (N'220600', N'220000', 2, N'220600', N'白山市', N'bss', 220600, NULL, 1, NULL, CAST(0x0000A64900000000 AS DateTime), NULL, NULL, NULL, NULL, NULL)
INSERT [dbo].[Sys_Area] ([F_Id], [F_ParentId], [F_Layers], [F_EnCode], [F_FullName], [F_SimpleSpelling], [F_SortCode], [F_DeleteMark], [F_EnabledMark], [F_Description], [F_CreatorTime], [F_CreatorUserId], [F_LastModifyTime], [F_LastModifyUserId], [F_DeleteTime], [F_DeleteUserId]) VALUES (N'220700', N'220000', 2, N'220700', N'松原市', N'sys', 220700, NULL, 1, NULL, CAST(0x0000A64900000000 AS DateTime), NULL, NULL, NULL, NULL, NULL)
INSERT [dbo].[Sys_Area] ([F_Id], [F_ParentId], [F_Layers], [F_EnCode], [F_FullName], [F_SimpleSpelling], [F_SortCode], [F_DeleteMark], [F_EnabledMark], [F_Description], [F_CreatorTime], [F_CreatorUserId], [F_LastModifyTime], [F_LastModifyUserId], [F_DeleteTime], [F_DeleteUserId]) VALUES (N'220800', N'220000', 2, N'220800', N'白城市', N'bcs', 220800, NULL, 1, NULL, CAST(0x0000A64900000000 AS DateTime), NULL, NULL, NULL, NULL, NULL)
INSERT [dbo].[Sys_Area] ([F_Id], [F_ParentId], [F_Layers], [F_EnCode], [F_FullName], [F_SimpleSpelling], [F_SortCode], [F_DeleteMark], [F_EnabledMark], [F_Description], [F_CreatorTime], [F_CreatorUserId], [F_LastModifyTime], [F_LastModifyUserId], [F_DeleteTime], [F_DeleteUserId]) VALUES (N'222400', N'220000', 2, N'222400', N'延边朝鲜族自治州', N'ybzxzzzz', 222400, NULL, 1, NULL, CAST(0x0000A64900000000 AS DateTime), NULL, NULL, NULL, NULL, NULL)
INSERT [dbo].[Sys_Area] ([F_Id], [F_ParentId], [F_Layers], [F_EnCode], [F_FullName], [F_SimpleSpelling], [F_SortCode], [F_DeleteMark], [F_EnabledMark], [F_Description], [F_CreatorTime], [F_CreatorUserId], [F_LastModifyTime], [F_LastModifyUserId], [F_DeleteTime], [F_DeleteUserId]) VALUES (N'230100', N'230000', 2, N'230100', N'哈尔滨市', N'hebs', 230100, NULL, 1, NULL, CAST(0x0000A64900000000 AS DateTime), NULL, NULL, NULL, NULL, NULL)
INSERT [dbo].[Sys_Area] ([F_Id], [F_ParentId], [F_Layers], [F_EnCode], [F_FullName], [F_SimpleSpelling], [F_SortCode], [F_DeleteMark], [F_EnabledMark], [F_Description], [F_CreatorTime], [F_CreatorUserId], [F_LastModifyTime], [F_LastModifyUserId], [F_DeleteTime], [F_DeleteUserId]) VALUES (N'230200', N'230000', 2, N'230200', N'齐齐哈尔市', N'qqhes', 230200, NULL, 1, NULL, CAST(0x0000A64900000000 AS DateTime), NULL, NULL, NULL, NULL, NULL)
INSERT [dbo].[Sys_Area] ([F_Id], [F_ParentId], [F_Layers], [F_EnCode], [F_FullName], [F_SimpleSpelling], [F_SortCode], [F_DeleteMark], [F_EnabledMark], [F_Description], [F_CreatorTime], [F_CreatorUserId], [F_LastModifyTime], [F_LastModifyUserId], [F_DeleteTime], [F_DeleteUserId]) VALUES (N'230300', N'230000', 2, N'230300', N'鸡西市', N'jxs', 230300, NULL, 1, NULL, CAST(0x0000A64900000000 AS DateTime), NULL, NULL, NULL, NULL, NULL)
INSERT [dbo].[Sys_Area] ([F_Id], [F_ParentId], [F_Layers], [F_EnCode], [F_FullName], [F_SimpleSpelling], [F_SortCode], [F_DeleteMark], [F_EnabledMark], [F_Description], [F_CreatorTime], [F_CreatorUserId], [F_LastModifyTime], [F_LastModifyUserId], [F_DeleteTime], [F_DeleteUserId]) VALUES (N'230400', N'230000', 2, N'230400', N'鹤岗市', N'hgs', 230400, NULL, 1, NULL, CAST(0x0000A64900000000 AS DateTime), NULL, NULL, NULL, NULL, NULL)
INSERT [dbo].[Sys_Area] ([F_Id], [F_ParentId], [F_Layers], [F_EnCode], [F_FullName], [F_SimpleSpelling], [F_SortCode], [F_DeleteMark], [F_EnabledMark], [F_Description], [F_CreatorTime], [F_CreatorUserId], [F_LastModifyTime], [F_LastModifyUserId], [F_DeleteTime], [F_DeleteUserId]) VALUES (N'230500', N'230000', 2, N'230500', N'双鸭山市', N'syss', 230500, NULL, 1, NULL, CAST(0x0000A64900000000 AS DateTime), NULL, NULL, NULL, NULL, NULL)
INSERT [dbo].[Sys_Area] ([F_Id], [F_ParentId], [F_Layers], [F_EnCode], [F_FullName], [F_SimpleSpelling], [F_SortCode], [F_DeleteMark], [F_EnabledMark], [F_Description], [F_CreatorTime], [F_CreatorUserId], [F_LastModifyTime], [F_LastModifyUserId], [F_DeleteTime], [F_DeleteUserId]) VALUES (N'230600', N'230000', 2, N'230600', N'大庆市', N'dqs', 230600, NULL, 1, NULL, CAST(0x0000A64900000000 AS DateTime), NULL, NULL, NULL, NULL, NULL)
INSERT [dbo].[Sys_Area] ([F_Id], [F_ParentId], [F_Layers], [F_EnCode], [F_FullName], [F_SimpleSpelling], [F_SortCode], [F_DeleteMark], [F_EnabledMark], [F_Description], [F_CreatorTime], [F_CreatorUserId], [F_LastModifyTime], [F_LastModifyUserId], [F_DeleteTime], [F_DeleteUserId]) VALUES (N'230700', N'230000', 2, N'230700', N'伊春市', N'ycs', 230700, NULL, 1, NULL, CAST(0x0000A64900000000 AS DateTime), NULL, NULL, NULL, NULL, NULL)
INSERT [dbo].[Sys_Area] ([F_Id], [F_ParentId], [F_Layers], [F_EnCode], [F_FullName], [F_SimpleSpelling], [F_SortCode], [F_DeleteMark], [F_EnabledMark], [F_Description], [F_CreatorTime], [F_CreatorUserId], [F_LastModifyTime], [F_LastModifyUserId], [F_DeleteTime], [F_DeleteUserId]) VALUES (N'230800', N'230000', 2, N'230800', N'佳木斯市', N'jmss', 230800, NULL, 1, NULL, CAST(0x0000A64900000000 AS DateTime), NULL, NULL, NULL, NULL, NULL)
INSERT [dbo].[Sys_Area] ([F_Id], [F_ParentId], [F_Layers], [F_EnCode], [F_FullName], [F_SimpleSpelling], [F_SortCode], [F_DeleteMark], [F_EnabledMark], [F_Description], [F_CreatorTime], [F_CreatorUserId], [F_LastModifyTime], [F_LastModifyUserId], [F_DeleteTime], [F_DeleteUserId]) VALUES (N'230900', N'230000', 2, N'230900', N'七台河市', N'qths', 230900, NULL, 1, NULL, CAST(0x0000A64900000000 AS DateTime), NULL, NULL, NULL, NULL, NULL)
INSERT [dbo].[Sys_Area] ([F_Id], [F_ParentId], [F_Layers], [F_EnCode], [F_FullName], [F_SimpleSpelling], [F_SortCode], [F_DeleteMark], [F_EnabledMark], [F_Description], [F_CreatorTime], [F_CreatorUserId], [F_LastModifyTime], [F_LastModifyUserId], [F_DeleteTime], [F_DeleteUserId]) VALUES (N'231000', N'230000', 2, N'231000', N'牡丹江市', N'mdjs', 231000, NULL, 1, NULL, CAST(0x0000A64900000000 AS DateTime), NULL, NULL, NULL, NULL, NULL)
INSERT [dbo].[Sys_Area] ([F_Id], [F_ParentId], [F_Layers], [F_EnCode], [F_FullName], [F_SimpleSpelling], [F_SortCode], [F_DeleteMark], [F_EnabledMark], [F_Description], [F_CreatorTime], [F_CreatorUserId], [F_LastModifyTime], [F_LastModifyUserId], [F_DeleteTime], [F_DeleteUserId]) VALUES (N'231100', N'230000', 2, N'231100', N'黑河市', N'hhs', 231100, NULL, 1, NULL, CAST(0x0000A64900000000 AS DateTime), NULL, NULL, NULL, NULL, NULL)
INSERT [dbo].[Sys_Area] ([F_Id], [F_ParentId], [F_Layers], [F_EnCode], [F_FullName], [F_SimpleSpelling], [F_SortCode], [F_DeleteMark], [F_EnabledMark], [F_Description], [F_CreatorTime], [F_CreatorUserId], [F_LastModifyTime], [F_LastModifyUserId], [F_DeleteTime], [F_DeleteUserId]) VALUES (N'231200', N'230000', 2, N'231200', N'绥化市', N'shs', 231200, NULL, 1, NULL, CAST(0x0000A64900000000 AS DateTime), NULL, NULL, NULL, NULL, NULL)
INSERT [dbo].[Sys_Area] ([F_Id], [F_ParentId], [F_Layers], [F_EnCode], [F_FullName], [F_SimpleSpelling], [F_SortCode], [F_DeleteMark], [F_EnabledMark], [F_Description], [F_CreatorTime], [F_CreatorUserId], [F_LastModifyTime], [F_LastModifyUserId], [F_DeleteTime], [F_DeleteUserId]) VALUES (N'232700', N'230000', 2, N'232700', N'大兴安岭地区', N'dxaldq', 232700, NULL, 1, NULL, CAST(0x0000A64900000000 AS DateTime), NULL, NULL, NULL, NULL, NULL)
INSERT [dbo].[Sys_Area] ([F_Id], [F_ParentId], [F_Layers], [F_EnCode], [F_FullName], [F_SimpleSpelling], [F_SortCode], [F_DeleteMark], [F_EnabledMark], [F_Description], [F_CreatorTime], [F_CreatorUserId], [F_LastModifyTime], [F_LastModifyUserId], [F_DeleteTime], [F_DeleteUserId]) VALUES (N'310100', N'310000', 2, N'310100', N'上海市', N'shs', 310100, NULL, 1, NULL, CAST(0x0000A64900000000 AS DateTime), NULL, NULL, NULL, NULL, NULL)
INSERT [dbo].[Sys_Area] ([F_Id], [F_ParentId], [F_Layers], [F_EnCode], [F_FullName], [F_SimpleSpelling], [F_SortCode], [F_DeleteMark], [F_EnabledMark], [F_Description], [F_CreatorTime], [F_CreatorUserId], [F_LastModifyTime], [F_LastModifyUserId], [F_DeleteTime], [F_DeleteUserId]) VALUES (N'320100', N'320000', 2, N'320100', N'南京市', N'njs', 320100, NULL, 1, NULL, CAST(0x0000A64900000000 AS DateTime), NULL, NULL, NULL, NULL, NULL)
INSERT [dbo].[Sys_Area] ([F_Id], [F_ParentId], [F_Layers], [F_EnCode], [F_FullName], [F_SimpleSpelling], [F_SortCode], [F_DeleteMark], [F_EnabledMark], [F_Description], [F_CreatorTime], [F_CreatorUserId], [F_LastModifyTime], [F_LastModifyUserId], [F_DeleteTime], [F_DeleteUserId]) VALUES (N'320200', N'320000', 2, N'320200', N'无锡市', N'wxs', 320200, NULL, 1, NULL, CAST(0x0000A64900000000 AS DateTime), NULL, NULL, NULL, NULL, NULL)
INSERT [dbo].[Sys_Area] ([F_Id], [F_ParentId], [F_Layers], [F_EnCode], [F_FullName], [F_SimpleSpelling], [F_SortCode], [F_DeleteMark], [F_EnabledMark], [F_Description], [F_CreatorTime], [F_CreatorUserId], [F_LastModifyTime], [F_LastModifyUserId], [F_DeleteTime], [F_DeleteUserId]) VALUES (N'320300', N'320000', 2, N'320300', N'徐州市', N'xzs', 320300, NULL, 1, NULL, CAST(0x0000A64900000000 AS DateTime), NULL, NULL, NULL, NULL, NULL)
INSERT [dbo].[Sys_Area] ([F_Id], [F_ParentId], [F_Layers], [F_EnCode], [F_FullName], [F_SimpleSpelling], [F_SortCode], [F_DeleteMark], [F_EnabledMark], [F_Description], [F_CreatorTime], [F_CreatorUserId], [F_LastModifyTime], [F_LastModifyUserId], [F_DeleteTime], [F_DeleteUserId]) VALUES (N'320400', N'320000', 2, N'320400', N'常州市', N'czs', 320400, NULL, 1, NULL, CAST(0x0000A64900000000 AS DateTime), NULL, NULL, NULL, NULL, NULL)
INSERT [dbo].[Sys_Area] ([F_Id], [F_ParentId], [F_Layers], [F_EnCode], [F_FullName], [F_SimpleSpelling], [F_SortCode], [F_DeleteMark], [F_EnabledMark], [F_Description], [F_CreatorTime], [F_CreatorUserId], [F_LastModifyTime], [F_LastModifyUserId], [F_DeleteTime], [F_DeleteUserId]) VALUES (N'320500', N'320000', 2, N'320500', N'苏州市', N'szs', 320500, NULL, 1, NULL, CAST(0x0000A64900000000 AS DateTime), NULL, NULL, NULL, NULL, NULL)
INSERT [dbo].[Sys_Area] ([F_Id], [F_ParentId], [F_Layers], [F_EnCode], [F_FullName], [F_SimpleSpelling], [F_SortCode], [F_DeleteMark], [F_EnabledMark], [F_Description], [F_CreatorTime], [F_CreatorUserId], [F_LastModifyTime], [F_LastModifyUserId], [F_DeleteTime], [F_DeleteUserId]) VALUES (N'320600', N'320000', 2, N'320600', N'南通市', N'nts', 320600, NULL, 1, NULL, CAST(0x0000A64900000000 AS DateTime), NULL, NULL, NULL, NULL, NULL)
INSERT [dbo].[Sys_Area] ([F_Id], [F_ParentId], [F_Layers], [F_EnCode], [F_FullName], [F_SimpleSpelling], [F_SortCode], [F_DeleteMark], [F_EnabledMark], [F_Description], [F_CreatorTime], [F_CreatorUserId], [F_LastModifyTime], [F_LastModifyUserId], [F_DeleteTime], [F_DeleteUserId]) VALUES (N'320700', N'320000', 2, N'320700', N'连云港市', N'lygs', 320700, NULL, 1, NULL, CAST(0x0000A64900000000 AS DateTime), NULL, NULL, NULL, NULL, NULL)
INSERT [dbo].[Sys_Area] ([F_Id], [F_ParentId], [F_Layers], [F_EnCode], [F_FullName], [F_SimpleSpelling], [F_SortCode], [F_DeleteMark], [F_EnabledMark], [F_Description], [F_CreatorTime], [F_CreatorUserId], [F_LastModifyTime], [F_LastModifyUserId], [F_DeleteTime], [F_DeleteUserId]) VALUES (N'320800', N'320000', 2, N'320800', N'淮安市', N'has', 320800, NULL, 1, NULL, CAST(0x0000A64900000000 AS DateTime), NULL, NULL, NULL, NULL, NULL)
INSERT [dbo].[Sys_Area] ([F_Id], [F_ParentId], [F_Layers], [F_EnCode], [F_FullName], [F_SimpleSpelling], [F_SortCode], [F_DeleteMark], [F_EnabledMark], [F_Description], [F_CreatorTime], [F_CreatorUserId], [F_LastModifyTime], [F_LastModifyUserId], [F_DeleteTime], [F_DeleteUserId]) VALUES (N'320900', N'320000', 2, N'320900', N'盐城市', N'ycs', 320900, NULL, 1, NULL, CAST(0x0000A64900000000 AS DateTime), NULL, NULL, NULL, NULL, NULL)
INSERT [dbo].[Sys_Area] ([F_Id], [F_ParentId], [F_Layers], [F_EnCode], [F_FullName], [F_SimpleSpelling], [F_SortCode], [F_DeleteMark], [F_EnabledMark], [F_Description], [F_CreatorTime], [F_CreatorUserId], [F_LastModifyTime], [F_LastModifyUserId], [F_DeleteTime], [F_DeleteUserId]) VALUES (N'321000', N'320000', 2, N'321000', N'扬州市', N'yzs', 321000, NULL, 1, NULL, CAST(0x0000A64900000000 AS DateTime), NULL, NULL, NULL, NULL, NULL)
INSERT [dbo].[Sys_Area] ([F_Id], [F_ParentId], [F_Layers], [F_EnCode], [F_FullName], [F_SimpleSpelling], [F_SortCode], [F_DeleteMark], [F_EnabledMark], [F_Description], [F_CreatorTime], [F_CreatorUserId], [F_LastModifyTime], [F_LastModifyUserId], [F_DeleteTime], [F_DeleteUserId]) VALUES (N'321100', N'320000', 2, N'321100', N'镇江市', N'zjs', 321100, NULL, 1, NULL, CAST(0x0000A64900000000 AS DateTime), NULL, NULL, NULL, NULL, NULL)
INSERT [dbo].[Sys_Area] ([F_Id], [F_ParentId], [F_Layers], [F_EnCode], [F_FullName], [F_SimpleSpelling], [F_SortCode], [F_DeleteMark], [F_EnabledMark], [F_Description], [F_CreatorTime], [F_CreatorUserId], [F_LastModifyTime], [F_LastModifyUserId], [F_DeleteTime], [F_DeleteUserId]) VALUES (N'321200', N'320000', 2, N'321200', N'泰州市', N'tzs', 321200, NULL, 1, NULL, CAST(0x0000A64900000000 AS DateTime), NULL, NULL, NULL, NULL, NULL)
INSERT [dbo].[Sys_Area] ([F_Id], [F_ParentId], [F_Layers], [F_EnCode], [F_FullName], [F_SimpleSpelling], [F_SortCode], [F_DeleteMark], [F_EnabledMark], [F_Description], [F_CreatorTime], [F_CreatorUserId], [F_LastModifyTime], [F_LastModifyUserId], [F_DeleteTime], [F_DeleteUserId]) VALUES (N'321300', N'320000', 2, N'321300', N'宿迁市', N'sqs', 321300, NULL, 1, NULL, CAST(0x0000A64900000000 AS DateTime), NULL, NULL, NULL, NULL, NULL)
INSERT [dbo].[Sys_Area] ([F_Id], [F_ParentId], [F_Layers], [F_EnCode], [F_FullName], [F_SimpleSpelling], [F_SortCode], [F_DeleteMark], [F_EnabledMark], [F_Description], [F_CreatorTime], [F_CreatorUserId], [F_LastModifyTime], [F_LastModifyUserId], [F_DeleteTime], [F_DeleteUserId]) VALUES (N'330100', N'330000', 2, N'330100', N'杭州市', N'hzs', 330100, NULL, 1, NULL, CAST(0x0000A64900000000 AS DateTime), NULL, NULL, NULL, NULL, NULL)
INSERT [dbo].[Sys_Area] ([F_Id], [F_ParentId], [F_Layers], [F_EnCode], [F_FullName], [F_SimpleSpelling], [F_SortCode], [F_DeleteMark], [F_EnabledMark], [F_Description], [F_CreatorTime], [F_CreatorUserId], [F_LastModifyTime], [F_LastModifyUserId], [F_DeleteTime], [F_DeleteUserId]) VALUES (N'330200', N'330000', 2, N'330200', N'宁波市', N'nbs', 330200, NULL, 1, NULL, CAST(0x0000A64900000000 AS DateTime), NULL, NULL, NULL, NULL, NULL)
INSERT [dbo].[Sys_Area] ([F_Id], [F_ParentId], [F_Layers], [F_EnCode], [F_FullName], [F_SimpleSpelling], [F_SortCode], [F_DeleteMark], [F_EnabledMark], [F_Description], [F_CreatorTime], [F_CreatorUserId], [F_LastModifyTime], [F_LastModifyUserId], [F_DeleteTime], [F_DeleteUserId]) VALUES (N'330300', N'330000', 2, N'330300', N'温州市', N'wzs', 330300, NULL, 1, NULL, CAST(0x0000A64900000000 AS DateTime), NULL, NULL, NULL, NULL, NULL)
INSERT [dbo].[Sys_Area] ([F_Id], [F_ParentId], [F_Layers], [F_EnCode], [F_FullName], [F_SimpleSpelling], [F_SortCode], [F_DeleteMark], [F_EnabledMark], [F_Description], [F_CreatorTime], [F_CreatorUserId], [F_LastModifyTime], [F_LastModifyUserId], [F_DeleteTime], [F_DeleteUserId]) VALUES (N'330400', N'330000', 2, N'330400', N'嘉兴市', N'jxs', 330400, NULL, 1, NULL, CAST(0x0000A64900000000 AS DateTime), NULL, NULL, NULL, NULL, NULL)
INSERT [dbo].[Sys_Area] ([F_Id], [F_ParentId], [F_Layers], [F_EnCode], [F_FullName], [F_SimpleSpelling], [F_SortCode], [F_DeleteMark], [F_EnabledMark], [F_Description], [F_CreatorTime], [F_CreatorUserId], [F_LastModifyTime], [F_LastModifyUserId], [F_DeleteTime], [F_DeleteUserId]) VALUES (N'330500', N'330000', 2, N'330500', N'湖州市', N'hzs', 330500, NULL, 1, NULL, CAST(0x0000A64900000000 AS DateTime), NULL, NULL, NULL, NULL, NULL)
INSERT [dbo].[Sys_Area] ([F_Id], [F_ParentId], [F_Layers], [F_EnCode], [F_FullName], [F_SimpleSpelling], [F_SortCode], [F_DeleteMark], [F_EnabledMark], [F_Description], [F_CreatorTime], [F_CreatorUserId], [F_LastModifyTime], [F_LastModifyUserId], [F_DeleteTime], [F_DeleteUserId]) VALUES (N'330600', N'330000', 2, N'330600', N'绍兴市', N'sxs', 330600, NULL, 1, NULL, CAST(0x0000A64900000000 AS DateTime), NULL, NULL, NULL, NULL, NULL)
INSERT [dbo].[Sys_Area] ([F_Id], [F_ParentId], [F_Layers], [F_EnCode], [F_FullName], [F_SimpleSpelling], [F_SortCode], [F_DeleteMark], [F_EnabledMark], [F_Description], [F_CreatorTime], [F_CreatorUserId], [F_LastModifyTime], [F_LastModifyUserId], [F_DeleteTime], [F_DeleteUserId]) VALUES (N'330700', N'330000', 2, N'330700', N'金华市', N'jhs', 330700, NULL, 1, NULL, CAST(0x0000A64900000000 AS DateTime), NULL, NULL, NULL, NULL, NULL)
INSERT [dbo].[Sys_Area] ([F_Id], [F_ParentId], [F_Layers], [F_EnCode], [F_FullName], [F_SimpleSpelling], [F_SortCode], [F_DeleteMark], [F_EnabledMark], [F_Description], [F_CreatorTime], [F_CreatorUserId], [F_LastModifyTime], [F_LastModifyUserId], [F_DeleteTime], [F_DeleteUserId]) VALUES (N'330800', N'330000', 2, N'330800', N'衢州市', N'qzs', 330800, NULL, 1, NULL, CAST(0x0000A64900000000 AS DateTime), NULL, NULL, NULL, NULL, NULL)
INSERT [dbo].[Sys_Area] ([F_Id], [F_ParentId], [F_Layers], [F_EnCode], [F_FullName], [F_SimpleSpelling], [F_SortCode], [F_DeleteMark], [F_EnabledMark], [F_Description], [F_CreatorTime], [F_CreatorUserId], [F_LastModifyTime], [F_LastModifyUserId], [F_DeleteTime], [F_DeleteUserId]) VALUES (N'330900', N'330000', 2, N'330900', N'舟山市', N'zss', 330900, NULL, 1, NULL, CAST(0x0000A64900000000 AS DateTime), NULL, NULL, NULL, NULL, NULL)
INSERT [dbo].[Sys_Area] ([F_Id], [F_ParentId], [F_Layers], [F_EnCode], [F_FullName], [F_SimpleSpelling], [F_SortCode], [F_DeleteMark], [F_EnabledMark], [F_Description], [F_CreatorTime], [F_CreatorUserId], [F_LastModifyTime], [F_LastModifyUserId], [F_DeleteTime], [F_DeleteUserId]) VALUES (N'331000', N'330000', 2, N'331000', N'台州市', N'tzs', 331000, NULL, 1, NULL, CAST(0x0000A64900000000 AS DateTime), NULL, NULL, NULL, NULL, NULL)
INSERT [dbo].[Sys_Area] ([F_Id], [F_ParentId], [F_Layers], [F_EnCode], [F_FullName], [F_SimpleSpelling], [F_SortCode], [F_DeleteMark], [F_EnabledMark], [F_Description], [F_CreatorTime], [F_CreatorUserId], [F_LastModifyTime], [F_LastModifyUserId], [F_DeleteTime], [F_DeleteUserId]) VALUES (N'331100', N'330000', 2, N'331100', N'丽水市', N'lss', 331100, NULL, 1, NULL, CAST(0x0000A64900000000 AS DateTime), NULL, NULL, NULL, NULL, NULL)
INSERT [dbo].[Sys_Area] ([F_Id], [F_ParentId], [F_Layers], [F_EnCode], [F_FullName], [F_SimpleSpelling], [F_SortCode], [F_DeleteMark], [F_EnabledMark], [F_Description], [F_CreatorTime], [F_CreatorUserId], [F_LastModifyTime], [F_LastModifyUserId], [F_DeleteTime], [F_DeleteUserId]) VALUES (N'340100', N'340000', 2, N'340100', N'合肥市', N'hfs', 340100, NULL, 1, NULL, CAST(0x0000A64900000000 AS DateTime), NULL, NULL, NULL, NULL, NULL)
INSERT [dbo].[Sys_Area] ([F_Id], [F_ParentId], [F_Layers], [F_EnCode], [F_FullName], [F_SimpleSpelling], [F_SortCode], [F_DeleteMark], [F_EnabledMark], [F_Description], [F_CreatorTime], [F_CreatorUserId], [F_LastModifyTime], [F_LastModifyUserId], [F_DeleteTime], [F_DeleteUserId]) VALUES (N'340200', N'340000', 2, N'340200', N'芜湖市', N'whs', 340200, NULL, 1, NULL, CAST(0x0000A64900000000 AS DateTime), NULL, NULL, NULL, NULL, NULL)
INSERT [dbo].[Sys_Area] ([F_Id], [F_ParentId], [F_Layers], [F_EnCode], [F_FullName], [F_SimpleSpelling], [F_SortCode], [F_DeleteMark], [F_EnabledMark], [F_Description], [F_CreatorTime], [F_CreatorUserId], [F_LastModifyTime], [F_LastModifyUserId], [F_DeleteTime], [F_DeleteUserId]) VALUES (N'420100', N'420000', 2, N'420100', N'武汉市', N'whs', 420100, NULL, 1, NULL, CAST(0x0000A64900000000 AS DateTime), NULL, NULL, NULL, NULL, NULL)
INSERT [dbo].[Sys_Area] ([F_Id], [F_ParentId], [F_Layers], [F_EnCode], [F_FullName], [F_SimpleSpelling], [F_SortCode], [F_DeleteMark], [F_EnabledMark], [F_Description], [F_CreatorTime], [F_CreatorUserId], [F_LastModifyTime], [F_LastModifyUserId], [F_DeleteTime], [F_DeleteUserId]) VALUES (N'420200', N'420000', 2, N'420200', N'黄石市', N'hss', 420200, NULL, 1, NULL, CAST(0x0000A64900000000 AS DateTime), NULL, NULL, NULL, NULL, NULL)
INSERT [dbo].[Sys_Area] ([F_Id], [F_ParentId], [F_Layers], [F_EnCode], [F_FullName], [F_SimpleSpelling], [F_SortCode], [F_DeleteMark], [F_EnabledMark], [F_Description], [F_CreatorTime], [F_CreatorUserId], [F_LastModifyTime], [F_LastModifyUserId], [F_DeleteTime], [F_DeleteUserId]) VALUES (N'420300', N'420000', 2, N'420300', N'十堰市', N'sys', 420300, NULL, 1, NULL, CAST(0x0000A64900000000 AS DateTime), NULL, NULL, NULL, NULL, NULL)
INSERT [dbo].[Sys_Area] ([F_Id], [F_ParentId], [F_Layers], [F_EnCode], [F_FullName], [F_SimpleSpelling], [F_SortCode], [F_DeleteMark], [F_EnabledMark], [F_Description], [F_CreatorTime], [F_CreatorUserId], [F_LastModifyTime], [F_LastModifyUserId], [F_DeleteTime], [F_DeleteUserId]) VALUES (N'420500', N'420000', 2, N'420500', N'宜昌市', N'ycs', 420500, NULL, 1, NULL, CAST(0x0000A64900000000 AS DateTime), NULL, NULL, NULL, NULL, NULL)
INSERT [dbo].[Sys_Area] ([F_Id], [F_ParentId], [F_Layers], [F_EnCode], [F_FullName], [F_SimpleSpelling], [F_SortCode], [F_DeleteMark], [F_EnabledMark], [F_Description], [F_CreatorTime], [F_CreatorUserId], [F_LastModifyTime], [F_LastModifyUserId], [F_DeleteTime], [F_DeleteUserId]) VALUES (N'420600', N'420000', 2, N'420600', N'襄阳市', N'xys', 420600, NULL, 1, NULL, CAST(0x0000A64900000000 AS DateTime), NULL, NULL, NULL, NULL, NULL)
INSERT [dbo].[Sys_Area] ([F_Id], [F_ParentId], [F_Layers], [F_EnCode], [F_FullName], [F_SimpleSpelling], [F_SortCode], [F_DeleteMark], [F_EnabledMark], [F_Description], [F_CreatorTime], [F_CreatorUserId], [F_LastModifyTime], [F_LastModifyUserId], [F_DeleteTime], [F_DeleteUserId]) VALUES (N'420700', N'420000', 2, N'420700', N'鄂州市', N'ezs', 420700, NULL, 1, NULL, CAST(0x0000A64900000000 AS DateTime), NULL, NULL, NULL, NULL, NULL)
INSERT [dbo].[Sys_Area] ([F_Id], [F_ParentId], [F_Layers], [F_EnCode], [F_FullName], [F_SimpleSpelling], [F_SortCode], [F_DeleteMark], [F_EnabledMark], [F_Description], [F_CreatorTime], [F_CreatorUserId], [F_LastModifyTime], [F_LastModifyUserId], [F_DeleteTime], [F_DeleteUserId]) VALUES (N'420800', N'420000', 2, N'420800', N'荆门市', N'jms', 420800, NULL, 1, NULL, CAST(0x0000A64900000000 AS DateTime), NULL, NULL, NULL, NULL, NULL)
INSERT [dbo].[Sys_Area] ([F_Id], [F_ParentId], [F_Layers], [F_EnCode], [F_FullName], [F_SimpleSpelling], [F_SortCode], [F_DeleteMark], [F_EnabledMark], [F_Description], [F_CreatorTime], [F_CreatorUserId], [F_LastModifyTime], [F_LastModifyUserId], [F_DeleteTime], [F_DeleteUserId]) VALUES (N'420900', N'420000', 2, N'420900', N'孝感市', N'xgs', 420900, NULL, 1, NULL, CAST(0x0000A64900000000 AS DateTime), NULL, NULL, NULL, NULL, NULL)
INSERT [dbo].[Sys_Area] ([F_Id], [F_ParentId], [F_Layers], [F_EnCode], [F_FullName], [F_SimpleSpelling], [F_SortCode], [F_DeleteMark], [F_EnabledMark], [F_Description], [F_CreatorTime], [F_CreatorUserId], [F_LastModifyTime], [F_LastModifyUserId], [F_DeleteTime], [F_DeleteUserId]) VALUES (N'421000', N'420000', 2, N'421000', N'荆州市', N'jzs', 421000, NULL, 1, NULL, CAST(0x0000A64900000000 AS DateTime), NULL, NULL, NULL, NULL, NULL)
INSERT [dbo].[Sys_Area] ([F_Id], [F_ParentId], [F_Layers], [F_EnCode], [F_FullName], [F_SimpleSpelling], [F_SortCode], [F_DeleteMark], [F_EnabledMark], [F_Description], [F_CreatorTime], [F_CreatorUserId], [F_LastModifyTime], [F_LastModifyUserId], [F_DeleteTime], [F_DeleteUserId]) VALUES (N'421100', N'420000', 2, N'421100', N'黄冈市', N'hgs', 421100, NULL, 1, NULL, CAST(0x0000A64900000000 AS DateTime), NULL, NULL, NULL, NULL, NULL)
INSERT [dbo].[Sys_Area] ([F_Id], [F_ParentId], [F_Layers], [F_EnCode], [F_FullName], [F_SimpleSpelling], [F_SortCode], [F_DeleteMark], [F_EnabledMark], [F_Description], [F_CreatorTime], [F_CreatorUserId], [F_LastModifyTime], [F_LastModifyUserId], [F_DeleteTime], [F_DeleteUserId]) VALUES (N'421200', N'420000', 2, N'421200', N'咸宁市', N'xns', 421200, NULL, 1, NULL, CAST(0x0000A64900000000 AS DateTime), NULL, NULL, NULL, NULL, NULL)
INSERT [dbo].[Sys_Area] ([F_Id], [F_ParentId], [F_Layers], [F_EnCode], [F_FullName], [F_SimpleSpelling], [F_SortCode], [F_DeleteMark], [F_EnabledMark], [F_Description], [F_CreatorTime], [F_CreatorUserId], [F_LastModifyTime], [F_LastModifyUserId], [F_DeleteTime], [F_DeleteUserId]) VALUES (N'421300', N'420000', 2, N'421300', N'随州市', N'szs', 421300, NULL, 1, NULL, CAST(0x0000A64900000000 AS DateTime), NULL, NULL, NULL, NULL, NULL)
INSERT [dbo].[Sys_Area] ([F_Id], [F_ParentId], [F_Layers], [F_EnCode], [F_FullName], [F_SimpleSpelling], [F_SortCode], [F_DeleteMark], [F_EnabledMark], [F_Description], [F_CreatorTime], [F_CreatorUserId], [F_LastModifyTime], [F_LastModifyUserId], [F_DeleteTime], [F_DeleteUserId]) VALUES (N'422800', N'420000', 2, N'422800', N'恩施土家族苗族自治州', N'estjzmzzzz', 422800, NULL, 1, NULL, CAST(0x0000A64900000000 AS DateTime), NULL, NULL, NULL, NULL, NULL)
INSERT [dbo].[Sys_Area] ([F_Id], [F_ParentId], [F_Layers], [F_EnCode], [F_FullName], [F_SimpleSpelling], [F_SortCode], [F_DeleteMark], [F_EnabledMark], [F_Description], [F_CreatorTime], [F_CreatorUserId], [F_LastModifyTime], [F_LastModifyUserId], [F_DeleteTime], [F_DeleteUserId]) VALUES (N'430100', N'430000', 2, N'430100', N'长沙市', N'zss', 430100, NULL, 1, NULL, CAST(0x0000A64900000000 AS DateTime), NULL, NULL, NULL, NULL, NULL)
INSERT [dbo].[Sys_Area] ([F_Id], [F_ParentId], [F_Layers], [F_EnCode], [F_FullName], [F_SimpleSpelling], [F_SortCode], [F_DeleteMark], [F_EnabledMark], [F_Description], [F_CreatorTime], [F_CreatorUserId], [F_LastModifyTime], [F_LastModifyUserId], [F_DeleteTime], [F_DeleteUserId]) VALUES (N'430200', N'430000', 2, N'430200', N'株洲市', N'zzs', 430200, NULL, 1, NULL, CAST(0x0000A64900000000 AS DateTime), NULL, NULL, NULL, NULL, NULL)
INSERT [dbo].[Sys_Area] ([F_Id], [F_ParentId], [F_Layers], [F_EnCode], [F_FullName], [F_SimpleSpelling], [F_SortCode], [F_DeleteMark], [F_EnabledMark], [F_Description], [F_CreatorTime], [F_CreatorUserId], [F_LastModifyTime], [F_LastModifyUserId], [F_DeleteTime], [F_DeleteUserId]) VALUES (N'430300', N'430000', 2, N'430300', N'湘潭市', N'xts', 430300, NULL, 1, NULL, CAST(0x0000A64900000000 AS DateTime), NULL, NULL, NULL, NULL, NULL)
INSERT [dbo].[Sys_Area] ([F_Id], [F_ParentId], [F_Layers], [F_EnCode], [F_FullName], [F_SimpleSpelling], [F_SortCode], [F_DeleteMark], [F_EnabledMark], [F_Description], [F_CreatorTime], [F_CreatorUserId], [F_LastModifyTime], [F_LastModifyUserId], [F_DeleteTime], [F_DeleteUserId]) VALUES (N'430400', N'430000', 2, N'430400', N'衡阳市', N'hys', 430400, NULL, 1, NULL, CAST(0x0000A64900000000 AS DateTime), NULL, NULL, NULL, NULL, NULL)
INSERT [dbo].[Sys_Area] ([F_Id], [F_ParentId], [F_Layers], [F_EnCode], [F_FullName], [F_SimpleSpelling], [F_SortCode], [F_DeleteMark], [F_EnabledMark], [F_Description], [F_CreatorTime], [F_CreatorUserId], [F_LastModifyTime], [F_LastModifyUserId], [F_DeleteTime], [F_DeleteUserId]) VALUES (N'430500', N'430000', 2, N'430500', N'邵阳市', N'sys', 430500, NULL, 1, NULL, CAST(0x0000A64900000000 AS DateTime), NULL, NULL, NULL, NULL, NULL)
INSERT [dbo].[Sys_Area] ([F_Id], [F_ParentId], [F_Layers], [F_EnCode], [F_FullName], [F_SimpleSpelling], [F_SortCode], [F_DeleteMark], [F_EnabledMark], [F_Description], [F_CreatorTime], [F_CreatorUserId], [F_LastModifyTime], [F_LastModifyUserId], [F_DeleteTime], [F_DeleteUserId]) VALUES (N'430600', N'430000', 2, N'430600', N'岳阳市', N'yys', 430600, NULL, 1, NULL, CAST(0x0000A64900000000 AS DateTime), NULL, NULL, NULL, NULL, NULL)
INSERT [dbo].[Sys_Area] ([F_Id], [F_ParentId], [F_Layers], [F_EnCode], [F_FullName], [F_SimpleSpelling], [F_SortCode], [F_DeleteMark], [F_EnabledMark], [F_Description], [F_CreatorTime], [F_CreatorUserId], [F_LastModifyTime], [F_LastModifyUserId], [F_DeleteTime], [F_DeleteUserId]) VALUES (N'430700', N'430000', 2, N'430700', N'常德市', N'cds', 430700, NULL, 1, NULL, CAST(0x0000A64900000000 AS DateTime), NULL, NULL, NULL, NULL, NULL)
INSERT [dbo].[Sys_Area] ([F_Id], [F_ParentId], [F_Layers], [F_EnCode], [F_FullName], [F_SimpleSpelling], [F_SortCode], [F_DeleteMark], [F_EnabledMark], [F_Description], [F_CreatorTime], [F_CreatorUserId], [F_LastModifyTime], [F_LastModifyUserId], [F_DeleteTime], [F_DeleteUserId]) VALUES (N'430800', N'430000', 2, N'430800', N'张家界市', N'zjjs', 430800, NULL, 1, NULL, CAST(0x0000A64900000000 AS DateTime), NULL, NULL, NULL, NULL, NULL)
INSERT [dbo].[Sys_Area] ([F_Id], [F_ParentId], [F_Layers], [F_EnCode], [F_FullName], [F_SimpleSpelling], [F_SortCode], [F_DeleteMark], [F_EnabledMark], [F_Description], [F_CreatorTime], [F_CreatorUserId], [F_LastModifyTime], [F_LastModifyUserId], [F_DeleteTime], [F_DeleteUserId]) VALUES (N'430900', N'430000', 2, N'430900', N'益阳市', N'yys', 430900, NULL, 1, NULL, CAST(0x0000A64900000000 AS DateTime), NULL, NULL, NULL, NULL, NULL)
INSERT [dbo].[Sys_Area] ([F_Id], [F_ParentId], [F_Layers], [F_EnCode], [F_FullName], [F_SimpleSpelling], [F_SortCode], [F_DeleteMark], [F_EnabledMark], [F_Description], [F_CreatorTime], [F_CreatorUserId], [F_LastModifyTime], [F_LastModifyUserId], [F_DeleteTime], [F_DeleteUserId]) VALUES (N'431000', N'430000', 2, N'431000', N'郴州市', N'czs', 431000, NULL, 1, NULL, CAST(0x0000A64900000000 AS DateTime), NULL, NULL, NULL, NULL, NULL)
INSERT [dbo].[Sys_Area] ([F_Id], [F_ParentId], [F_Layers], [F_EnCode], [F_FullName], [F_SimpleSpelling], [F_SortCode], [F_DeleteMark], [F_EnabledMark], [F_Description], [F_CreatorTime], [F_CreatorUserId], [F_LastModifyTime], [F_LastModifyUserId], [F_DeleteTime], [F_DeleteUserId]) VALUES (N'431100', N'430000', 2, N'431100', N'永州市', N'yzs', 431100, NULL, 1, NULL, CAST(0x0000A64900000000 AS DateTime), NULL, NULL, NULL, NULL, NULL)
INSERT [dbo].[Sys_Area] ([F_Id], [F_ParentId], [F_Layers], [F_EnCode], [F_FullName], [F_SimpleSpelling], [F_SortCode], [F_DeleteMark], [F_EnabledMark], [F_Description], [F_CreatorTime], [F_CreatorUserId], [F_LastModifyTime], [F_LastModifyUserId], [F_DeleteTime], [F_DeleteUserId]) VALUES (N'431200', N'430000', 2, N'431200', N'怀化市', N'hhs', 431200, NULL, 1, NULL, CAST(0x0000A64900000000 AS DateTime), NULL, NULL, NULL, NULL, NULL)
INSERT [dbo].[Sys_Area] ([F_Id], [F_ParentId], [F_Layers], [F_EnCode], [F_FullName], [F_SimpleSpelling], [F_SortCode], [F_DeleteMark], [F_EnabledMark], [F_Description], [F_CreatorTime], [F_CreatorUserId], [F_LastModifyTime], [F_LastModifyUserId], [F_DeleteTime], [F_DeleteUserId]) VALUES (N'431300', N'430000', 2, N'431300', N'娄底市', N'lds', 431300, NULL, 1, NULL, CAST(0x0000A64900000000 AS DateTime), NULL, NULL, NULL, NULL, NULL)
INSERT [dbo].[Sys_Area] ([F_Id], [F_ParentId], [F_Layers], [F_EnCode], [F_FullName], [F_SimpleSpelling], [F_SortCode], [F_DeleteMark], [F_EnabledMark], [F_Description], [F_CreatorTime], [F_CreatorUserId], [F_LastModifyTime], [F_LastModifyUserId], [F_DeleteTime], [F_DeleteUserId]) VALUES (N'433100', N'430000', 2, N'433100', N'湘西土家族苗族自治州', N'xxtjzmzzzz', 433100, NULL, 1, NULL, CAST(0x0000A64900000000 AS DateTime), NULL, NULL, NULL, NULL, NULL)
INSERT [dbo].[Sys_Area] ([F_Id], [F_ParentId], [F_Layers], [F_EnCode], [F_FullName], [F_SimpleSpelling], [F_SortCode], [F_DeleteMark], [F_EnabledMark], [F_Description], [F_CreatorTime], [F_CreatorUserId], [F_LastModifyTime], [F_LastModifyUserId], [F_DeleteTime], [F_DeleteUserId]) VALUES (N'440100', N'440000', 2, N'440100', N'广州市', N'gzs', 440100, NULL, 1, NULL, CAST(0x0000A64900000000 AS DateTime), NULL, NULL, NULL, NULL, NULL)
INSERT [dbo].[Sys_Area] ([F_Id], [F_ParentId], [F_Layers], [F_EnCode], [F_FullName], [F_SimpleSpelling], [F_SortCode], [F_DeleteMark], [F_EnabledMark], [F_Description], [F_CreatorTime], [F_CreatorUserId], [F_LastModifyTime], [F_LastModifyUserId], [F_DeleteTime], [F_DeleteUserId]) VALUES (N'440200', N'440000', 2, N'440200', N'韶关市', N'sgs', 440200, NULL, 1, NULL, CAST(0x0000A64900000000 AS DateTime), NULL, NULL, NULL, NULL, NULL)
INSERT [dbo].[Sys_Area] ([F_Id], [F_ParentId], [F_Layers], [F_EnCode], [F_FullName], [F_SimpleSpelling], [F_SortCode], [F_DeleteMark], [F_EnabledMark], [F_Description], [F_CreatorTime], [F_CreatorUserId], [F_LastModifyTime], [F_LastModifyUserId], [F_DeleteTime], [F_DeleteUserId]) VALUES (N'440300', N'440000', 2, N'440300', N'深圳市', N'szs', 440300, NULL, 1, NULL, CAST(0x0000A64900000000 AS DateTime), NULL, NULL, NULL, NULL, NULL)
INSERT [dbo].[Sys_Area] ([F_Id], [F_ParentId], [F_Layers], [F_EnCode], [F_FullName], [F_SimpleSpelling], [F_SortCode], [F_DeleteMark], [F_EnabledMark], [F_Description], [F_CreatorTime], [F_CreatorUserId], [F_LastModifyTime], [F_LastModifyUserId], [F_DeleteTime], [F_DeleteUserId]) VALUES (N'440400', N'440000', 2, N'440400', N'珠海市', N'zhs', 440400, NULL, 1, NULL, CAST(0x0000A64900000000 AS DateTime), NULL, NULL, NULL, NULL, NULL)
INSERT [dbo].[Sys_Area] ([F_Id], [F_ParentId], [F_Layers], [F_EnCode], [F_FullName], [F_SimpleSpelling], [F_SortCode], [F_DeleteMark], [F_EnabledMark], [F_Description], [F_CreatorTime], [F_CreatorUserId], [F_LastModifyTime], [F_LastModifyUserId], [F_DeleteTime], [F_DeleteUserId]) VALUES (N'440500', N'440000', 2, N'440500', N'汕头市', N'sts', 440500, NULL, 1, NULL, CAST(0x0000A64900000000 AS DateTime), NULL, NULL, NULL, NULL, NULL)
INSERT [dbo].[Sys_Area] ([F_Id], [F_ParentId], [F_Layers], [F_EnCode], [F_FullName], [F_SimpleSpelling], [F_SortCode], [F_DeleteMark], [F_EnabledMark], [F_Description], [F_CreatorTime], [F_CreatorUserId], [F_LastModifyTime], [F_LastModifyUserId], [F_DeleteTime], [F_DeleteUserId]) VALUES (N'440600', N'440000', 2, N'440600', N'佛山市', N'fss', 440600, NULL, 1, NULL, CAST(0x0000A64900000000 AS DateTime), NULL, NULL, NULL, NULL, NULL)
INSERT [dbo].[Sys_Area] ([F_Id], [F_ParentId], [F_Layers], [F_EnCode], [F_FullName], [F_SimpleSpelling], [F_SortCode], [F_DeleteMark], [F_EnabledMark], [F_Description], [F_CreatorTime], [F_CreatorUserId], [F_LastModifyTime], [F_LastModifyUserId], [F_DeleteTime], [F_DeleteUserId]) VALUES (N'440700', N'440000', 2, N'440700', N'江门市', N'jms', 440700, NULL, 1, NULL, CAST(0x0000A64900000000 AS DateTime), NULL, NULL, NULL, NULL, NULL)
INSERT [dbo].[Sys_Area] ([F_Id], [F_ParentId], [F_Layers], [F_EnCode], [F_FullName], [F_SimpleSpelling], [F_SortCode], [F_DeleteMark], [F_EnabledMark], [F_Description], [F_CreatorTime], [F_CreatorUserId], [F_LastModifyTime], [F_LastModifyUserId], [F_DeleteTime], [F_DeleteUserId]) VALUES (N'440800', N'440000', 2, N'440800', N'湛江市', N'zjs', 440800, NULL, 1, NULL, CAST(0x0000A64900000000 AS DateTime), NULL, NULL, NULL, NULL, NULL)
INSERT [dbo].[Sys_Area] ([F_Id], [F_ParentId], [F_Layers], [F_EnCode], [F_FullName], [F_SimpleSpelling], [F_SortCode], [F_DeleteMark], [F_EnabledMark], [F_Description], [F_CreatorTime], [F_CreatorUserId], [F_LastModifyTime], [F_LastModifyUserId], [F_DeleteTime], [F_DeleteUserId]) VALUES (N'440900', N'440000', 2, N'440900', N'茂名市', N'mms', 440900, NULL, 1, NULL, CAST(0x0000A64900000000 AS DateTime), NULL, NULL, NULL, NULL, NULL)
INSERT [dbo].[Sys_Area] ([F_Id], [F_ParentId], [F_Layers], [F_EnCode], [F_FullName], [F_SimpleSpelling], [F_SortCode], [F_DeleteMark], [F_EnabledMark], [F_Description], [F_CreatorTime], [F_CreatorUserId], [F_LastModifyTime], [F_LastModifyUserId], [F_DeleteTime], [F_DeleteUserId]) VALUES (N'441200', N'440000', 2, N'441200', N'肇庆市', N'zqs', 441200, NULL, 1, NULL, CAST(0x0000A64900000000 AS DateTime), NULL, NULL, NULL, NULL, NULL)
INSERT [dbo].[Sys_Area] ([F_Id], [F_ParentId], [F_Layers], [F_EnCode], [F_FullName], [F_SimpleSpelling], [F_SortCode], [F_DeleteMark], [F_EnabledMark], [F_Description], [F_CreatorTime], [F_CreatorUserId], [F_LastModifyTime], [F_LastModifyUserId], [F_DeleteTime], [F_DeleteUserId]) VALUES (N'441300', N'440000', 2, N'441300', N'惠州市', N'hzs', 441300, NULL, 1, NULL, CAST(0x0000A64900000000 AS DateTime), NULL, NULL, NULL, NULL, NULL)
GO
print 'Processed 200 total records'
INSERT [dbo].[Sys_Area] ([F_Id], [F_ParentId], [F_Layers], [F_EnCode], [F_FullName], [F_SimpleSpelling], [F_SortCode], [F_DeleteMark], [F_EnabledMark], [F_Description], [F_CreatorTime], [F_CreatorUserId], [F_LastModifyTime], [F_LastModifyUserId], [F_DeleteTime], [F_DeleteUserId]) VALUES (N'441400', N'440000', 2, N'441400', N'梅州市', N'mzs', 441400, NULL, 1, NULL, CAST(0x0000A64900000000 AS DateTime), NULL, NULL, NULL, NULL, NULL)
INSERT [dbo].[Sys_Area] ([F_Id], [F_ParentId], [F_Layers], [F_EnCode], [F_FullName], [F_SimpleSpelling], [F_SortCode], [F_DeleteMark], [F_EnabledMark], [F_Description], [F_CreatorTime], [F_CreatorUserId], [F_LastModifyTime], [F_LastModifyUserId], [F_DeleteTime], [F_DeleteUserId]) VALUES (N'441500', N'440000', 2, N'441500', N'汕尾市', N'sws', 441500, NULL, 1, NULL, CAST(0x0000A64900000000 AS DateTime), NULL, NULL, NULL, NULL, NULL)
INSERT [dbo].[Sys_Area] ([F_Id], [F_ParentId], [F_Layers], [F_EnCode], [F_FullName], [F_SimpleSpelling], [F_SortCode], [F_DeleteMark], [F_EnabledMark], [F_Description], [F_CreatorTime], [F_CreatorUserId], [F_LastModifyTime], [F_LastModifyUserId], [F_DeleteTime], [F_DeleteUserId]) VALUES (N'441600', N'440000', 2, N'441600', N'河源市', N'hys', 441600, NULL, 1, NULL, CAST(0x0000A64900000000 AS DateTime), NULL, NULL, NULL, NULL, NULL)
INSERT [dbo].[Sys_Area] ([F_Id], [F_ParentId], [F_Layers], [F_EnCode], [F_FullName], [F_SimpleSpelling], [F_SortCode], [F_DeleteMark], [F_EnabledMark], [F_Description], [F_CreatorTime], [F_CreatorUserId], [F_LastModifyTime], [F_LastModifyUserId], [F_DeleteTime], [F_DeleteUserId]) VALUES (N'441700', N'440000', 2, N'441700', N'阳江市', N'yjs', 441700, NULL, 1, NULL, CAST(0x0000A64900000000 AS DateTime), NULL, NULL, NULL, NULL, NULL)
INSERT [dbo].[Sys_Area] ([F_Id], [F_ParentId], [F_Layers], [F_EnCode], [F_FullName], [F_SimpleSpelling], [F_SortCode], [F_DeleteMark], [F_EnabledMark], [F_Description], [F_CreatorTime], [F_CreatorUserId], [F_LastModifyTime], [F_LastModifyUserId], [F_DeleteTime], [F_DeleteUserId]) VALUES (N'441800', N'440000', 2, N'441800', N'清远市', N'qys', 441800, NULL, 1, NULL, CAST(0x0000A64900000000 AS DateTime), NULL, NULL, NULL, NULL, NULL)
INSERT [dbo].[Sys_Area] ([F_Id], [F_ParentId], [F_Layers], [F_EnCode], [F_FullName], [F_SimpleSpelling], [F_SortCode], [F_DeleteMark], [F_EnabledMark], [F_Description], [F_CreatorTime], [F_CreatorUserId], [F_LastModifyTime], [F_LastModifyUserId], [F_DeleteTime], [F_DeleteUserId]) VALUES (N'445100', N'440000', 2, N'445100', N'潮州市', N'czs', 445100, NULL, 1, NULL, CAST(0x0000A64900000000 AS DateTime), NULL, NULL, NULL, NULL, NULL)
INSERT [dbo].[Sys_Area] ([F_Id], [F_ParentId], [F_Layers], [F_EnCode], [F_FullName], [F_SimpleSpelling], [F_SortCode], [F_DeleteMark], [F_EnabledMark], [F_Description], [F_CreatorTime], [F_CreatorUserId], [F_LastModifyTime], [F_LastModifyUserId], [F_DeleteTime], [F_DeleteUserId]) VALUES (N'445200', N'440000', 2, N'445200', N'揭阳市', N'jys', 445200, NULL, 1, NULL, CAST(0x0000A64900000000 AS DateTime), NULL, NULL, NULL, NULL, NULL)
INSERT [dbo].[Sys_Area] ([F_Id], [F_ParentId], [F_Layers], [F_EnCode], [F_FullName], [F_SimpleSpelling], [F_SortCode], [F_DeleteMark], [F_EnabledMark], [F_Description], [F_CreatorTime], [F_CreatorUserId], [F_LastModifyTime], [F_LastModifyUserId], [F_DeleteTime], [F_DeleteUserId]) VALUES (N'445300', N'440000', 2, N'445300', N'云浮市', N'yfs', 445300, NULL, 1, NULL, CAST(0x0000A64900000000 AS DateTime), NULL, NULL, NULL, NULL, NULL)
INSERT [dbo].[Sys_Area] ([F_Id], [F_ParentId], [F_Layers], [F_EnCode], [F_FullName], [F_SimpleSpelling], [F_SortCode], [F_DeleteMark], [F_EnabledMark], [F_Description], [F_CreatorTime], [F_CreatorUserId], [F_LastModifyTime], [F_LastModifyUserId], [F_DeleteTime], [F_DeleteUserId]) VALUES (N'450100', N'450000', 2, N'450100', N'南宁市', N'nns', 450100, NULL, 1, NULL, CAST(0x0000A64900000000 AS DateTime), NULL, NULL, NULL, NULL, NULL)
INSERT [dbo].[Sys_Area] ([F_Id], [F_ParentId], [F_Layers], [F_EnCode], [F_FullName], [F_SimpleSpelling], [F_SortCode], [F_DeleteMark], [F_EnabledMark], [F_Description], [F_CreatorTime], [F_CreatorUserId], [F_LastModifyTime], [F_LastModifyUserId], [F_DeleteTime], [F_DeleteUserId]) VALUES (N'450200', N'450000', 2, N'450200', N'柳州市', N'lzs', 450200, NULL, 1, NULL, CAST(0x0000A64900000000 AS DateTime), NULL, NULL, NULL, NULL, NULL)
INSERT [dbo].[Sys_Area] ([F_Id], [F_ParentId], [F_Layers], [F_EnCode], [F_FullName], [F_SimpleSpelling], [F_SortCode], [F_DeleteMark], [F_EnabledMark], [F_Description], [F_CreatorTime], [F_CreatorUserId], [F_LastModifyTime], [F_LastModifyUserId], [F_DeleteTime], [F_DeleteUserId]) VALUES (N'450300', N'450000', 2, N'450300', N'桂林市', N'gls', 450300, NULL, 1, NULL, CAST(0x0000A64900000000 AS DateTime), NULL, NULL, NULL, NULL, NULL)
INSERT [dbo].[Sys_Area] ([F_Id], [F_ParentId], [F_Layers], [F_EnCode], [F_FullName], [F_SimpleSpelling], [F_SortCode], [F_DeleteMark], [F_EnabledMark], [F_Description], [F_CreatorTime], [F_CreatorUserId], [F_LastModifyTime], [F_LastModifyUserId], [F_DeleteTime], [F_DeleteUserId]) VALUES (N'450400', N'450000', 2, N'450400', N'梧州市', N'wzs', 450400, NULL, 1, NULL, CAST(0x0000A64900000000 AS DateTime), NULL, NULL, NULL, NULL, NULL)
INSERT [dbo].[Sys_Area] ([F_Id], [F_ParentId], [F_Layers], [F_EnCode], [F_FullName], [F_SimpleSpelling], [F_SortCode], [F_DeleteMark], [F_EnabledMark], [F_Description], [F_CreatorTime], [F_CreatorUserId], [F_LastModifyTime], [F_LastModifyUserId], [F_DeleteTime], [F_DeleteUserId]) VALUES (N'450500', N'450000', 2, N'450500', N'北海市', N'bhs', 450500, NULL, 1, NULL, CAST(0x0000A64900000000 AS DateTime), NULL, NULL, NULL, NULL, NULL)
INSERT [dbo].[Sys_Area] ([F_Id], [F_ParentId], [F_Layers], [F_EnCode], [F_FullName], [F_SimpleSpelling], [F_SortCode], [F_DeleteMark], [F_EnabledMark], [F_Description], [F_CreatorTime], [F_CreatorUserId], [F_LastModifyTime], [F_LastModifyUserId], [F_DeleteTime], [F_DeleteUserId]) VALUES (N'450600', N'450000', 2, N'450600', N'防城港市', N'fcgs', 450600, NULL, 1, NULL, CAST(0x0000A64900000000 AS DateTime), NULL, NULL, NULL, NULL, NULL)
INSERT [dbo].[Sys_Area] ([F_Id], [F_ParentId], [F_Layers], [F_EnCode], [F_FullName], [F_SimpleSpelling], [F_SortCode], [F_DeleteMark], [F_EnabledMark], [F_Description], [F_CreatorTime], [F_CreatorUserId], [F_LastModifyTime], [F_LastModifyUserId], [F_DeleteTime], [F_DeleteUserId]) VALUES (N'450700', N'450000', 2, N'450700', N'钦州市', N'qzs', 450700, NULL, 1, NULL, CAST(0x0000A64900000000 AS DateTime), NULL, NULL, NULL, NULL, NULL)
INSERT [dbo].[Sys_Area] ([F_Id], [F_ParentId], [F_Layers], [F_EnCode], [F_FullName], [F_SimpleSpelling], [F_SortCode], [F_DeleteMark], [F_EnabledMark], [F_Description], [F_CreatorTime], [F_CreatorUserId], [F_LastModifyTime], [F_LastModifyUserId], [F_DeleteTime], [F_DeleteUserId]) VALUES (N'450800', N'450000', 2, N'450800', N'贵港市', N'ggs', 450800, NULL, 1, NULL, CAST(0x0000A64900000000 AS DateTime), NULL, NULL, NULL, NULL, NULL)
INSERT [dbo].[Sys_Area] ([F_Id], [F_ParentId], [F_Layers], [F_EnCode], [F_FullName], [F_SimpleSpelling], [F_SortCode], [F_DeleteMark], [F_EnabledMark], [F_Description], [F_CreatorTime], [F_CreatorUserId], [F_LastModifyTime], [F_LastModifyUserId], [F_DeleteTime], [F_DeleteUserId]) VALUES (N'450900', N'450000', 2, N'450900', N'玉林市', N'yls', 450900, NULL, 1, NULL, CAST(0x0000A64900000000 AS DateTime), NULL, NULL, NULL, NULL, NULL)
INSERT [dbo].[Sys_Area] ([F_Id], [F_ParentId], [F_Layers], [F_EnCode], [F_FullName], [F_SimpleSpelling], [F_SortCode], [F_DeleteMark], [F_EnabledMark], [F_Description], [F_CreatorTime], [F_CreatorUserId], [F_LastModifyTime], [F_LastModifyUserId], [F_DeleteTime], [F_DeleteUserId]) VALUES (N'451000', N'450000', 2, N'451000', N'百色市', N'bss', 451000, NULL, 1, NULL, CAST(0x0000A64900000000 AS DateTime), NULL, NULL, NULL, NULL, NULL)
INSERT [dbo].[Sys_Area] ([F_Id], [F_ParentId], [F_Layers], [F_EnCode], [F_FullName], [F_SimpleSpelling], [F_SortCode], [F_DeleteMark], [F_EnabledMark], [F_Description], [F_CreatorTime], [F_CreatorUserId], [F_LastModifyTime], [F_LastModifyUserId], [F_DeleteTime], [F_DeleteUserId]) VALUES (N'451100', N'450000', 2, N'451100', N'贺州市', N'hzs', 451100, NULL, 1, NULL, CAST(0x0000A64900000000 AS DateTime), NULL, NULL, NULL, NULL, NULL)
INSERT [dbo].[Sys_Area] ([F_Id], [F_ParentId], [F_Layers], [F_EnCode], [F_FullName], [F_SimpleSpelling], [F_SortCode], [F_DeleteMark], [F_EnabledMark], [F_Description], [F_CreatorTime], [F_CreatorUserId], [F_LastModifyTime], [F_LastModifyUserId], [F_DeleteTime], [F_DeleteUserId]) VALUES (N'451200', N'450000', 2, N'451200', N'河池市', N'hcs', 451200, NULL, 1, NULL, CAST(0x0000A64900000000 AS DateTime), NULL, NULL, NULL, NULL, NULL)
INSERT [dbo].[Sys_Area] ([F_Id], [F_ParentId], [F_Layers], [F_EnCode], [F_FullName], [F_SimpleSpelling], [F_SortCode], [F_DeleteMark], [F_EnabledMark], [F_Description], [F_CreatorTime], [F_CreatorUserId], [F_LastModifyTime], [F_LastModifyUserId], [F_DeleteTime], [F_DeleteUserId]) VALUES (N'451300', N'450000', 2, N'451300', N'来宾市', N'lbs', 451300, NULL, 1, NULL, CAST(0x0000A64900000000 AS DateTime), NULL, NULL, NULL, NULL, NULL)
INSERT [dbo].[Sys_Area] ([F_Id], [F_ParentId], [F_Layers], [F_EnCode], [F_FullName], [F_SimpleSpelling], [F_SortCode], [F_DeleteMark], [F_EnabledMark], [F_Description], [F_CreatorTime], [F_CreatorUserId], [F_LastModifyTime], [F_LastModifyUserId], [F_DeleteTime], [F_DeleteUserId]) VALUES (N'451400', N'450000', 2, N'451400', N'崇左市', N'czs', 451400, NULL, 1, NULL, CAST(0x0000A64900000000 AS DateTime), NULL, NULL, NULL, NULL, NULL)
INSERT [dbo].[Sys_Area] ([F_Id], [F_ParentId], [F_Layers], [F_EnCode], [F_FullName], [F_SimpleSpelling], [F_SortCode], [F_DeleteMark], [F_EnabledMark], [F_Description], [F_CreatorTime], [F_CreatorUserId], [F_LastModifyTime], [F_LastModifyUserId], [F_DeleteTime], [F_DeleteUserId]) VALUES (N'460100', N'460000', 2, N'460100', N'海口市', N'hks', 460100, NULL, 1, NULL, CAST(0x0000A64900000000 AS DateTime), NULL, NULL, NULL, NULL, NULL)
INSERT [dbo].[Sys_Area] ([F_Id], [F_ParentId], [F_Layers], [F_EnCode], [F_FullName], [F_SimpleSpelling], [F_SortCode], [F_DeleteMark], [F_EnabledMark], [F_Description], [F_CreatorTime], [F_CreatorUserId], [F_LastModifyTime], [F_LastModifyUserId], [F_DeleteTime], [F_DeleteUserId]) VALUES (N'500100', N'500000', 2, N'500100', N'重庆市', N'zqs', 500100, NULL, 1, NULL, CAST(0x0000A64900000000 AS DateTime), NULL, NULL, NULL, NULL, NULL)
INSERT [dbo].[Sys_Area] ([F_Id], [F_ParentId], [F_Layers], [F_EnCode], [F_FullName], [F_SimpleSpelling], [F_SortCode], [F_DeleteMark], [F_EnabledMark], [F_Description], [F_CreatorTime], [F_CreatorUserId], [F_LastModifyTime], [F_LastModifyUserId], [F_DeleteTime], [F_DeleteUserId]) VALUES (N'510100', N'510000', 2, N'510100', N'成都市', N'cds', 510100, NULL, 1, NULL, CAST(0x0000A64900000000 AS DateTime), NULL, NULL, NULL, NULL, NULL)
INSERT [dbo].[Sys_Area] ([F_Id], [F_ParentId], [F_Layers], [F_EnCode], [F_FullName], [F_SimpleSpelling], [F_SortCode], [F_DeleteMark], [F_EnabledMark], [F_Description], [F_CreatorTime], [F_CreatorUserId], [F_LastModifyTime], [F_LastModifyUserId], [F_DeleteTime], [F_DeleteUserId]) VALUES (N'510300', N'510000', 2, N'510300', N'自贡市', N'zgs', 510300, NULL, 1, NULL, CAST(0x0000A64900000000 AS DateTime), NULL, NULL, NULL, NULL, NULL)
INSERT [dbo].[Sys_Area] ([F_Id], [F_ParentId], [F_Layers], [F_EnCode], [F_FullName], [F_SimpleSpelling], [F_SortCode], [F_DeleteMark], [F_EnabledMark], [F_Description], [F_CreatorTime], [F_CreatorUserId], [F_LastModifyTime], [F_LastModifyUserId], [F_DeleteTime], [F_DeleteUserId]) VALUES (N'510400', N'510000', 2, N'510400', N'攀枝花市', N'pzhs', 510400, NULL, 1, NULL, CAST(0x0000A64900000000 AS DateTime), NULL, NULL, NULL, NULL, NULL)
INSERT [dbo].[Sys_Area] ([F_Id], [F_ParentId], [F_Layers], [F_EnCode], [F_FullName], [F_SimpleSpelling], [F_SortCode], [F_DeleteMark], [F_EnabledMark], [F_Description], [F_CreatorTime], [F_CreatorUserId], [F_LastModifyTime], [F_LastModifyUserId], [F_DeleteTime], [F_DeleteUserId]) VALUES (N'510500', N'510000', 2, N'510500', N'泸州市', N'lzs', 510500, NULL, 1, NULL, CAST(0x0000A64900000000 AS DateTime), NULL, NULL, NULL, NULL, NULL)
INSERT [dbo].[Sys_Area] ([F_Id], [F_ParentId], [F_Layers], [F_EnCode], [F_FullName], [F_SimpleSpelling], [F_SortCode], [F_DeleteMark], [F_EnabledMark], [F_Description], [F_CreatorTime], [F_CreatorUserId], [F_LastModifyTime], [F_LastModifyUserId], [F_DeleteTime], [F_DeleteUserId]) VALUES (N'510700', N'510000', 2, N'510700', N'绵阳市', N'mys', 510700, NULL, 1, NULL, CAST(0x0000A64900000000 AS DateTime), NULL, NULL, NULL, NULL, NULL)
INSERT [dbo].[Sys_Area] ([F_Id], [F_ParentId], [F_Layers], [F_EnCode], [F_FullName], [F_SimpleSpelling], [F_SortCode], [F_DeleteMark], [F_EnabledMark], [F_Description], [F_CreatorTime], [F_CreatorUserId], [F_LastModifyTime], [F_LastModifyUserId], [F_DeleteTime], [F_DeleteUserId]) VALUES (N'510800', N'510000', 2, N'510800', N'广元市', N'gys', 510800, NULL, 1, NULL, CAST(0x0000A64900000000 AS DateTime), NULL, NULL, NULL, NULL, NULL)
INSERT [dbo].[Sys_Area] ([F_Id], [F_ParentId], [F_Layers], [F_EnCode], [F_FullName], [F_SimpleSpelling], [F_SortCode], [F_DeleteMark], [F_EnabledMark], [F_Description], [F_CreatorTime], [F_CreatorUserId], [F_LastModifyTime], [F_LastModifyUserId], [F_DeleteTime], [F_DeleteUserId]) VALUES (N'510900', N'510000', 2, N'510900', N'遂宁市', N'sns', 510900, NULL, 1, NULL, CAST(0x0000A64900000000 AS DateTime), NULL, NULL, NULL, NULL, NULL)
INSERT [dbo].[Sys_Area] ([F_Id], [F_ParentId], [F_Layers], [F_EnCode], [F_FullName], [F_SimpleSpelling], [F_SortCode], [F_DeleteMark], [F_EnabledMark], [F_Description], [F_CreatorTime], [F_CreatorUserId], [F_LastModifyTime], [F_LastModifyUserId], [F_DeleteTime], [F_DeleteUserId]) VALUES (N'511000', N'510000', 2, N'511000', N'内江市', N'njs', 511000, NULL, 1, NULL, CAST(0x0000A64900000000 AS DateTime), NULL, NULL, NULL, NULL, NULL)
INSERT [dbo].[Sys_Area] ([F_Id], [F_ParentId], [F_Layers], [F_EnCode], [F_FullName], [F_SimpleSpelling], [F_SortCode], [F_DeleteMark], [F_EnabledMark], [F_Description], [F_CreatorTime], [F_CreatorUserId], [F_LastModifyTime], [F_LastModifyUserId], [F_DeleteTime], [F_DeleteUserId]) VALUES (N'511100', N'510000', 2, N'511100', N'乐山市', N'yss', 511100, NULL, 1, NULL, CAST(0x0000A64900000000 AS DateTime), NULL, NULL, NULL, NULL, NULL)
INSERT [dbo].[Sys_Area] ([F_Id], [F_ParentId], [F_Layers], [F_EnCode], [F_FullName], [F_SimpleSpelling], [F_SortCode], [F_DeleteMark], [F_EnabledMark], [F_Description], [F_CreatorTime], [F_CreatorUserId], [F_LastModifyTime], [F_LastModifyUserId], [F_DeleteTime], [F_DeleteUserId]) VALUES (N'511300', N'510000', 2, N'511300', N'南充市', N'ncs', 511300, NULL, 1, NULL, CAST(0x0000A64900000000 AS DateTime), NULL, NULL, NULL, NULL, NULL)
INSERT [dbo].[Sys_Area] ([F_Id], [F_ParentId], [F_Layers], [F_EnCode], [F_FullName], [F_SimpleSpelling], [F_SortCode], [F_DeleteMark], [F_EnabledMark], [F_Description], [F_CreatorTime], [F_CreatorUserId], [F_LastModifyTime], [F_LastModifyUserId], [F_DeleteTime], [F_DeleteUserId]) VALUES (N'511400', N'510000', 2, N'511400', N'眉山市', N'mss', 511400, NULL, 1, NULL, CAST(0x0000A64900000000 AS DateTime), NULL, NULL, NULL, NULL, NULL)
INSERT [dbo].[Sys_Area] ([F_Id], [F_ParentId], [F_Layers], [F_EnCode], [F_FullName], [F_SimpleSpelling], [F_SortCode], [F_DeleteMark], [F_EnabledMark], [F_Description], [F_CreatorTime], [F_CreatorUserId], [F_LastModifyTime], [F_LastModifyUserId], [F_DeleteTime], [F_DeleteUserId]) VALUES (N'511500', N'510000', 2, N'511500', N'宜宾市', N'ybs', 511500, NULL, 1, NULL, CAST(0x0000A64900000000 AS DateTime), NULL, NULL, NULL, NULL, NULL)
INSERT [dbo].[Sys_Area] ([F_Id], [F_ParentId], [F_Layers], [F_EnCode], [F_FullName], [F_SimpleSpelling], [F_SortCode], [F_DeleteMark], [F_EnabledMark], [F_Description], [F_CreatorTime], [F_CreatorUserId], [F_LastModifyTime], [F_LastModifyUserId], [F_DeleteTime], [F_DeleteUserId]) VALUES (N'511600', N'510000', 2, N'511600', N'广安市', N'gas', 511600, NULL, 1, NULL, CAST(0x0000A64900000000 AS DateTime), NULL, NULL, NULL, NULL, NULL)
INSERT [dbo].[Sys_Area] ([F_Id], [F_ParentId], [F_Layers], [F_EnCode], [F_FullName], [F_SimpleSpelling], [F_SortCode], [F_DeleteMark], [F_EnabledMark], [F_Description], [F_CreatorTime], [F_CreatorUserId], [F_LastModifyTime], [F_LastModifyUserId], [F_DeleteTime], [F_DeleteUserId]) VALUES (N'511700', N'510000', 2, N'511700', N'达州市', N'dzs', 511700, NULL, 1, NULL, CAST(0x0000A64900000000 AS DateTime), NULL, NULL, NULL, NULL, NULL)
INSERT [dbo].[Sys_Area] ([F_Id], [F_ParentId], [F_Layers], [F_EnCode], [F_FullName], [F_SimpleSpelling], [F_SortCode], [F_DeleteMark], [F_EnabledMark], [F_Description], [F_CreatorTime], [F_CreatorUserId], [F_LastModifyTime], [F_LastModifyUserId], [F_DeleteTime], [F_DeleteUserId]) VALUES (N'511800', N'510000', 2, N'511800', N'雅安市', N'yas', 511800, NULL, 1, NULL, CAST(0x0000A64900000000 AS DateTime), NULL, NULL, NULL, NULL, NULL)
INSERT [dbo].[Sys_Area] ([F_Id], [F_ParentId], [F_Layers], [F_EnCode], [F_FullName], [F_SimpleSpelling], [F_SortCode], [F_DeleteMark], [F_EnabledMark], [F_Description], [F_CreatorTime], [F_CreatorUserId], [F_LastModifyTime], [F_LastModifyUserId], [F_DeleteTime], [F_DeleteUserId]) VALUES (N'511900', N'510000', 2, N'511900', N'巴中市', N'bzs', 511900, NULL, 1, NULL, CAST(0x0000A64900000000 AS DateTime), NULL, NULL, NULL, NULL, NULL)
INSERT [dbo].[Sys_Area] ([F_Id], [F_ParentId], [F_Layers], [F_EnCode], [F_FullName], [F_SimpleSpelling], [F_SortCode], [F_DeleteMark], [F_EnabledMark], [F_Description], [F_CreatorTime], [F_CreatorUserId], [F_LastModifyTime], [F_LastModifyUserId], [F_DeleteTime], [F_DeleteUserId]) VALUES (N'512000', N'510000', 2, N'512000', N'资阳市', N'zys', 512000, NULL, 1, NULL, CAST(0x0000A64900000000 AS DateTime), NULL, NULL, NULL, NULL, NULL)
INSERT [dbo].[Sys_Area] ([F_Id], [F_ParentId], [F_Layers], [F_EnCode], [F_FullName], [F_SimpleSpelling], [F_SortCode], [F_DeleteMark], [F_EnabledMark], [F_Description], [F_CreatorTime], [F_CreatorUserId], [F_LastModifyTime], [F_LastModifyUserId], [F_DeleteTime], [F_DeleteUserId]) VALUES (N'513200', N'510000', 2, N'513200', N'阿坝藏族羌族自治州', N'abzzqzzzz', 513200, NULL, 1, NULL, CAST(0x0000A64900000000 AS DateTime), NULL, NULL, NULL, NULL, NULL)
INSERT [dbo].[Sys_Area] ([F_Id], [F_ParentId], [F_Layers], [F_EnCode], [F_FullName], [F_SimpleSpelling], [F_SortCode], [F_DeleteMark], [F_EnabledMark], [F_Description], [F_CreatorTime], [F_CreatorUserId], [F_LastModifyTime], [F_LastModifyUserId], [F_DeleteTime], [F_DeleteUserId]) VALUES (N'513300', N'510000', 2, N'513300', N'甘孜藏族自治州', N'gzzzzzz', 513300, NULL, 1, NULL, CAST(0x0000A64900000000 AS DateTime), NULL, NULL, NULL, NULL, NULL)
INSERT [dbo].[Sys_Area] ([F_Id], [F_ParentId], [F_Layers], [F_EnCode], [F_FullName], [F_SimpleSpelling], [F_SortCode], [F_DeleteMark], [F_EnabledMark], [F_Description], [F_CreatorTime], [F_CreatorUserId], [F_LastModifyTime], [F_LastModifyUserId], [F_DeleteTime], [F_DeleteUserId]) VALUES (N'513400', N'510000', 2, N'513400', N'凉山彝族自治州', N'lsyzzzz', 513400, NULL, 1, NULL, CAST(0x0000A64900000000 AS DateTime), NULL, NULL, NULL, NULL, NULL)
INSERT [dbo].[Sys_Area] ([F_Id], [F_ParentId], [F_Layers], [F_EnCode], [F_FullName], [F_SimpleSpelling], [F_SortCode], [F_DeleteMark], [F_EnabledMark], [F_Description], [F_CreatorTime], [F_CreatorUserId], [F_LastModifyTime], [F_LastModifyUserId], [F_DeleteTime], [F_DeleteUserId]) VALUES (N'520100', N'520000', 2, N'520100', N'贵阳市', N'gys', 520100, NULL, 1, NULL, CAST(0x0000A64900000000 AS DateTime), NULL, NULL, NULL, NULL, NULL)
INSERT [dbo].[Sys_Area] ([F_Id], [F_ParentId], [F_Layers], [F_EnCode], [F_FullName], [F_SimpleSpelling], [F_SortCode], [F_DeleteMark], [F_EnabledMark], [F_Description], [F_CreatorTime], [F_CreatorUserId], [F_LastModifyTime], [F_LastModifyUserId], [F_DeleteTime], [F_DeleteUserId]) VALUES (N'520200', N'520000', 2, N'520200', N'六盘水市', N'lpss', 520200, NULL, 1, NULL, CAST(0x0000A64900000000 AS DateTime), NULL, NULL, NULL, NULL, NULL)
INSERT [dbo].[Sys_Area] ([F_Id], [F_ParentId], [F_Layers], [F_EnCode], [F_FullName], [F_SimpleSpelling], [F_SortCode], [F_DeleteMark], [F_EnabledMark], [F_Description], [F_CreatorTime], [F_CreatorUserId], [F_LastModifyTime], [F_LastModifyUserId], [F_DeleteTime], [F_DeleteUserId]) VALUES (N'520300', N'520000', 2, N'520300', N'遵义市', N'zys', 520300, NULL, 1, NULL, CAST(0x0000A64900000000 AS DateTime), NULL, NULL, NULL, NULL, NULL)
INSERT [dbo].[Sys_Area] ([F_Id], [F_ParentId], [F_Layers], [F_EnCode], [F_FullName], [F_SimpleSpelling], [F_SortCode], [F_DeleteMark], [F_EnabledMark], [F_Description], [F_CreatorTime], [F_CreatorUserId], [F_LastModifyTime], [F_LastModifyUserId], [F_DeleteTime], [F_DeleteUserId]) VALUES (N'520400', N'520000', 2, N'520400', N'安顺市', N'ass', 520400, NULL, 1, NULL, CAST(0x0000A64900000000 AS DateTime), NULL, NULL, NULL, NULL, NULL)
INSERT [dbo].[Sys_Area] ([F_Id], [F_ParentId], [F_Layers], [F_EnCode], [F_FullName], [F_SimpleSpelling], [F_SortCode], [F_DeleteMark], [F_EnabledMark], [F_Description], [F_CreatorTime], [F_CreatorUserId], [F_LastModifyTime], [F_LastModifyUserId], [F_DeleteTime], [F_DeleteUserId]) VALUES (N'522200', N'520000', 2, N'522200', N'铜仁市', N'trs', 522200, NULL, 1, NULL, CAST(0x0000A64900000000 AS DateTime), NULL, NULL, NULL, NULL, NULL)
INSERT [dbo].[Sys_Area] ([F_Id], [F_ParentId], [F_Layers], [F_EnCode], [F_FullName], [F_SimpleSpelling], [F_SortCode], [F_DeleteMark], [F_EnabledMark], [F_Description], [F_CreatorTime], [F_CreatorUserId], [F_LastModifyTime], [F_LastModifyUserId], [F_DeleteTime], [F_DeleteUserId]) VALUES (N'522300', N'520000', 2, N'522300', N'黔西南布依族苗族自治州', N'qxnbyzmzzzz', 522300, NULL, 1, NULL, CAST(0x0000A64900000000 AS DateTime), NULL, NULL, NULL, NULL, NULL)
INSERT [dbo].[Sys_Area] ([F_Id], [F_ParentId], [F_Layers], [F_EnCode], [F_FullName], [F_SimpleSpelling], [F_SortCode], [F_DeleteMark], [F_EnabledMark], [F_Description], [F_CreatorTime], [F_CreatorUserId], [F_LastModifyTime], [F_LastModifyUserId], [F_DeleteTime], [F_DeleteUserId]) VALUES (N'522400', N'520000', 2, N'522400', N'毕节市', N'bjs', 522400, NULL, 1, NULL, CAST(0x0000A64900000000 AS DateTime), NULL, NULL, NULL, NULL, NULL)
INSERT [dbo].[Sys_Area] ([F_Id], [F_ParentId], [F_Layers], [F_EnCode], [F_FullName], [F_SimpleSpelling], [F_SortCode], [F_DeleteMark], [F_EnabledMark], [F_Description], [F_CreatorTime], [F_CreatorUserId], [F_LastModifyTime], [F_LastModifyUserId], [F_DeleteTime], [F_DeleteUserId]) VALUES (N'522600', N'520000', 2, N'522600', N'黔东南苗族侗族自治州', N'qdnmztzzzz', 522600, NULL, 1, NULL, CAST(0x0000A64900000000 AS DateTime), NULL, NULL, NULL, NULL, NULL)
INSERT [dbo].[Sys_Area] ([F_Id], [F_ParentId], [F_Layers], [F_EnCode], [F_FullName], [F_SimpleSpelling], [F_SortCode], [F_DeleteMark], [F_EnabledMark], [F_Description], [F_CreatorTime], [F_CreatorUserId], [F_LastModifyTime], [F_LastModifyUserId], [F_DeleteTime], [F_DeleteUserId]) VALUES (N'522700', N'520000', 2, N'522700', N'黔南布依族苗族自治州', N'qnbyzmzzzz', 522700, NULL, 1, NULL, CAST(0x0000A64900000000 AS DateTime), NULL, NULL, NULL, NULL, NULL)
INSERT [dbo].[Sys_Area] ([F_Id], [F_ParentId], [F_Layers], [F_EnCode], [F_FullName], [F_SimpleSpelling], [F_SortCode], [F_DeleteMark], [F_EnabledMark], [F_Description], [F_CreatorTime], [F_CreatorUserId], [F_LastModifyTime], [F_LastModifyUserId], [F_DeleteTime], [F_DeleteUserId]) VALUES (N'530100', N'530000', 2, N'530100', N'昆明市', N'kms', 530100, NULL, 1, NULL, CAST(0x0000A64900000000 AS DateTime), NULL, NULL, NULL, NULL, NULL)
INSERT [dbo].[Sys_Area] ([F_Id], [F_ParentId], [F_Layers], [F_EnCode], [F_FullName], [F_SimpleSpelling], [F_SortCode], [F_DeleteMark], [F_EnabledMark], [F_Description], [F_CreatorTime], [F_CreatorUserId], [F_LastModifyTime], [F_LastModifyUserId], [F_DeleteTime], [F_DeleteUserId]) VALUES (N'530300', N'530000', 2, N'530300', N'曲靖市', N'qjs', 530300, NULL, 1, NULL, CAST(0x0000A64900000000 AS DateTime), NULL, NULL, NULL, NULL, NULL)
INSERT [dbo].[Sys_Area] ([F_Id], [F_ParentId], [F_Layers], [F_EnCode], [F_FullName], [F_SimpleSpelling], [F_SortCode], [F_DeleteMark], [F_EnabledMark], [F_Description], [F_CreatorTime], [F_CreatorUserId], [F_LastModifyTime], [F_LastModifyUserId], [F_DeleteTime], [F_DeleteUserId]) VALUES (N'530400', N'530000', 2, N'530400', N'玉溪市', N'yxs', 530400, NULL, 1, NULL, CAST(0x0000A64900000000 AS DateTime), NULL, NULL, NULL, NULL, NULL)
INSERT [dbo].[Sys_Area] ([F_Id], [F_ParentId], [F_Layers], [F_EnCode], [F_FullName], [F_SimpleSpelling], [F_SortCode], [F_DeleteMark], [F_EnabledMark], [F_Description], [F_CreatorTime], [F_CreatorUserId], [F_LastModifyTime], [F_LastModifyUserId], [F_DeleteTime], [F_DeleteUserId]) VALUES (N'530500', N'530000', 2, N'530500', N'保山市', N'bss', 530500, NULL, 1, NULL, CAST(0x0000A64900000000 AS DateTime), NULL, NULL, NULL, NULL, NULL)
INSERT [dbo].[Sys_Area] ([F_Id], [F_ParentId], [F_Layers], [F_EnCode], [F_FullName], [F_SimpleSpelling], [F_SortCode], [F_DeleteMark], [F_EnabledMark], [F_Description], [F_CreatorTime], [F_CreatorUserId], [F_LastModifyTime], [F_LastModifyUserId], [F_DeleteTime], [F_DeleteUserId]) VALUES (N'530600', N'530000', 2, N'530600', N'昭通市', N'zts', 530600, NULL, 1, NULL, CAST(0x0000A64900000000 AS DateTime), NULL, NULL, NULL, NULL, NULL)
INSERT [dbo].[Sys_Area] ([F_Id], [F_ParentId], [F_Layers], [F_EnCode], [F_FullName], [F_SimpleSpelling], [F_SortCode], [F_DeleteMark], [F_EnabledMark], [F_Description], [F_CreatorTime], [F_CreatorUserId], [F_LastModifyTime], [F_LastModifyUserId], [F_DeleteTime], [F_DeleteUserId]) VALUES (N'530700', N'530000', 2, N'530700', N'丽江市', N'ljs', 530700, NULL, 1, NULL, CAST(0x0000A64900000000 AS DateTime), NULL, NULL, NULL, NULL, NULL)
INSERT [dbo].[Sys_Area] ([F_Id], [F_ParentId], [F_Layers], [F_EnCode], [F_FullName], [F_SimpleSpelling], [F_SortCode], [F_DeleteMark], [F_EnabledMark], [F_Description], [F_CreatorTime], [F_CreatorUserId], [F_LastModifyTime], [F_LastModifyUserId], [F_DeleteTime], [F_DeleteUserId]) VALUES (N'530800', N'530000', 2, N'530800', N'普洱市', N'pes', 530800, NULL, 1, NULL, CAST(0x0000A64900000000 AS DateTime), NULL, NULL, NULL, NULL, NULL)
INSERT [dbo].[Sys_Area] ([F_Id], [F_ParentId], [F_Layers], [F_EnCode], [F_FullName], [F_SimpleSpelling], [F_SortCode], [F_DeleteMark], [F_EnabledMark], [F_Description], [F_CreatorTime], [F_CreatorUserId], [F_LastModifyTime], [F_LastModifyUserId], [F_DeleteTime], [F_DeleteUserId]) VALUES (N'530900', N'530000', 2, N'530900', N'临沧市', N'lcs', 530900, NULL, 1, NULL, CAST(0x0000A64900000000 AS DateTime), NULL, NULL, NULL, NULL, NULL)
INSERT [dbo].[Sys_Area] ([F_Id], [F_ParentId], [F_Layers], [F_EnCode], [F_FullName], [F_SimpleSpelling], [F_SortCode], [F_DeleteMark], [F_EnabledMark], [F_Description], [F_CreatorTime], [F_CreatorUserId], [F_LastModifyTime], [F_LastModifyUserId], [F_DeleteTime], [F_DeleteUserId]) VALUES (N'532300', N'530000', 2, N'532300', N'楚雄彝族自治州', N'cxyzzzz', 532300, NULL, 1, NULL, CAST(0x0000A64900000000 AS DateTime), NULL, NULL, NULL, NULL, NULL)
INSERT [dbo].[Sys_Area] ([F_Id], [F_ParentId], [F_Layers], [F_EnCode], [F_FullName], [F_SimpleSpelling], [F_SortCode], [F_DeleteMark], [F_EnabledMark], [F_Description], [F_CreatorTime], [F_CreatorUserId], [F_LastModifyTime], [F_LastModifyUserId], [F_DeleteTime], [F_DeleteUserId]) VALUES (N'532500', N'530000', 2, N'532500', N'红河哈尼族彝族自治州', N'hhhnzyzzzz', 532500, NULL, 1, NULL, CAST(0x0000A64900000000 AS DateTime), NULL, NULL, NULL, NULL, NULL)
INSERT [dbo].[Sys_Area] ([F_Id], [F_ParentId], [F_Layers], [F_EnCode], [F_FullName], [F_SimpleSpelling], [F_SortCode], [F_DeleteMark], [F_EnabledMark], [F_Description], [F_CreatorTime], [F_CreatorUserId], [F_LastModifyTime], [F_LastModifyUserId], [F_DeleteTime], [F_DeleteUserId]) VALUES (N'532600', N'530000', 2, N'532600', N'文山壮族苗族自治州', N'wszzmzzzz', 532600, NULL, 1, NULL, CAST(0x0000A64900000000 AS DateTime), NULL, NULL, NULL, NULL, NULL)
INSERT [dbo].[Sys_Area] ([F_Id], [F_ParentId], [F_Layers], [F_EnCode], [F_FullName], [F_SimpleSpelling], [F_SortCode], [F_DeleteMark], [F_EnabledMark], [F_Description], [F_CreatorTime], [F_CreatorUserId], [F_LastModifyTime], [F_LastModifyUserId], [F_DeleteTime], [F_DeleteUserId]) VALUES (N'532800', N'530000', 2, N'532800', N'西双版纳傣族自治州', N'xsbndzzzz', 532800, NULL, 1, NULL, CAST(0x0000A64900000000 AS DateTime), NULL, NULL, NULL, NULL, NULL)
INSERT [dbo].[Sys_Area] ([F_Id], [F_ParentId], [F_Layers], [F_EnCode], [F_FullName], [F_SimpleSpelling], [F_SortCode], [F_DeleteMark], [F_EnabledMark], [F_Description], [F_CreatorTime], [F_CreatorUserId], [F_LastModifyTime], [F_LastModifyUserId], [F_DeleteTime], [F_DeleteUserId]) VALUES (N'532900', N'530000', 2, N'532900', N'大理白族自治州', N'dlbzzzz', 532900, NULL, 1, NULL, CAST(0x0000A64900000000 AS DateTime), NULL, NULL, NULL, NULL, NULL)
INSERT [dbo].[Sys_Area] ([F_Id], [F_ParentId], [F_Layers], [F_EnCode], [F_FullName], [F_SimpleSpelling], [F_SortCode], [F_DeleteMark], [F_EnabledMark], [F_Description], [F_CreatorTime], [F_CreatorUserId], [F_LastModifyTime], [F_LastModifyUserId], [F_DeleteTime], [F_DeleteUserId]) VALUES (N'533100', N'530000', 2, N'533100', N'德宏傣族景颇族自治州', N'dhdzjpzzzz', 533100, NULL, 1, NULL, CAST(0x0000A64900000000 AS DateTime), NULL, NULL, NULL, NULL, NULL)
INSERT [dbo].[Sys_Area] ([F_Id], [F_ParentId], [F_Layers], [F_EnCode], [F_FullName], [F_SimpleSpelling], [F_SortCode], [F_DeleteMark], [F_EnabledMark], [F_Description], [F_CreatorTime], [F_CreatorUserId], [F_LastModifyTime], [F_LastModifyUserId], [F_DeleteTime], [F_DeleteUserId]) VALUES (N'533300', N'530000', 2, N'533300', N'怒江傈僳族自治州', N'njlszzzz', 533300, NULL, 1, NULL, CAST(0x0000A64900000000 AS DateTime), NULL, NULL, NULL, NULL, NULL)
INSERT [dbo].[Sys_Area] ([F_Id], [F_ParentId], [F_Layers], [F_EnCode], [F_FullName], [F_SimpleSpelling], [F_SortCode], [F_DeleteMark], [F_EnabledMark], [F_Description], [F_CreatorTime], [F_CreatorUserId], [F_LastModifyTime], [F_LastModifyUserId], [F_DeleteTime], [F_DeleteUserId]) VALUES (N'533400', N'530000', 2, N'533400', N'迪庆藏族自治州', N'dqzzzzz', 533400, NULL, 1, NULL, CAST(0x0000A64900000000 AS DateTime), NULL, NULL, NULL, NULL, NULL)
INSERT [dbo].[Sys_Area] ([F_Id], [F_ParentId], [F_Layers], [F_EnCode], [F_FullName], [F_SimpleSpelling], [F_SortCode], [F_DeleteMark], [F_EnabledMark], [F_Description], [F_CreatorTime], [F_CreatorUserId], [F_LastModifyTime], [F_LastModifyUserId], [F_DeleteTime], [F_DeleteUserId]) VALUES (N'540100', N'540000', 2, N'540100', N'拉萨市', N'lss', 540100, NULL, 1, NULL, CAST(0x0000A64900000000 AS DateTime), NULL, NULL, NULL, NULL, NULL)
INSERT [dbo].[Sys_Area] ([F_Id], [F_ParentId], [F_Layers], [F_EnCode], [F_FullName], [F_SimpleSpelling], [F_SortCode], [F_DeleteMark], [F_EnabledMark], [F_Description], [F_CreatorTime], [F_CreatorUserId], [F_LastModifyTime], [F_LastModifyUserId], [F_DeleteTime], [F_DeleteUserId]) VALUES (N'542100', N'540000', 2, N'542100', N'昌都地区', N'cddq', 542100, NULL, 1, NULL, CAST(0x0000A64900000000 AS DateTime), NULL, NULL, NULL, NULL, NULL)
INSERT [dbo].[Sys_Area] ([F_Id], [F_ParentId], [F_Layers], [F_EnCode], [F_FullName], [F_SimpleSpelling], [F_SortCode], [F_DeleteMark], [F_EnabledMark], [F_Description], [F_CreatorTime], [F_CreatorUserId], [F_LastModifyTime], [F_LastModifyUserId], [F_DeleteTime], [F_DeleteUserId]) VALUES (N'542200', N'540000', 2, N'542200', N'山南地区', N'sndq', 542200, NULL, 1, NULL, CAST(0x0000A64900000000 AS DateTime), NULL, NULL, NULL, NULL, NULL)
INSERT [dbo].[Sys_Area] ([F_Id], [F_ParentId], [F_Layers], [F_EnCode], [F_FullName], [F_SimpleSpelling], [F_SortCode], [F_DeleteMark], [F_EnabledMark], [F_Description], [F_CreatorTime], [F_CreatorUserId], [F_LastModifyTime], [F_LastModifyUserId], [F_DeleteTime], [F_DeleteUserId]) VALUES (N'542300', N'540000', 2, N'542300', N'日喀则地区', N'rkzdq', 542300, NULL, 1, NULL, CAST(0x0000A64900000000 AS DateTime), NULL, NULL, NULL, NULL, NULL)
INSERT [dbo].[Sys_Area] ([F_Id], [F_ParentId], [F_Layers], [F_EnCode], [F_FullName], [F_SimpleSpelling], [F_SortCode], [F_DeleteMark], [F_EnabledMark], [F_Description], [F_CreatorTime], [F_CreatorUserId], [F_LastModifyTime], [F_LastModifyUserId], [F_DeleteTime], [F_DeleteUserId]) VALUES (N'542400', N'540000', 2, N'542400', N'那曲地区', N'nqdq', 542400, NULL, 1, NULL, CAST(0x0000A64900000000 AS DateTime), NULL, NULL, NULL, NULL, NULL)
INSERT [dbo].[Sys_Area] ([F_Id], [F_ParentId], [F_Layers], [F_EnCode], [F_FullName], [F_SimpleSpelling], [F_SortCode], [F_DeleteMark], [F_EnabledMark], [F_Description], [F_CreatorTime], [F_CreatorUserId], [F_LastModifyTime], [F_LastModifyUserId], [F_DeleteTime], [F_DeleteUserId]) VALUES (N'542500', N'540000', 2, N'542500', N'阿里地区', N'aldq', 542500, NULL, 1, NULL, CAST(0x0000A64900000000 AS DateTime), NULL, NULL, NULL, NULL, NULL)
INSERT [dbo].[Sys_Area] ([F_Id], [F_ParentId], [F_Layers], [F_EnCode], [F_FullName], [F_SimpleSpelling], [F_SortCode], [F_DeleteMark], [F_EnabledMark], [F_Description], [F_CreatorTime], [F_CreatorUserId], [F_LastModifyTime], [F_LastModifyUserId], [F_DeleteTime], [F_DeleteUserId]) VALUES (N'542600', N'540000', 2, N'542600', N'林芝地区', N'lzdq', 542600, NULL, 1, NULL, CAST(0x0000A64900000000 AS DateTime), NULL, NULL, NULL, NULL, NULL)
INSERT [dbo].[Sys_Area] ([F_Id], [F_ParentId], [F_Layers], [F_EnCode], [F_FullName], [F_SimpleSpelling], [F_SortCode], [F_DeleteMark], [F_EnabledMark], [F_Description], [F_CreatorTime], [F_CreatorUserId], [F_LastModifyTime], [F_LastModifyUserId], [F_DeleteTime], [F_DeleteUserId]) VALUES (N'610100', N'610000', 2, N'610100', N'西安市', N'xas', 610100, NULL, 1, NULL, CAST(0x0000A64900000000 AS DateTime), NULL, NULL, NULL, NULL, NULL)
INSERT [dbo].[Sys_Area] ([F_Id], [F_ParentId], [F_Layers], [F_EnCode], [F_FullName], [F_SimpleSpelling], [F_SortCode], [F_DeleteMark], [F_EnabledMark], [F_Description], [F_CreatorTime], [F_CreatorUserId], [F_LastModifyTime], [F_LastModifyUserId], [F_DeleteTime], [F_DeleteUserId]) VALUES (N'610200', N'610000', 2, N'610200', N'铜川市', N'tcs', 610200, NULL, 1, NULL, CAST(0x0000A64900000000 AS DateTime), NULL, NULL, NULL, NULL, NULL)
INSERT [dbo].[Sys_Area] ([F_Id], [F_ParentId], [F_Layers], [F_EnCode], [F_FullName], [F_SimpleSpelling], [F_SortCode], [F_DeleteMark], [F_EnabledMark], [F_Description], [F_CreatorTime], [F_CreatorUserId], [F_LastModifyTime], [F_LastModifyUserId], [F_DeleteTime], [F_DeleteUserId]) VALUES (N'610300', N'610000', 2, N'610300', N'宝鸡市', N'bjs', 610300, NULL, 1, NULL, CAST(0x0000A64900000000 AS DateTime), NULL, NULL, NULL, NULL, NULL)
INSERT [dbo].[Sys_Area] ([F_Id], [F_ParentId], [F_Layers], [F_EnCode], [F_FullName], [F_SimpleSpelling], [F_SortCode], [F_DeleteMark], [F_EnabledMark], [F_Description], [F_CreatorTime], [F_CreatorUserId], [F_LastModifyTime], [F_LastModifyUserId], [F_DeleteTime], [F_DeleteUserId]) VALUES (N'610400', N'610000', 2, N'610400', N'咸阳市', N'xys', 610400, NULL, 1, NULL, CAST(0x0000A64900000000 AS DateTime), NULL, NULL, NULL, NULL, NULL)
INSERT [dbo].[Sys_Area] ([F_Id], [F_ParentId], [F_Layers], [F_EnCode], [F_FullName], [F_SimpleSpelling], [F_SortCode], [F_DeleteMark], [F_EnabledMark], [F_Description], [F_CreatorTime], [F_CreatorUserId], [F_LastModifyTime], [F_LastModifyUserId], [F_DeleteTime], [F_DeleteUserId]) VALUES (N'610500', N'610000', 2, N'610500', N'渭南市', N'wns', 610500, NULL, 1, NULL, CAST(0x0000A64900000000 AS DateTime), NULL, NULL, NULL, NULL, NULL)
INSERT [dbo].[Sys_Area] ([F_Id], [F_ParentId], [F_Layers], [F_EnCode], [F_FullName], [F_SimpleSpelling], [F_SortCode], [F_DeleteMark], [F_EnabledMark], [F_Description], [F_CreatorTime], [F_CreatorUserId], [F_LastModifyTime], [F_LastModifyUserId], [F_DeleteTime], [F_DeleteUserId]) VALUES (N'610600', N'610000', 2, N'610600', N'延安市', N'yas', 610600, NULL, 1, NULL, CAST(0x0000A64900000000 AS DateTime), NULL, NULL, NULL, NULL, NULL)
INSERT [dbo].[Sys_Area] ([F_Id], [F_ParentId], [F_Layers], [F_EnCode], [F_FullName], [F_SimpleSpelling], [F_SortCode], [F_DeleteMark], [F_EnabledMark], [F_Description], [F_CreatorTime], [F_CreatorUserId], [F_LastModifyTime], [F_LastModifyUserId], [F_DeleteTime], [F_DeleteUserId]) VALUES (N'610700', N'610000', 2, N'610700', N'汉中市', N'hzs', 610700, NULL, 1, NULL, CAST(0x0000A64900000000 AS DateTime), NULL, NULL, NULL, NULL, NULL)
INSERT [dbo].[Sys_Area] ([F_Id], [F_ParentId], [F_Layers], [F_EnCode], [F_FullName], [F_SimpleSpelling], [F_SortCode], [F_DeleteMark], [F_EnabledMark], [F_Description], [F_CreatorTime], [F_CreatorUserId], [F_LastModifyTime], [F_LastModifyUserId], [F_DeleteTime], [F_DeleteUserId]) VALUES (N'610800', N'610000', 2, N'610800', N'榆林市', N'yls', 610800, NULL, 1, NULL, CAST(0x0000A64900000000 AS DateTime), NULL, NULL, NULL, NULL, NULL)
INSERT [dbo].[Sys_Area] ([F_Id], [F_ParentId], [F_Layers], [F_EnCode], [F_FullName], [F_SimpleSpelling], [F_SortCode], [F_DeleteMark], [F_EnabledMark], [F_Description], [F_CreatorTime], [F_CreatorUserId], [F_LastModifyTime], [F_LastModifyUserId], [F_DeleteTime], [F_DeleteUserId]) VALUES (N'610900', N'610000', 2, N'610900', N'安康市', N'aks', 610900, NULL, 1, NULL, CAST(0x0000A64900000000 AS DateTime), NULL, NULL, NULL, NULL, NULL)
INSERT [dbo].[Sys_Area] ([F_Id], [F_ParentId], [F_Layers], [F_EnCode], [F_FullName], [F_SimpleSpelling], [F_SortCode], [F_DeleteMark], [F_EnabledMark], [F_Description], [F_CreatorTime], [F_CreatorUserId], [F_LastModifyTime], [F_LastModifyUserId], [F_DeleteTime], [F_DeleteUserId]) VALUES (N'611000', N'610000', 2, N'611000', N'商洛市', N'sls', 611000, NULL, 1, NULL, CAST(0x0000A64900000000 AS DateTime), NULL, NULL, NULL, NULL, NULL)
INSERT [dbo].[Sys_Area] ([F_Id], [F_ParentId], [F_Layers], [F_EnCode], [F_FullName], [F_SimpleSpelling], [F_SortCode], [F_DeleteMark], [F_EnabledMark], [F_Description], [F_CreatorTime], [F_CreatorUserId], [F_LastModifyTime], [F_LastModifyUserId], [F_DeleteTime], [F_DeleteUserId]) VALUES (N'620100', N'620000', 2, N'620100', N'兰州市', N'lzs', 620100, NULL, 1, NULL, CAST(0x0000A64900000000 AS DateTime), NULL, NULL, NULL, NULL, NULL)
INSERT [dbo].[Sys_Area] ([F_Id], [F_ParentId], [F_Layers], [F_EnCode], [F_FullName], [F_SimpleSpelling], [F_SortCode], [F_DeleteMark], [F_EnabledMark], [F_Description], [F_CreatorTime], [F_CreatorUserId], [F_LastModifyTime], [F_LastModifyUserId], [F_DeleteTime], [F_DeleteUserId]) VALUES (N'620200', N'620000', 2, N'620200', N'嘉峪关市', N'jygs', 620200, NULL, 1, NULL, CAST(0x0000A64900000000 AS DateTime), NULL, NULL, NULL, NULL, NULL)
INSERT [dbo].[Sys_Area] ([F_Id], [F_ParentId], [F_Layers], [F_EnCode], [F_FullName], [F_SimpleSpelling], [F_SortCode], [F_DeleteMark], [F_EnabledMark], [F_Description], [F_CreatorTime], [F_CreatorUserId], [F_LastModifyTime], [F_LastModifyUserId], [F_DeleteTime], [F_DeleteUserId]) VALUES (N'620300', N'620000', 2, N'620300', N'金昌市', N'jcs', 620300, NULL, 1, NULL, CAST(0x0000A64900000000 AS DateTime), NULL, NULL, NULL, NULL, NULL)
INSERT [dbo].[Sys_Area] ([F_Id], [F_ParentId], [F_Layers], [F_EnCode], [F_FullName], [F_SimpleSpelling], [F_SortCode], [F_DeleteMark], [F_EnabledMark], [F_Description], [F_CreatorTime], [F_CreatorUserId], [F_LastModifyTime], [F_LastModifyUserId], [F_DeleteTime], [F_DeleteUserId]) VALUES (N'620400', N'620000', 2, N'620400', N'白银市', N'bys', 620400, NULL, 1, NULL, CAST(0x0000A64900000000 AS DateTime), NULL, NULL, NULL, NULL, NULL)
INSERT [dbo].[Sys_Area] ([F_Id], [F_ParentId], [F_Layers], [F_EnCode], [F_FullName], [F_SimpleSpelling], [F_SortCode], [F_DeleteMark], [F_EnabledMark], [F_Description], [F_CreatorTime], [F_CreatorUserId], [F_LastModifyTime], [F_LastModifyUserId], [F_DeleteTime], [F_DeleteUserId]) VALUES (N'620500', N'620000', 2, N'620500', N'天水市', N'tss', 620500, NULL, 1, NULL, CAST(0x0000A64900000000 AS DateTime), NULL, NULL, NULL, NULL, NULL)
INSERT [dbo].[Sys_Area] ([F_Id], [F_ParentId], [F_Layers], [F_EnCode], [F_FullName], [F_SimpleSpelling], [F_SortCode], [F_DeleteMark], [F_EnabledMark], [F_Description], [F_CreatorTime], [F_CreatorUserId], [F_LastModifyTime], [F_LastModifyUserId], [F_DeleteTime], [F_DeleteUserId]) VALUES (N'110000', N'0', 1, N'110000', N'北京', N'bj', 110000, NULL, 1, NULL, CAST(0x0000A64900000000 AS DateTime), NULL, NULL, NULL, NULL, NULL)
INSERT [dbo].[Sys_Area] ([F_Id], [F_ParentId], [F_Layers], [F_EnCode], [F_FullName], [F_SimpleSpelling], [F_SortCode], [F_DeleteMark], [F_EnabledMark], [F_Description], [F_CreatorTime], [F_CreatorUserId], [F_LastModifyTime], [F_LastModifyUserId], [F_DeleteTime], [F_DeleteUserId]) VALUES (N'120000', N'0', 1, N'120000', N'天津', N'tj', 120000, NULL, 1, NULL, CAST(0x0000A64900000000 AS DateTime), NULL, NULL, NULL, NULL, NULL)
INSERT [dbo].[Sys_Area] ([F_Id], [F_ParentId], [F_Layers], [F_EnCode], [F_FullName], [F_SimpleSpelling], [F_SortCode], [F_DeleteMark], [F_EnabledMark], [F_Description], [F_CreatorTime], [F_CreatorUserId], [F_LastModifyTime], [F_LastModifyUserId], [F_DeleteTime], [F_DeleteUserId]) VALUES (N'130000', N'0', 1, N'130000', N'河北省', N'hbs', 130000, NULL, 1, NULL, CAST(0x0000A64900000000 AS DateTime), NULL, NULL, NULL, NULL, NULL)
INSERT [dbo].[Sys_Area] ([F_Id], [F_ParentId], [F_Layers], [F_EnCode], [F_FullName], [F_SimpleSpelling], [F_SortCode], [F_DeleteMark], [F_EnabledMark], [F_Description], [F_CreatorTime], [F_CreatorUserId], [F_LastModifyTime], [F_LastModifyUserId], [F_DeleteTime], [F_DeleteUserId]) VALUES (N'140000', N'0', 1, N'140000', N'山西省', N'sxs', 140000, NULL, 1, NULL, CAST(0x0000A64900000000 AS DateTime), NULL, NULL, NULL, NULL, NULL)
INSERT [dbo].[Sys_Area] ([F_Id], [F_ParentId], [F_Layers], [F_EnCode], [F_FullName], [F_SimpleSpelling], [F_SortCode], [F_DeleteMark], [F_EnabledMark], [F_Description], [F_CreatorTime], [F_CreatorUserId], [F_LastModifyTime], [F_LastModifyUserId], [F_DeleteTime], [F_DeleteUserId]) VALUES (N'150000', N'0', 1, N'150000', N'内蒙古自治区', N'nmgzzq', 150000, NULL, 1, NULL, CAST(0x0000A64900000000 AS DateTime), NULL, NULL, NULL, NULL, NULL)
INSERT [dbo].[Sys_Area] ([F_Id], [F_ParentId], [F_Layers], [F_EnCode], [F_FullName], [F_SimpleSpelling], [F_SortCode], [F_DeleteMark], [F_EnabledMark], [F_Description], [F_CreatorTime], [F_CreatorUserId], [F_LastModifyTime], [F_LastModifyUserId], [F_DeleteTime], [F_DeleteUserId]) VALUES (N'210000', N'0', 1, N'210000', N'辽宁省', N'lns', 210000, NULL, 1, NULL, CAST(0x0000A64900000000 AS DateTime), NULL, NULL, NULL, NULL, NULL)
INSERT [dbo].[Sys_Area] ([F_Id], [F_ParentId], [F_Layers], [F_EnCode], [F_FullName], [F_SimpleSpelling], [F_SortCode], [F_DeleteMark], [F_EnabledMark], [F_Description], [F_CreatorTime], [F_CreatorUserId], [F_LastModifyTime], [F_LastModifyUserId], [F_DeleteTime], [F_DeleteUserId]) VALUES (N'220000', N'0', 1, N'220000', N'吉林省', N'jls', 220000, NULL, 1, NULL, CAST(0x0000A64900000000 AS DateTime), NULL, NULL, NULL, NULL, NULL)
INSERT [dbo].[Sys_Area] ([F_Id], [F_ParentId], [F_Layers], [F_EnCode], [F_FullName], [F_SimpleSpelling], [F_SortCode], [F_DeleteMark], [F_EnabledMark], [F_Description], [F_CreatorTime], [F_CreatorUserId], [F_LastModifyTime], [F_LastModifyUserId], [F_DeleteTime], [F_DeleteUserId]) VALUES (N'230000', N'0', 1, N'230000', N'黑龙江省', N'hljs', 230000, NULL, 1, NULL, CAST(0x0000A64900000000 AS DateTime), NULL, NULL, NULL, NULL, NULL)
INSERT [dbo].[Sys_Area] ([F_Id], [F_ParentId], [F_Layers], [F_EnCode], [F_FullName], [F_SimpleSpelling], [F_SortCode], [F_DeleteMark], [F_EnabledMark], [F_Description], [F_CreatorTime], [F_CreatorUserId], [F_LastModifyTime], [F_LastModifyUserId], [F_DeleteTime], [F_DeleteUserId]) VALUES (N'310000', N'0', 1, N'310000', N'上海', N'sh', 310000, NULL, 1, NULL, CAST(0x0000A64900000000 AS DateTime), NULL, NULL, NULL, NULL, NULL)
INSERT [dbo].[Sys_Area] ([F_Id], [F_ParentId], [F_Layers], [F_EnCode], [F_FullName], [F_SimpleSpelling], [F_SortCode], [F_DeleteMark], [F_EnabledMark], [F_Description], [F_CreatorTime], [F_CreatorUserId], [F_LastModifyTime], [F_LastModifyUserId], [F_DeleteTime], [F_DeleteUserId]) VALUES (N'320000', N'0', 1, N'320000', N'江苏省', N'jss', 320000, NULL, 1, NULL, CAST(0x0000A64900000000 AS DateTime), NULL, NULL, NULL, NULL, NULL)
GO
print 'Processed 300 total records'
INSERT [dbo].[Sys_Area] ([F_Id], [F_ParentId], [F_Layers], [F_EnCode], [F_FullName], [F_SimpleSpelling], [F_SortCode], [F_DeleteMark], [F_EnabledMark], [F_Description], [F_CreatorTime], [F_CreatorUserId], [F_LastModifyTime], [F_LastModifyUserId], [F_DeleteTime], [F_DeleteUserId]) VALUES (N'330000', N'0', 1, N'330000', N'浙江省', N'zjs', 330000, NULL, 1, NULL, CAST(0x0000A64900000000 AS DateTime), NULL, NULL, NULL, NULL, NULL)
INSERT [dbo].[Sys_Area] ([F_Id], [F_ParentId], [F_Layers], [F_EnCode], [F_FullName], [F_SimpleSpelling], [F_SortCode], [F_DeleteMark], [F_EnabledMark], [F_Description], [F_CreatorTime], [F_CreatorUserId], [F_LastModifyTime], [F_LastModifyUserId], [F_DeleteTime], [F_DeleteUserId]) VALUES (N'340000', N'0', 1, N'340000', N'安徽省', N'ahs', 340000, NULL, 1, NULL, CAST(0x0000A64900000000 AS DateTime), NULL, NULL, NULL, NULL, NULL)
INSERT [dbo].[Sys_Area] ([F_Id], [F_ParentId], [F_Layers], [F_EnCode], [F_FullName], [F_SimpleSpelling], [F_SortCode], [F_DeleteMark], [F_EnabledMark], [F_Description], [F_CreatorTime], [F_CreatorUserId], [F_LastModifyTime], [F_LastModifyUserId], [F_DeleteTime], [F_DeleteUserId]) VALUES (N'350000', N'0', 1, N'350000', N'福建省', N'fjs', 350000, NULL, 1, NULL, CAST(0x0000A64900000000 AS DateTime), NULL, NULL, NULL, NULL, NULL)
INSERT [dbo].[Sys_Area] ([F_Id], [F_ParentId], [F_Layers], [F_EnCode], [F_FullName], [F_SimpleSpelling], [F_SortCode], [F_DeleteMark], [F_EnabledMark], [F_Description], [F_CreatorTime], [F_CreatorUserId], [F_LastModifyTime], [F_LastModifyUserId], [F_DeleteTime], [F_DeleteUserId]) VALUES (N'360000', N'0', 1, N'360000', N'江西省', N'jxs', 360000, NULL, 1, NULL, CAST(0x0000A64900000000 AS DateTime), NULL, NULL, NULL, NULL, NULL)
INSERT [dbo].[Sys_Area] ([F_Id], [F_ParentId], [F_Layers], [F_EnCode], [F_FullName], [F_SimpleSpelling], [F_SortCode], [F_DeleteMark], [F_EnabledMark], [F_Description], [F_CreatorTime], [F_CreatorUserId], [F_LastModifyTime], [F_LastModifyUserId], [F_DeleteTime], [F_DeleteUserId]) VALUES (N'370000', N'0', 1, N'370000', N'山东省', N'sds', 370000, NULL, 1, NULL, CAST(0x0000A64900000000 AS DateTime), NULL, NULL, NULL, NULL, NULL)
INSERT [dbo].[Sys_Area] ([F_Id], [F_ParentId], [F_Layers], [F_EnCode], [F_FullName], [F_SimpleSpelling], [F_SortCode], [F_DeleteMark], [F_EnabledMark], [F_Description], [F_CreatorTime], [F_CreatorUserId], [F_LastModifyTime], [F_LastModifyUserId], [F_DeleteTime], [F_DeleteUserId]) VALUES (N'410000', N'0', 1, N'410000', N'河南省', N'hns', 410000, NULL, 1, NULL, CAST(0x0000A64900000000 AS DateTime), NULL, NULL, NULL, NULL, NULL)
INSERT [dbo].[Sys_Area] ([F_Id], [F_ParentId], [F_Layers], [F_EnCode], [F_FullName], [F_SimpleSpelling], [F_SortCode], [F_DeleteMark], [F_EnabledMark], [F_Description], [F_CreatorTime], [F_CreatorUserId], [F_LastModifyTime], [F_LastModifyUserId], [F_DeleteTime], [F_DeleteUserId]) VALUES (N'420000', N'0', 1, N'420000', N'湖北省', N'hbs', 420000, NULL, 1, NULL, CAST(0x0000A64900000000 AS DateTime), NULL, NULL, NULL, NULL, NULL)
INSERT [dbo].[Sys_Area] ([F_Id], [F_ParentId], [F_Layers], [F_EnCode], [F_FullName], [F_SimpleSpelling], [F_SortCode], [F_DeleteMark], [F_EnabledMark], [F_Description], [F_CreatorTime], [F_CreatorUserId], [F_LastModifyTime], [F_LastModifyUserId], [F_DeleteTime], [F_DeleteUserId]) VALUES (N'430000', N'0', 1, N'430000', N'湖南省', N'hns', 430000, NULL, 1, NULL, CAST(0x0000A64900000000 AS DateTime), NULL, NULL, NULL, NULL, NULL)
INSERT [dbo].[Sys_Area] ([F_Id], [F_ParentId], [F_Layers], [F_EnCode], [F_FullName], [F_SimpleSpelling], [F_SortCode], [F_DeleteMark], [F_EnabledMark], [F_Description], [F_CreatorTime], [F_CreatorUserId], [F_LastModifyTime], [F_LastModifyUserId], [F_DeleteTime], [F_DeleteUserId]) VALUES (N'440000', N'0', 1, N'440000', N'广东省', N'gds', 440000, NULL, 1, NULL, CAST(0x0000A64900000000 AS DateTime), NULL, NULL, NULL, NULL, NULL)
INSERT [dbo].[Sys_Area] ([F_Id], [F_ParentId], [F_Layers], [F_EnCode], [F_FullName], [F_SimpleSpelling], [F_SortCode], [F_DeleteMark], [F_EnabledMark], [F_Description], [F_CreatorTime], [F_CreatorUserId], [F_LastModifyTime], [F_LastModifyUserId], [F_DeleteTime], [F_DeleteUserId]) VALUES (N'450000', N'0', 1, N'450000', N'广西壮族自治区', N'gxzzzzq', 450000, NULL, 1, NULL, CAST(0x0000A64900000000 AS DateTime), NULL, NULL, NULL, NULL, NULL)
INSERT [dbo].[Sys_Area] ([F_Id], [F_ParentId], [F_Layers], [F_EnCode], [F_FullName], [F_SimpleSpelling], [F_SortCode], [F_DeleteMark], [F_EnabledMark], [F_Description], [F_CreatorTime], [F_CreatorUserId], [F_LastModifyTime], [F_LastModifyUserId], [F_DeleteTime], [F_DeleteUserId]) VALUES (N'460000', N'0', 1, N'460000', N'海南省', N'hns', 460000, NULL, 1, NULL, CAST(0x0000A64900000000 AS DateTime), NULL, NULL, NULL, NULL, NULL)
INSERT [dbo].[Sys_Area] ([F_Id], [F_ParentId], [F_Layers], [F_EnCode], [F_FullName], [F_SimpleSpelling], [F_SortCode], [F_DeleteMark], [F_EnabledMark], [F_Description], [F_CreatorTime], [F_CreatorUserId], [F_LastModifyTime], [F_LastModifyUserId], [F_DeleteTime], [F_DeleteUserId]) VALUES (N'500000', N'0', 1, N'500000', N'重庆', N'zq', 500000, NULL, 1, NULL, CAST(0x0000A64900000000 AS DateTime), NULL, NULL, NULL, NULL, NULL)
INSERT [dbo].[Sys_Area] ([F_Id], [F_ParentId], [F_Layers], [F_EnCode], [F_FullName], [F_SimpleSpelling], [F_SortCode], [F_DeleteMark], [F_EnabledMark], [F_Description], [F_CreatorTime], [F_CreatorUserId], [F_LastModifyTime], [F_LastModifyUserId], [F_DeleteTime], [F_DeleteUserId]) VALUES (N'510000', N'0', 1, N'510000', N'四川省', N'scs', 510000, NULL, 1, NULL, CAST(0x0000A64900000000 AS DateTime), NULL, NULL, NULL, NULL, NULL)
INSERT [dbo].[Sys_Area] ([F_Id], [F_ParentId], [F_Layers], [F_EnCode], [F_FullName], [F_SimpleSpelling], [F_SortCode], [F_DeleteMark], [F_EnabledMark], [F_Description], [F_CreatorTime], [F_CreatorUserId], [F_LastModifyTime], [F_LastModifyUserId], [F_DeleteTime], [F_DeleteUserId]) VALUES (N'520000', N'0', 1, N'520000', N'贵州省', N'gzs', 520000, NULL, 1, NULL, CAST(0x0000A64900000000 AS DateTime), NULL, NULL, NULL, NULL, NULL)
INSERT [dbo].[Sys_Area] ([F_Id], [F_ParentId], [F_Layers], [F_EnCode], [F_FullName], [F_SimpleSpelling], [F_SortCode], [F_DeleteMark], [F_EnabledMark], [F_Description], [F_CreatorTime], [F_CreatorUserId], [F_LastModifyTime], [F_LastModifyUserId], [F_DeleteTime], [F_DeleteUserId]) VALUES (N'530000', N'0', 1, N'530000', N'云南省', N'yns', 530000, NULL, 1, NULL, CAST(0x0000A64900000000 AS DateTime), NULL, NULL, NULL, NULL, NULL)
INSERT [dbo].[Sys_Area] ([F_Id], [F_ParentId], [F_Layers], [F_EnCode], [F_FullName], [F_SimpleSpelling], [F_SortCode], [F_DeleteMark], [F_EnabledMark], [F_Description], [F_CreatorTime], [F_CreatorUserId], [F_LastModifyTime], [F_LastModifyUserId], [F_DeleteTime], [F_DeleteUserId]) VALUES (N'540000', N'0', 1, N'540000', N'西藏自治区', N'xzzzq', 540000, NULL, 1, NULL, CAST(0x0000A64900000000 AS DateTime), NULL, NULL, NULL, NULL, NULL)
INSERT [dbo].[Sys_Area] ([F_Id], [F_ParentId], [F_Layers], [F_EnCode], [F_FullName], [F_SimpleSpelling], [F_SortCode], [F_DeleteMark], [F_EnabledMark], [F_Description], [F_CreatorTime], [F_CreatorUserId], [F_LastModifyTime], [F_LastModifyUserId], [F_DeleteTime], [F_DeleteUserId]) VALUES (N'610000', N'0', 1, N'610000', N'陕西省', N'sxs', 610000, NULL, 1, NULL, CAST(0x0000A64900000000 AS DateTime), NULL, NULL, NULL, NULL, NULL)
INSERT [dbo].[Sys_Area] ([F_Id], [F_ParentId], [F_Layers], [F_EnCode], [F_FullName], [F_SimpleSpelling], [F_SortCode], [F_DeleteMark], [F_EnabledMark], [F_Description], [F_CreatorTime], [F_CreatorUserId], [F_LastModifyTime], [F_LastModifyUserId], [F_DeleteTime], [F_DeleteUserId]) VALUES (N'620000', N'0', 1, N'620000', N'甘肃省', N'gss', 620000, NULL, 1, NULL, CAST(0x0000A64900000000 AS DateTime), NULL, NULL, NULL, NULL, NULL)
INSERT [dbo].[Sys_Area] ([F_Id], [F_ParentId], [F_Layers], [F_EnCode], [F_FullName], [F_SimpleSpelling], [F_SortCode], [F_DeleteMark], [F_EnabledMark], [F_Description], [F_CreatorTime], [F_CreatorUserId], [F_LastModifyTime], [F_LastModifyUserId], [F_DeleteTime], [F_DeleteUserId]) VALUES (N'630000', N'0', 1, N'630000', N'青海省', N'qhs', 630000, NULL, 1, NULL, CAST(0x0000A64900000000 AS DateTime), NULL, NULL, NULL, NULL, NULL)
INSERT [dbo].[Sys_Area] ([F_Id], [F_ParentId], [F_Layers], [F_EnCode], [F_FullName], [F_SimpleSpelling], [F_SortCode], [F_DeleteMark], [F_EnabledMark], [F_Description], [F_CreatorTime], [F_CreatorUserId], [F_LastModifyTime], [F_LastModifyUserId], [F_DeleteTime], [F_DeleteUserId]) VALUES (N'640000', N'0', 1, N'640000', N'宁夏回族自治区', N'nxhzzzq', 640000, NULL, 1, NULL, CAST(0x0000A64900000000 AS DateTime), NULL, NULL, NULL, NULL, NULL)
INSERT [dbo].[Sys_Area] ([F_Id], [F_ParentId], [F_Layers], [F_EnCode], [F_FullName], [F_SimpleSpelling], [F_SortCode], [F_DeleteMark], [F_EnabledMark], [F_Description], [F_CreatorTime], [F_CreatorUserId], [F_LastModifyTime], [F_LastModifyUserId], [F_DeleteTime], [F_DeleteUserId]) VALUES (N'650000', N'0', 1, N'650000', N'新疆维吾尔自治区', N'xjwwezzq', 650000, NULL, 1, NULL, CAST(0x0000A64900000000 AS DateTime), NULL, NULL, NULL, NULL, NULL)
INSERT [dbo].[Sys_Area] ([F_Id], [F_ParentId], [F_Layers], [F_EnCode], [F_FullName], [F_SimpleSpelling], [F_SortCode], [F_DeleteMark], [F_EnabledMark], [F_Description], [F_CreatorTime], [F_CreatorUserId], [F_LastModifyTime], [F_LastModifyUserId], [F_DeleteTime], [F_DeleteUserId]) VALUES (N'810000', N'0', 1, N'810000', N'香港特别行政区', N'xgtbxzq', 810000, NULL, 1, NULL, CAST(0x0000A64900000000 AS DateTime), NULL, NULL, NULL, NULL, NULL)
INSERT [dbo].[Sys_Area] ([F_Id], [F_ParentId], [F_Layers], [F_EnCode], [F_FullName], [F_SimpleSpelling], [F_SortCode], [F_DeleteMark], [F_EnabledMark], [F_Description], [F_CreatorTime], [F_CreatorUserId], [F_LastModifyTime], [F_LastModifyUserId], [F_DeleteTime], [F_DeleteUserId]) VALUES (N'820000', N'0', 1, N'820000', N'澳门特别行政区', N'amtbxzq', 820000, NULL, 1, NULL, CAST(0x0000A64900000000 AS DateTime), NULL, NULL, NULL, NULL, NULL)
INSERT [dbo].[Sys_Area] ([F_Id], [F_ParentId], [F_Layers], [F_EnCode], [F_FullName], [F_SimpleSpelling], [F_SortCode], [F_DeleteMark], [F_EnabledMark], [F_Description], [F_CreatorTime], [F_CreatorUserId], [F_LastModifyTime], [F_LastModifyUserId], [F_DeleteTime], [F_DeleteUserId]) VALUES (N'830000', N'0', 1, N'830000', N'台湾省', N'tws', 830000, NULL, 1, NULL, CAST(0x0000A64900000000 AS DateTime), NULL, NULL, NULL, NULL, NULL)
INSERT [dbo].[Sys_Area] ([F_Id], [F_ParentId], [F_Layers], [F_EnCode], [F_FullName], [F_SimpleSpelling], [F_SortCode], [F_DeleteMark], [F_EnabledMark], [F_Description], [F_CreatorTime], [F_CreatorUserId], [F_LastModifyTime], [F_LastModifyUserId], [F_DeleteTime], [F_DeleteUserId]) VALUES (N'150900', N'150000', 2, N'150900', N'乌兰察布市', N'wlcbs', 150900, NULL, 1, NULL, CAST(0x0000A64900000000 AS DateTime), NULL, NULL, NULL, NULL, NULL)
INSERT [dbo].[Sys_Area] ([F_Id], [F_ParentId], [F_Layers], [F_EnCode], [F_FullName], [F_SimpleSpelling], [F_SortCode], [F_DeleteMark], [F_EnabledMark], [F_Description], [F_CreatorTime], [F_CreatorUserId], [F_LastModifyTime], [F_LastModifyUserId], [F_DeleteTime], [F_DeleteUserId]) VALUES (N'340300', N'340000', 2, N'340300', N'蚌埠市', N'bbs', 340300, NULL, 1, NULL, CAST(0x0000A64900000000 AS DateTime), NULL, NULL, NULL, NULL, NULL)
INSERT [dbo].[Sys_Area] ([F_Id], [F_ParentId], [F_Layers], [F_EnCode], [F_FullName], [F_SimpleSpelling], [F_SortCode], [F_DeleteMark], [F_EnabledMark], [F_Description], [F_CreatorTime], [F_CreatorUserId], [F_LastModifyTime], [F_LastModifyUserId], [F_DeleteTime], [F_DeleteUserId]) VALUES (N'411700', N'410000', 2, N'411700', N'驻马店市', N'zmds', 411700, NULL, 1, NULL, CAST(0x0000A64900000000 AS DateTime), NULL, NULL, NULL, NULL, NULL)
INSERT [dbo].[Sys_Area] ([F_Id], [F_ParentId], [F_Layers], [F_EnCode], [F_FullName], [F_SimpleSpelling], [F_SortCode], [F_DeleteMark], [F_EnabledMark], [F_Description], [F_CreatorTime], [F_CreatorUserId], [F_LastModifyTime], [F_LastModifyUserId], [F_DeleteTime], [F_DeleteUserId]) VALUES (N'510600', N'510000', 2, N'510600', N'德阳市', N'dys', 510600, NULL, 1, NULL, CAST(0x0000A64900000000 AS DateTime), NULL, NULL, NULL, NULL, NULL)
INSERT [dbo].[Sys_Area] ([F_Id], [F_ParentId], [F_Layers], [F_EnCode], [F_FullName], [F_SimpleSpelling], [F_SortCode], [F_DeleteMark], [F_EnabledMark], [F_Description], [F_CreatorTime], [F_CreatorUserId], [F_LastModifyTime], [F_LastModifyUserId], [F_DeleteTime], [F_DeleteUserId]) VALUES (N'620600', N'620000', 2, N'620600', N'武威市', N'wws', 620600, NULL, 1, NULL, CAST(0x0000A64900000000 AS DateTime), NULL, NULL, NULL, NULL, NULL)
INSERT [dbo].[Sys_Area] ([F_Id], [F_ParentId], [F_Layers], [F_EnCode], [F_FullName], [F_SimpleSpelling], [F_SortCode], [F_DeleteMark], [F_EnabledMark], [F_Description], [F_CreatorTime], [F_CreatorUserId], [F_LastModifyTime], [F_LastModifyUserId], [F_DeleteTime], [F_DeleteUserId]) VALUES (N'620700', N'620000', 2, N'620700', N'张掖市', N'zys', 620700, NULL, 1, NULL, CAST(0x0000A64900000000 AS DateTime), NULL, NULL, NULL, NULL, NULL)
INSERT [dbo].[Sys_Area] ([F_Id], [F_ParentId], [F_Layers], [F_EnCode], [F_FullName], [F_SimpleSpelling], [F_SortCode], [F_DeleteMark], [F_EnabledMark], [F_Description], [F_CreatorTime], [F_CreatorUserId], [F_LastModifyTime], [F_LastModifyUserId], [F_DeleteTime], [F_DeleteUserId]) VALUES (N'620800', N'620000', 2, N'620800', N'平凉市', N'pls', 620800, NULL, 1, NULL, CAST(0x0000A64900000000 AS DateTime), NULL, NULL, NULL, NULL, NULL)
INSERT [dbo].[Sys_Area] ([F_Id], [F_ParentId], [F_Layers], [F_EnCode], [F_FullName], [F_SimpleSpelling], [F_SortCode], [F_DeleteMark], [F_EnabledMark], [F_Description], [F_CreatorTime], [F_CreatorUserId], [F_LastModifyTime], [F_LastModifyUserId], [F_DeleteTime], [F_DeleteUserId]) VALUES (N'620900', N'620000', 2, N'620900', N'酒泉市', N'jqs', 620900, NULL, 1, NULL, CAST(0x0000A64900000000 AS DateTime), NULL, NULL, NULL, NULL, NULL)
INSERT [dbo].[Sys_Area] ([F_Id], [F_ParentId], [F_Layers], [F_EnCode], [F_FullName], [F_SimpleSpelling], [F_SortCode], [F_DeleteMark], [F_EnabledMark], [F_Description], [F_CreatorTime], [F_CreatorUserId], [F_LastModifyTime], [F_LastModifyUserId], [F_DeleteTime], [F_DeleteUserId]) VALUES (N'621000', N'620000', 2, N'621000', N'庆阳市', N'qys', 621000, NULL, 1, NULL, CAST(0x0000A64900000000 AS DateTime), NULL, NULL, NULL, NULL, NULL)
INSERT [dbo].[Sys_Area] ([F_Id], [F_ParentId], [F_Layers], [F_EnCode], [F_FullName], [F_SimpleSpelling], [F_SortCode], [F_DeleteMark], [F_EnabledMark], [F_Description], [F_CreatorTime], [F_CreatorUserId], [F_LastModifyTime], [F_LastModifyUserId], [F_DeleteTime], [F_DeleteUserId]) VALUES (N'621100', N'620000', 2, N'621100', N'定西市', N'dxs', 621100, NULL, 1, NULL, CAST(0x0000A64900000000 AS DateTime), NULL, NULL, NULL, NULL, NULL)
INSERT [dbo].[Sys_Area] ([F_Id], [F_ParentId], [F_Layers], [F_EnCode], [F_FullName], [F_SimpleSpelling], [F_SortCode], [F_DeleteMark], [F_EnabledMark], [F_Description], [F_CreatorTime], [F_CreatorUserId], [F_LastModifyTime], [F_LastModifyUserId], [F_DeleteTime], [F_DeleteUserId]) VALUES (N'621200', N'620000', 2, N'621200', N'陇南市', N'lns', 621200, NULL, 1, NULL, CAST(0x0000A64900000000 AS DateTime), NULL, NULL, NULL, NULL, NULL)
INSERT [dbo].[Sys_Area] ([F_Id], [F_ParentId], [F_Layers], [F_EnCode], [F_FullName], [F_SimpleSpelling], [F_SortCode], [F_DeleteMark], [F_EnabledMark], [F_Description], [F_CreatorTime], [F_CreatorUserId], [F_LastModifyTime], [F_LastModifyUserId], [F_DeleteTime], [F_DeleteUserId]) VALUES (N'622900', N'620000', 2, N'622900', N'临夏回族自治州', N'lxhzzzz', 622900, NULL, 1, NULL, CAST(0x0000A64900000000 AS DateTime), NULL, NULL, NULL, NULL, NULL)
INSERT [dbo].[Sys_Area] ([F_Id], [F_ParentId], [F_Layers], [F_EnCode], [F_FullName], [F_SimpleSpelling], [F_SortCode], [F_DeleteMark], [F_EnabledMark], [F_Description], [F_CreatorTime], [F_CreatorUserId], [F_LastModifyTime], [F_LastModifyUserId], [F_DeleteTime], [F_DeleteUserId]) VALUES (N'623000', N'620000', 2, N'623000', N'甘南藏族自治州', N'gnzzzzz', 623000, NULL, 1, NULL, CAST(0x0000A64900000000 AS DateTime), NULL, NULL, NULL, NULL, NULL)
INSERT [dbo].[Sys_Area] ([F_Id], [F_ParentId], [F_Layers], [F_EnCode], [F_FullName], [F_SimpleSpelling], [F_SortCode], [F_DeleteMark], [F_EnabledMark], [F_Description], [F_CreatorTime], [F_CreatorUserId], [F_LastModifyTime], [F_LastModifyUserId], [F_DeleteTime], [F_DeleteUserId]) VALUES (N'630100', N'630000', 2, N'630100', N'西宁市', N'xns', 630100, NULL, 1, NULL, CAST(0x0000A64900000000 AS DateTime), NULL, NULL, NULL, NULL, NULL)
INSERT [dbo].[Sys_Area] ([F_Id], [F_ParentId], [F_Layers], [F_EnCode], [F_FullName], [F_SimpleSpelling], [F_SortCode], [F_DeleteMark], [F_EnabledMark], [F_Description], [F_CreatorTime], [F_CreatorUserId], [F_LastModifyTime], [F_LastModifyUserId], [F_DeleteTime], [F_DeleteUserId]) VALUES (N'632100', N'630000', 2, N'632100', N'海东市', N'hds', 632100, NULL, 1, NULL, CAST(0x0000A64900000000 AS DateTime), NULL, NULL, NULL, NULL, NULL)
INSERT [dbo].[Sys_Area] ([F_Id], [F_ParentId], [F_Layers], [F_EnCode], [F_FullName], [F_SimpleSpelling], [F_SortCode], [F_DeleteMark], [F_EnabledMark], [F_Description], [F_CreatorTime], [F_CreatorUserId], [F_LastModifyTime], [F_LastModifyUserId], [F_DeleteTime], [F_DeleteUserId]) VALUES (N'632200', N'630000', 2, N'632200', N'海北藏族自治州', N'hbzzzzz', 632200, NULL, 1, NULL, CAST(0x0000A64900000000 AS DateTime), NULL, NULL, NULL, NULL, NULL)
INSERT [dbo].[Sys_Area] ([F_Id], [F_ParentId], [F_Layers], [F_EnCode], [F_FullName], [F_SimpleSpelling], [F_SortCode], [F_DeleteMark], [F_EnabledMark], [F_Description], [F_CreatorTime], [F_CreatorUserId], [F_LastModifyTime], [F_LastModifyUserId], [F_DeleteTime], [F_DeleteUserId]) VALUES (N'632300', N'630000', 2, N'632300', N'黄南藏族自治州', N'hnzzzzz', 632300, NULL, 1, NULL, CAST(0x0000A64900000000 AS DateTime), NULL, NULL, NULL, NULL, NULL)
INSERT [dbo].[Sys_Area] ([F_Id], [F_ParentId], [F_Layers], [F_EnCode], [F_FullName], [F_SimpleSpelling], [F_SortCode], [F_DeleteMark], [F_EnabledMark], [F_Description], [F_CreatorTime], [F_CreatorUserId], [F_LastModifyTime], [F_LastModifyUserId], [F_DeleteTime], [F_DeleteUserId]) VALUES (N'632500', N'630000', 2, N'632500', N'海南藏族自治州', N'hnzzzzz', 632500, NULL, 1, NULL, CAST(0x0000A64900000000 AS DateTime), NULL, NULL, NULL, NULL, NULL)
INSERT [dbo].[Sys_Area] ([F_Id], [F_ParentId], [F_Layers], [F_EnCode], [F_FullName], [F_SimpleSpelling], [F_SortCode], [F_DeleteMark], [F_EnabledMark], [F_Description], [F_CreatorTime], [F_CreatorUserId], [F_LastModifyTime], [F_LastModifyUserId], [F_DeleteTime], [F_DeleteUserId]) VALUES (N'632600', N'630000', 2, N'632600', N'果洛藏族自治州', N'glzzzzz', 632600, NULL, 1, NULL, CAST(0x0000A64900000000 AS DateTime), NULL, NULL, NULL, NULL, NULL)
INSERT [dbo].[Sys_Area] ([F_Id], [F_ParentId], [F_Layers], [F_EnCode], [F_FullName], [F_SimpleSpelling], [F_SortCode], [F_DeleteMark], [F_EnabledMark], [F_Description], [F_CreatorTime], [F_CreatorUserId], [F_LastModifyTime], [F_LastModifyUserId], [F_DeleteTime], [F_DeleteUserId]) VALUES (N'632700', N'630000', 2, N'632700', N'玉树藏族自治州', N'yszzzzz', 632700, NULL, 1, NULL, CAST(0x0000A64900000000 AS DateTime), NULL, NULL, NULL, NULL, NULL)
INSERT [dbo].[Sys_Area] ([F_Id], [F_ParentId], [F_Layers], [F_EnCode], [F_FullName], [F_SimpleSpelling], [F_SortCode], [F_DeleteMark], [F_EnabledMark], [F_Description], [F_CreatorTime], [F_CreatorUserId], [F_LastModifyTime], [F_LastModifyUserId], [F_DeleteTime], [F_DeleteUserId]) VALUES (N'632800', N'630000', 2, N'632800', N'海西蒙古族藏族自治州', N'hxmgzzzzzz', 632800, NULL, 1, NULL, CAST(0x0000A64900000000 AS DateTime), NULL, NULL, NULL, NULL, NULL)
INSERT [dbo].[Sys_Area] ([F_Id], [F_ParentId], [F_Layers], [F_EnCode], [F_FullName], [F_SimpleSpelling], [F_SortCode], [F_DeleteMark], [F_EnabledMark], [F_Description], [F_CreatorTime], [F_CreatorUserId], [F_LastModifyTime], [F_LastModifyUserId], [F_DeleteTime], [F_DeleteUserId]) VALUES (N'640100', N'640000', 2, N'640100', N'银川市', N'ycs', 640100, NULL, 1, NULL, CAST(0x0000A64900000000 AS DateTime), NULL, NULL, NULL, NULL, NULL)
INSERT [dbo].[Sys_Area] ([F_Id], [F_ParentId], [F_Layers], [F_EnCode], [F_FullName], [F_SimpleSpelling], [F_SortCode], [F_DeleteMark], [F_EnabledMark], [F_Description], [F_CreatorTime], [F_CreatorUserId], [F_LastModifyTime], [F_LastModifyUserId], [F_DeleteTime], [F_DeleteUserId]) VALUES (N'640200', N'640000', 2, N'640200', N'石嘴山市', N'szss', 640200, NULL, 1, NULL, CAST(0x0000A64900000000 AS DateTime), NULL, NULL, NULL, NULL, NULL)
INSERT [dbo].[Sys_Area] ([F_Id], [F_ParentId], [F_Layers], [F_EnCode], [F_FullName], [F_SimpleSpelling], [F_SortCode], [F_DeleteMark], [F_EnabledMark], [F_Description], [F_CreatorTime], [F_CreatorUserId], [F_LastModifyTime], [F_LastModifyUserId], [F_DeleteTime], [F_DeleteUserId]) VALUES (N'640300', N'640000', 2, N'640300', N'吴忠市', N'wzs', 640300, NULL, 1, NULL, CAST(0x0000A64900000000 AS DateTime), NULL, NULL, NULL, NULL, NULL)
INSERT [dbo].[Sys_Area] ([F_Id], [F_ParentId], [F_Layers], [F_EnCode], [F_FullName], [F_SimpleSpelling], [F_SortCode], [F_DeleteMark], [F_EnabledMark], [F_Description], [F_CreatorTime], [F_CreatorUserId], [F_LastModifyTime], [F_LastModifyUserId], [F_DeleteTime], [F_DeleteUserId]) VALUES (N'640400', N'640000', 2, N'640400', N'固原市', N'gys', 640400, NULL, 1, NULL, CAST(0x0000A64900000000 AS DateTime), NULL, NULL, NULL, NULL, NULL)
INSERT [dbo].[Sys_Area] ([F_Id], [F_ParentId], [F_Layers], [F_EnCode], [F_FullName], [F_SimpleSpelling], [F_SortCode], [F_DeleteMark], [F_EnabledMark], [F_Description], [F_CreatorTime], [F_CreatorUserId], [F_LastModifyTime], [F_LastModifyUserId], [F_DeleteTime], [F_DeleteUserId]) VALUES (N'640500', N'640000', 2, N'640500', N'中卫市', N'zws', 640500, NULL, 1, NULL, CAST(0x0000A64900000000 AS DateTime), NULL, NULL, NULL, NULL, NULL)
INSERT [dbo].[Sys_Area] ([F_Id], [F_ParentId], [F_Layers], [F_EnCode], [F_FullName], [F_SimpleSpelling], [F_SortCode], [F_DeleteMark], [F_EnabledMark], [F_Description], [F_CreatorTime], [F_CreatorUserId], [F_LastModifyTime], [F_LastModifyUserId], [F_DeleteTime], [F_DeleteUserId]) VALUES (N'650100', N'650000', 2, N'650100', N'乌鲁木齐市', N'wlmqs', 650100, NULL, 1, NULL, CAST(0x0000A64900000000 AS DateTime), NULL, NULL, NULL, NULL, NULL)
INSERT [dbo].[Sys_Area] ([F_Id], [F_ParentId], [F_Layers], [F_EnCode], [F_FullName], [F_SimpleSpelling], [F_SortCode], [F_DeleteMark], [F_EnabledMark], [F_Description], [F_CreatorTime], [F_CreatorUserId], [F_LastModifyTime], [F_LastModifyUserId], [F_DeleteTime], [F_DeleteUserId]) VALUES (N'650200', N'650000', 2, N'650200', N'克拉玛依市', N'klmys', 650200, NULL, 1, NULL, CAST(0x0000A64900000000 AS DateTime), NULL, NULL, NULL, NULL, NULL)
INSERT [dbo].[Sys_Area] ([F_Id], [F_ParentId], [F_Layers], [F_EnCode], [F_FullName], [F_SimpleSpelling], [F_SortCode], [F_DeleteMark], [F_EnabledMark], [F_Description], [F_CreatorTime], [F_CreatorUserId], [F_LastModifyTime], [F_LastModifyUserId], [F_DeleteTime], [F_DeleteUserId]) VALUES (N'652100', N'650000', 2, N'652100', N'吐鲁番地区', N'tlfdq', 652100, NULL, 1, NULL, CAST(0x0000A64900000000 AS DateTime), NULL, NULL, NULL, NULL, NULL)
INSERT [dbo].[Sys_Area] ([F_Id], [F_ParentId], [F_Layers], [F_EnCode], [F_FullName], [F_SimpleSpelling], [F_SortCode], [F_DeleteMark], [F_EnabledMark], [F_Description], [F_CreatorTime], [F_CreatorUserId], [F_LastModifyTime], [F_LastModifyUserId], [F_DeleteTime], [F_DeleteUserId]) VALUES (N'652200', N'650000', 2, N'652200', N'哈密地区', N'hmdq', 652200, NULL, 1, NULL, CAST(0x0000A64900000000 AS DateTime), NULL, NULL, NULL, NULL, NULL)
INSERT [dbo].[Sys_Area] ([F_Id], [F_ParentId], [F_Layers], [F_EnCode], [F_FullName], [F_SimpleSpelling], [F_SortCode], [F_DeleteMark], [F_EnabledMark], [F_Description], [F_CreatorTime], [F_CreatorUserId], [F_LastModifyTime], [F_LastModifyUserId], [F_DeleteTime], [F_DeleteUserId]) VALUES (N'652300', N'650000', 2, N'652300', N'昌吉回族自治州', N'cjhzzzz', 652300, NULL, 1, NULL, CAST(0x0000A64900000000 AS DateTime), NULL, NULL, NULL, NULL, NULL)
INSERT [dbo].[Sys_Area] ([F_Id], [F_ParentId], [F_Layers], [F_EnCode], [F_FullName], [F_SimpleSpelling], [F_SortCode], [F_DeleteMark], [F_EnabledMark], [F_Description], [F_CreatorTime], [F_CreatorUserId], [F_LastModifyTime], [F_LastModifyUserId], [F_DeleteTime], [F_DeleteUserId]) VALUES (N'652700', N'650000', 2, N'652700', N'博尔塔拉蒙古自治州', N'betlmgzzz', 652700, NULL, 1, NULL, CAST(0x0000A64900000000 AS DateTime), NULL, NULL, NULL, NULL, NULL)
INSERT [dbo].[Sys_Area] ([F_Id], [F_ParentId], [F_Layers], [F_EnCode], [F_FullName], [F_SimpleSpelling], [F_SortCode], [F_DeleteMark], [F_EnabledMark], [F_Description], [F_CreatorTime], [F_CreatorUserId], [F_LastModifyTime], [F_LastModifyUserId], [F_DeleteTime], [F_DeleteUserId]) VALUES (N'652800', N'650000', 2, N'652800', N'巴音郭楞蒙古自治州', N'byglmgzzz', 652800, NULL, 1, NULL, CAST(0x0000A64900000000 AS DateTime), NULL, NULL, NULL, NULL, NULL)
INSERT [dbo].[Sys_Area] ([F_Id], [F_ParentId], [F_Layers], [F_EnCode], [F_FullName], [F_SimpleSpelling], [F_SortCode], [F_DeleteMark], [F_EnabledMark], [F_Description], [F_CreatorTime], [F_CreatorUserId], [F_LastModifyTime], [F_LastModifyUserId], [F_DeleteTime], [F_DeleteUserId]) VALUES (N'652900', N'650000', 2, N'652900', N'阿克苏地区', N'aksdq', 652900, NULL, 1, NULL, CAST(0x0000A64900000000 AS DateTime), NULL, NULL, NULL, NULL, NULL)
INSERT [dbo].[Sys_Area] ([F_Id], [F_ParentId], [F_Layers], [F_EnCode], [F_FullName], [F_SimpleSpelling], [F_SortCode], [F_DeleteMark], [F_EnabledMark], [F_Description], [F_CreatorTime], [F_CreatorUserId], [F_LastModifyTime], [F_LastModifyUserId], [F_DeleteTime], [F_DeleteUserId]) VALUES (N'653000', N'650000', 2, N'653000', N'克孜勒苏柯尔克孜自治州', N'kzlskekzzzz', 653000, NULL, 1, NULL, CAST(0x0000A64900000000 AS DateTime), NULL, NULL, NULL, NULL, NULL)
INSERT [dbo].[Sys_Area] ([F_Id], [F_ParentId], [F_Layers], [F_EnCode], [F_FullName], [F_SimpleSpelling], [F_SortCode], [F_DeleteMark], [F_EnabledMark], [F_Description], [F_CreatorTime], [F_CreatorUserId], [F_LastModifyTime], [F_LastModifyUserId], [F_DeleteTime], [F_DeleteUserId]) VALUES (N'653100', N'650000', 2, N'653100', N'喀什地区', N'ksdq', 653100, NULL, 1, NULL, CAST(0x0000A64900000000 AS DateTime), NULL, NULL, NULL, NULL, NULL)
INSERT [dbo].[Sys_Area] ([F_Id], [F_ParentId], [F_Layers], [F_EnCode], [F_FullName], [F_SimpleSpelling], [F_SortCode], [F_DeleteMark], [F_EnabledMark], [F_Description], [F_CreatorTime], [F_CreatorUserId], [F_LastModifyTime], [F_LastModifyUserId], [F_DeleteTime], [F_DeleteUserId]) VALUES (N'653200', N'650000', 2, N'653200', N'和田地区', N'htdq', 653200, NULL, 1, NULL, CAST(0x0000A64900000000 AS DateTime), NULL, NULL, NULL, NULL, NULL)
INSERT [dbo].[Sys_Area] ([F_Id], [F_ParentId], [F_Layers], [F_EnCode], [F_FullName], [F_SimpleSpelling], [F_SortCode], [F_DeleteMark], [F_EnabledMark], [F_Description], [F_CreatorTime], [F_CreatorUserId], [F_LastModifyTime], [F_LastModifyUserId], [F_DeleteTime], [F_DeleteUserId]) VALUES (N'654000', N'650000', 2, N'654000', N'伊犁哈萨克自治州', N'ylhskzzz', 654000, NULL, 1, NULL, CAST(0x0000A64900000000 AS DateTime), NULL, NULL, NULL, NULL, NULL)
INSERT [dbo].[Sys_Area] ([F_Id], [F_ParentId], [F_Layers], [F_EnCode], [F_FullName], [F_SimpleSpelling], [F_SortCode], [F_DeleteMark], [F_EnabledMark], [F_Description], [F_CreatorTime], [F_CreatorUserId], [F_LastModifyTime], [F_LastModifyUserId], [F_DeleteTime], [F_DeleteUserId]) VALUES (N'654200', N'650000', 2, N'654200', N'塔城地区', N'tcdq', 654200, NULL, 1, NULL, CAST(0x0000A64900000000 AS DateTime), NULL, NULL, NULL, NULL, NULL)
INSERT [dbo].[Sys_Area] ([F_Id], [F_ParentId], [F_Layers], [F_EnCode], [F_FullName], [F_SimpleSpelling], [F_SortCode], [F_DeleteMark], [F_EnabledMark], [F_Description], [F_CreatorTime], [F_CreatorUserId], [F_LastModifyTime], [F_LastModifyUserId], [F_DeleteTime], [F_DeleteUserId]) VALUES (N'654300', N'650000', 2, N'654300', N'阿勒泰地区', N'altdq', 654300, NULL, 1, NULL, CAST(0x0000A64900000000 AS DateTime), NULL, NULL, NULL, NULL, NULL)
INSERT [dbo].[Sys_Area] ([F_Id], [F_ParentId], [F_Layers], [F_EnCode], [F_FullName], [F_SimpleSpelling], [F_SortCode], [F_DeleteMark], [F_EnabledMark], [F_Description], [F_CreatorTime], [F_CreatorUserId], [F_LastModifyTime], [F_LastModifyUserId], [F_DeleteTime], [F_DeleteUserId]) VALUES (N'810100', N'810000', 2, N'810100', N'香港岛', N'xgd', 810100, NULL, 1, NULL, CAST(0x0000A64900000000 AS DateTime), NULL, NULL, NULL, NULL, NULL)
INSERT [dbo].[Sys_Area] ([F_Id], [F_ParentId], [F_Layers], [F_EnCode], [F_FullName], [F_SimpleSpelling], [F_SortCode], [F_DeleteMark], [F_EnabledMark], [F_Description], [F_CreatorTime], [F_CreatorUserId], [F_LastModifyTime], [F_LastModifyUserId], [F_DeleteTime], [F_DeleteUserId]) VALUES (N'810200', N'810000', 2, N'810200', N'九龙', N'jl', 810200, NULL, 1, NULL, CAST(0x0000A64900000000 AS DateTime), NULL, NULL, NULL, NULL, NULL)
INSERT [dbo].[Sys_Area] ([F_Id], [F_ParentId], [F_Layers], [F_EnCode], [F_FullName], [F_SimpleSpelling], [F_SortCode], [F_DeleteMark], [F_EnabledMark], [F_Description], [F_CreatorTime], [F_CreatorUserId], [F_LastModifyTime], [F_LastModifyUserId], [F_DeleteTime], [F_DeleteUserId]) VALUES (N'810300', N'810000', 2, N'810300', N'新界', N'xj', 810300, NULL, 1, NULL, CAST(0x0000A64900000000 AS DateTime), NULL, NULL, NULL, NULL, NULL)
INSERT [dbo].[Sys_Area] ([F_Id], [F_ParentId], [F_Layers], [F_EnCode], [F_FullName], [F_SimpleSpelling], [F_SortCode], [F_DeleteMark], [F_EnabledMark], [F_Description], [F_CreatorTime], [F_CreatorUserId], [F_LastModifyTime], [F_LastModifyUserId], [F_DeleteTime], [F_DeleteUserId]) VALUES (N'820100', N'820000', 2, N'820100', N'澳门半岛', N'ambd', 820100, NULL, 1, NULL, CAST(0x0000A64900000000 AS DateTime), NULL, NULL, NULL, NULL, NULL)
INSERT [dbo].[Sys_Area] ([F_Id], [F_ParentId], [F_Layers], [F_EnCode], [F_FullName], [F_SimpleSpelling], [F_SortCode], [F_DeleteMark], [F_EnabledMark], [F_Description], [F_CreatorTime], [F_CreatorUserId], [F_LastModifyTime], [F_LastModifyUserId], [F_DeleteTime], [F_DeleteUserId]) VALUES (N'820300', N'820000', 2, N'820300', N'路环岛', N'lhd', 820300, NULL, 1, NULL, CAST(0x0000A64900000000 AS DateTime), NULL, NULL, NULL, NULL, NULL)
INSERT [dbo].[Sys_Area] ([F_Id], [F_ParentId], [F_Layers], [F_EnCode], [F_FullName], [F_SimpleSpelling], [F_SortCode], [F_DeleteMark], [F_EnabledMark], [F_Description], [F_CreatorTime], [F_CreatorUserId], [F_LastModifyTime], [F_LastModifyUserId], [F_DeleteTime], [F_DeleteUserId]) VALUES (N'820400', N'820000', 2, N'820400', N'凼仔岛', N'dzd', 820400, NULL, 1, NULL, CAST(0x0000A64900000000 AS DateTime), NULL, NULL, NULL, NULL, NULL)
INSERT [dbo].[Sys_Area] ([F_Id], [F_ParentId], [F_Layers], [F_EnCode], [F_FullName], [F_SimpleSpelling], [F_SortCode], [F_DeleteMark], [F_EnabledMark], [F_Description], [F_CreatorTime], [F_CreatorUserId], [F_LastModifyTime], [F_LastModifyUserId], [F_DeleteTime], [F_DeleteUserId]) VALUES (N'830100', N'830000', 2, N'830100', N'台北市', N'tbs', 830100, NULL, 1, NULL, CAST(0x0000A64900000000 AS DateTime), NULL, NULL, NULL, NULL, NULL)
INSERT [dbo].[Sys_Area] ([F_Id], [F_ParentId], [F_Layers], [F_EnCode], [F_FullName], [F_SimpleSpelling], [F_SortCode], [F_DeleteMark], [F_EnabledMark], [F_Description], [F_CreatorTime], [F_CreatorUserId], [F_LastModifyTime], [F_LastModifyUserId], [F_DeleteTime], [F_DeleteUserId]) VALUES (N'830200', N'830000', 2, N'830200', N'高雄市', N'gxs', 830200, NULL, 1, NULL, CAST(0x0000A64900000000 AS DateTime), NULL, NULL, NULL, NULL, NULL)
INSERT [dbo].[Sys_Area] ([F_Id], [F_ParentId], [F_Layers], [F_EnCode], [F_FullName], [F_SimpleSpelling], [F_SortCode], [F_DeleteMark], [F_EnabledMark], [F_Description], [F_CreatorTime], [F_CreatorUserId], [F_LastModifyTime], [F_LastModifyUserId], [F_DeleteTime], [F_DeleteUserId]) VALUES (N'830300', N'830000', 2, N'830300', N'台南市', N'tns', 830300, NULL, 1, NULL, CAST(0x0000A64900000000 AS DateTime), NULL, NULL, NULL, NULL, NULL)
INSERT [dbo].[Sys_Area] ([F_Id], [F_ParentId], [F_Layers], [F_EnCode], [F_FullName], [F_SimpleSpelling], [F_SortCode], [F_DeleteMark], [F_EnabledMark], [F_Description], [F_CreatorTime], [F_CreatorUserId], [F_LastModifyTime], [F_LastModifyUserId], [F_DeleteTime], [F_DeleteUserId]) VALUES (N'830400', N'830000', 2, N'830400', N'台中市', N'tzs', 830400, NULL, 1, NULL, CAST(0x0000A64900000000 AS DateTime), NULL, NULL, NULL, NULL, NULL)
INSERT [dbo].[Sys_Area] ([F_Id], [F_ParentId], [F_Layers], [F_EnCode], [F_FullName], [F_SimpleSpelling], [F_SortCode], [F_DeleteMark], [F_EnabledMark], [F_Description], [F_CreatorTime], [F_CreatorUserId], [F_LastModifyTime], [F_LastModifyUserId], [F_DeleteTime], [F_DeleteUserId]) VALUES (N'830500', N'830000', 2, N'830500', N'南投县', N'ntx', 830500, NULL, 1, NULL, CAST(0x0000A64900000000 AS DateTime), NULL, NULL, NULL, NULL, NULL)
INSERT [dbo].[Sys_Area] ([F_Id], [F_ParentId], [F_Layers], [F_EnCode], [F_FullName], [F_SimpleSpelling], [F_SortCode], [F_DeleteMark], [F_EnabledMark], [F_Description], [F_CreatorTime], [F_CreatorUserId], [F_LastModifyTime], [F_LastModifyUserId], [F_DeleteTime], [F_DeleteUserId]) VALUES (N'830600', N'830000', 2, N'830600', N'基隆市', N'jls', 830600, NULL, 1, NULL, CAST(0x0000A64900000000 AS DateTime), NULL, NULL, NULL, NULL, NULL)
INSERT [dbo].[Sys_Area] ([F_Id], [F_ParentId], [F_Layers], [F_EnCode], [F_FullName], [F_SimpleSpelling], [F_SortCode], [F_DeleteMark], [F_EnabledMark], [F_Description], [F_CreatorTime], [F_CreatorUserId], [F_LastModifyTime], [F_LastModifyUserId], [F_DeleteTime], [F_DeleteUserId]) VALUES (N'830700', N'830000', 2, N'830700', N'新竹市', N'xzs', 830700, NULL, 1, NULL, CAST(0x0000A64900000000 AS DateTime), NULL, NULL, NULL, NULL, NULL)
INSERT [dbo].[Sys_Area] ([F_Id], [F_ParentId], [F_Layers], [F_EnCode], [F_FullName], [F_SimpleSpelling], [F_SortCode], [F_DeleteMark], [F_EnabledMark], [F_Description], [F_CreatorTime], [F_CreatorUserId], [F_LastModifyTime], [F_LastModifyUserId], [F_DeleteTime], [F_DeleteUserId]) VALUES (N'830800', N'830000', 2, N'830800', N'嘉义市', N'jys', 830800, NULL, 1, NULL, CAST(0x0000A64900000000 AS DateTime), NULL, NULL, NULL, NULL, NULL)
INSERT [dbo].[Sys_Area] ([F_Id], [F_ParentId], [F_Layers], [F_EnCode], [F_FullName], [F_SimpleSpelling], [F_SortCode], [F_DeleteMark], [F_EnabledMark], [F_Description], [F_CreatorTime], [F_CreatorUserId], [F_LastModifyTime], [F_LastModifyUserId], [F_DeleteTime], [F_DeleteUserId]) VALUES (N'830900', N'830000', 2, N'830900', N'宜兰县', N'ylx', 830900, NULL, 1, NULL, CAST(0x0000A64900000000 AS DateTime), NULL, NULL, NULL, NULL, NULL)
INSERT [dbo].[Sys_Area] ([F_Id], [F_ParentId], [F_Layers], [F_EnCode], [F_FullName], [F_SimpleSpelling], [F_SortCode], [F_DeleteMark], [F_EnabledMark], [F_Description], [F_CreatorTime], [F_CreatorUserId], [F_LastModifyTime], [F_LastModifyUserId], [F_DeleteTime], [F_DeleteUserId]) VALUES (N'831000', N'830000', 2, N'831000', N'新竹县', N'xzx', 831000, NULL, 1, NULL, CAST(0x0000A64900000000 AS DateTime), NULL, NULL, NULL, NULL, NULL)
INSERT [dbo].[Sys_Area] ([F_Id], [F_ParentId], [F_Layers], [F_EnCode], [F_FullName], [F_SimpleSpelling], [F_SortCode], [F_DeleteMark], [F_EnabledMark], [F_Description], [F_CreatorTime], [F_CreatorUserId], [F_LastModifyTime], [F_LastModifyUserId], [F_DeleteTime], [F_DeleteUserId]) VALUES (N'831100', N'830000', 2, N'831100', N'桃园县', N'tyx', 831100, NULL, 1, NULL, CAST(0x0000A64900000000 AS DateTime), NULL, NULL, NULL, NULL, NULL)
INSERT [dbo].[Sys_Area] ([F_Id], [F_ParentId], [F_Layers], [F_EnCode], [F_FullName], [F_SimpleSpelling], [F_SortCode], [F_DeleteMark], [F_EnabledMark], [F_Description], [F_CreatorTime], [F_CreatorUserId], [F_LastModifyTime], [F_LastModifyUserId], [F_DeleteTime], [F_DeleteUserId]) VALUES (N'831200', N'830000', 2, N'831200', N'苗栗县', N'mlx', 831200, NULL, 1, NULL, CAST(0x0000A64900000000 AS DateTime), NULL, NULL, NULL, NULL, NULL)
INSERT [dbo].[Sys_Area] ([F_Id], [F_ParentId], [F_Layers], [F_EnCode], [F_FullName], [F_SimpleSpelling], [F_SortCode], [F_DeleteMark], [F_EnabledMark], [F_Description], [F_CreatorTime], [F_CreatorUserId], [F_LastModifyTime], [F_LastModifyUserId], [F_DeleteTime], [F_DeleteUserId]) VALUES (N'831300', N'830000', 2, N'831300', N'彰化县', N'zhx', 831300, NULL, 1, NULL, CAST(0x0000A64900000000 AS DateTime), NULL, NULL, NULL, NULL, NULL)
INSERT [dbo].[Sys_Area] ([F_Id], [F_ParentId], [F_Layers], [F_EnCode], [F_FullName], [F_SimpleSpelling], [F_SortCode], [F_DeleteMark], [F_EnabledMark], [F_Description], [F_CreatorTime], [F_CreatorUserId], [F_LastModifyTime], [F_LastModifyUserId], [F_DeleteTime], [F_DeleteUserId]) VALUES (N'831400', N'830000', 2, N'831400', N'嘉义县', N'jyx', 831400, NULL, 1, NULL, CAST(0x0000A64900000000 AS DateTime), NULL, NULL, NULL, NULL, NULL)
INSERT [dbo].[Sys_Area] ([F_Id], [F_ParentId], [F_Layers], [F_EnCode], [F_FullName], [F_SimpleSpelling], [F_SortCode], [F_DeleteMark], [F_EnabledMark], [F_Description], [F_CreatorTime], [F_CreatorUserId], [F_LastModifyTime], [F_LastModifyUserId], [F_DeleteTime], [F_DeleteUserId]) VALUES (N'831500', N'830000', 2, N'831500', N'云林县', N'ylx', 831500, NULL, 1, NULL, CAST(0x0000A64900000000 AS DateTime), NULL, NULL, NULL, NULL, NULL)
INSERT [dbo].[Sys_Area] ([F_Id], [F_ParentId], [F_Layers], [F_EnCode], [F_FullName], [F_SimpleSpelling], [F_SortCode], [F_DeleteMark], [F_EnabledMark], [F_Description], [F_CreatorTime], [F_CreatorUserId], [F_LastModifyTime], [F_LastModifyUserId], [F_DeleteTime], [F_DeleteUserId]) VALUES (N'831600', N'830000', 2, N'831600', N'屏东县', N'pdx', 831600, NULL, 1, NULL, CAST(0x0000A64900000000 AS DateTime), NULL, NULL, NULL, NULL, NULL)
INSERT [dbo].[Sys_Area] ([F_Id], [F_ParentId], [F_Layers], [F_EnCode], [F_FullName], [F_SimpleSpelling], [F_SortCode], [F_DeleteMark], [F_EnabledMark], [F_Description], [F_CreatorTime], [F_CreatorUserId], [F_LastModifyTime], [F_LastModifyUserId], [F_DeleteTime], [F_DeleteUserId]) VALUES (N'831700', N'830000', 2, N'831700', N'台东县', N'tdx', 831700, NULL, 1, NULL, CAST(0x0000A64900000000 AS DateTime), NULL, NULL, NULL, NULL, NULL)
INSERT [dbo].[Sys_Area] ([F_Id], [F_ParentId], [F_Layers], [F_EnCode], [F_FullName], [F_SimpleSpelling], [F_SortCode], [F_DeleteMark], [F_EnabledMark], [F_Description], [F_CreatorTime], [F_CreatorUserId], [F_LastModifyTime], [F_LastModifyUserId], [F_DeleteTime], [F_DeleteUserId]) VALUES (N'831800', N'830000', 2, N'831800', N'花莲县', N'hlx', 831800, NULL, 1, NULL, CAST(0x0000A64900000000 AS DateTime), NULL, NULL, NULL, NULL, NULL)
INSERT [dbo].[Sys_Area] ([F_Id], [F_ParentId], [F_Layers], [F_EnCode], [F_FullName], [F_SimpleSpelling], [F_SortCode], [F_DeleteMark], [F_EnabledMark], [F_Description], [F_CreatorTime], [F_CreatorUserId], [F_LastModifyTime], [F_LastModifyUserId], [F_DeleteTime], [F_DeleteUserId]) VALUES (N'831900', N'830000', 2, N'831900', N'澎湖县', N'phx', 831900, NULL, 1, NULL, CAST(0x0000A64900000000 AS DateTime), NULL, NULL, NULL, NULL, NULL)
INSERT [dbo].[Sys_Area] ([F_Id], [F_ParentId], [F_Layers], [F_EnCode], [F_FullName], [F_SimpleSpelling], [F_SortCode], [F_DeleteMark], [F_EnabledMark], [F_Description], [F_CreatorTime], [F_CreatorUserId], [F_LastModifyTime], [F_LastModifyUserId], [F_DeleteTime], [F_DeleteUserId]) VALUES (N'832000', N'830000', 2, N'832000', N'新北市', N'xbs', 832000, NULL, 1, NULL, CAST(0x0000A64900000000 AS DateTime), NULL, NULL, NULL, NULL, NULL)
INSERT [dbo].[Sys_Area] ([F_Id], [F_ParentId], [F_Layers], [F_EnCode], [F_FullName], [F_SimpleSpelling], [F_SortCode], [F_DeleteMark], [F_EnabledMark], [F_Description], [F_CreatorTime], [F_CreatorUserId], [F_LastModifyTime], [F_LastModifyUserId], [F_DeleteTime], [F_DeleteUserId]) VALUES (N'832100', N'830000', 2, N'832100', N'台中县', N'tzx', 832100, NULL, 1, NULL, CAST(0x0000A64900000000 AS DateTime), NULL, NULL, NULL, NULL, NULL)
INSERT [dbo].[Sys_Area] ([F_Id], [F_ParentId], [F_Layers], [F_EnCode], [F_FullName], [F_SimpleSpelling], [F_SortCode], [F_DeleteMark], [F_EnabledMark], [F_Description], [F_CreatorTime], [F_CreatorUserId], [F_LastModifyTime], [F_LastModifyUserId], [F_DeleteTime], [F_DeleteUserId]) VALUES (N'832200', N'830000', 2, N'832200', N'连江县', N'ljx', 832200, NULL, 1, NULL, CAST(0x0000A64900000000 AS DateTime), NULL, NULL, NULL, NULL, NULL)
INSERT [dbo].[Sys_Area] ([F_Id], [F_ParentId], [F_Layers], [F_EnCode], [F_FullName], [F_SimpleSpelling], [F_SortCode], [F_DeleteMark], [F_EnabledMark], [F_Description], [F_CreatorTime], [F_CreatorUserId], [F_LastModifyTime], [F_LastModifyUserId], [F_DeleteTime], [F_DeleteUserId]) VALUES (N'110100', N'110000', 2, N'110100', N'北京市', N'bjs', 110100, NULL, 1, NULL, CAST(0x0000A64900000000 AS DateTime), NULL, NULL, NULL, NULL, NULL)
